"ID","Income","Children","Cars","Age","target","Marital Status = Married","Marital Status = Single","Gender = Female","Gender = Male","Education = Bachelors","Education = Partial College","Education = High School","Education = Partial High School","Education = Graduate Degree","Occupation = Skilled Manual","Occupation = Clerical","Occupation = Professional","Occupation = Management","Home Owner = Yes","Home Owner = No","Commute Distance = 0-1 Miles","Commute Distance = 2-5 Miles","Commute Distance = 5-10 Miles","Commute Distance = 1-2 Miles","Commute Distance = 10+ Miles","Region = Pacific","Region = North America"
-1.3969563285194149,-0.5192781234516669,-0.5583934633584997,-1.2910053888216928,-0.1928914308084223,"No",0.9243550627349376,-0.9243550627349376,1.0176557462730738,-1.017655746273074,1.5052261897644954,-0.6001530417063533,-0.4666998712158976,-0.28665106169144244,-0.4587407756823103,1.7084048287286975,-0.4635210479006337,-0.6171176987768593,-0.4571440177477062,0.6777862204146242,-0.6777862204146242,1.3154878170174407,-0.4394588774981491,-0.4872228839185013,-0.45073946463777664,-0.35317776428217007,-0.4872228839185013,-1.0156218808582498
0.7744060946851788,-0.8410117811044965,0.6715480858892972,-0.4018832202117115,-0.10481315190046682,"No",0.9243550627349376,-0.9243550627349376,-0.9816679202752047,0.9816679202752049,-0.6636876283399649,1.6645754175629042,-0.4666998712158976,-0.28665106169144244,-0.4587407756823103,-0.58475601520244,2.1552419345888225,-0.6171176987768593,-0.4571440177477062,0.6777862204146242,-0.6777862204146242,1.3154878170174407,-0.4394588774981491,-0.4872228839185013,-0.45073946463777664,-0.35317776428217007,-0.4872228839185013,-1.0156218808582498
-1.0825940657163038,0.7676565071596513,1.901489635137094,0.4872389483982698,1.3925175895347763,"No",0.9243550627349376,-0.9243550627349376,-0.9816679202752047,0.9816679202752049,-0.6636876283399649,1.6645754175629042,-0.4666998712158976,-0.28665106169144244,-0.4587407756823103,-0.58475601520244,-0.4635210479006337,1.6188159924436452,-0.4571440177477062,-1.473916066615929,1.473916066615929,-0.7594141025684279,2.273250242860796,-0.4872228839185013,-0.45073946463777664,-0.35317776428217007,-0.4872228839185013,-1.0156218808582498
0.8256465824948471,0.44592284950682176,-1.173364237982398,-0.4018832202117115,-0.2809697097163778,"Yes",-1.080753533219374,1.0807535332193738,-0.9816679202752047,0.9816679202752049,1.5052261897644954,-0.6001530417063533,-0.4666998712158976,-0.28665106169144244,-0.4587407756823103,-0.58475601520244,-0.4635210479006337,1.6188159924436452,-0.4571440177477062,0.6777862204146242,-0.6777862204146242,-0.7594141025684279,-0.4394588774981491,2.0503963031570267,-0.45073946463777664,-0.35317776428217007,2.0503963031570267,-1.0156218808582498
1.0530496232851998,-0.8410117811044965,-1.173364237982398,-1.2910053888216928,-0.7213611042561552,"Yes",-1.080753533219374,1.0807535332193738,-0.9816679202752047,0.9816679202752049,1.5052261897644954,-0.6001530417063533,-0.4666998712158976,-0.28665106169144244,-0.4587407756823103,-0.58475601520244,2.1552419345888225,-0.6171176987768593,-0.4571440177477062,-1.473916066615929,1.473916066615929,1.3154878170174407,-0.4394588774981491,-0.4872228839185013,-0.45073946463777664,-0.35317776428217007,-0.4872228839185013,-1.0156218808582498
-1.2078901490465146,-1.4844790964101555,0.05657731126539871,-1.2910053888216928,0.5117348004552216,"No",0.9243550627349376,-0.9243550627349376,1.0176557462730738,-1.017655746273074,-0.6636876283399649,1.6645754175629042,-0.4666998712158976,-0.28665106169144244,-0.4587407756823103,-0.58475601520244,-0.4635210479006337,-0.6171176987768593,-0.4571440177477062,0.6777862204146242,-0.6777862204146242,-0.7594141025684279,-0.4394588774981491,-0.4872228839185013,2.2163579592543923,-0.35317776428217007,-0.4872228839185013,-1.0156218808582498
1.4975702054880522,3.341525768382288,0.05657731126539871,2.2654832856182323,-0.9855959409800217,"Yes",-1.080753533219374,1.0807535332193738,-0.9816679202752047,0.9816679202752049,-0.6636876283399649,-0.6001530417063533,2.1405619791522454,-0.28665106169144244,-0.4587407756823103,-0.58475601520244,-0.4635210479006337,-0.6171176987768593,2.185306951892214,0.6777862204146242,-0.6777862204146242,1.3154878170174407,-0.4394588774981491,-0.4872228839185013,-0.45073946463777664,-0.35317776428217007,2.0503963031570267,-1.0156218808582498
-0.11257796984495531,-0.5192781234516669,-0.5583934633584997,-1.2910053888216928,-0.10481315190046682,"Yes",0.9243550627349376,-0.9243550627349376,-0.9816679202752047,0.9816679202752049,1.5052261897644954,-0.6001530417063533,-0.4666998712158976,-0.28665106169144244,-0.4587407756823103,1.7084048287286975,-0.4635210479006337,-0.6171176987768593,-0.4571440177477062,0.6777862204146242,-0.6777862204146242,1.3154878170174407,-0.4394588774981491,-0.4872228839185013,-0.45073946463777664,-0.35317776428217007,-0.4872228839185013,-1.0156218808582498
0.4093643713111915,-1.162745438757326,0.05657731126539871,0.4872389483982698,1.2163610317188653,"No",0.9243550627349376,-0.9243550627349376,-0.9816679202752047,0.9816679202752049,-0.6636876283399649,-0.6001530417063533,-0.4666998712158976,3.48507343424859,-0.4587407756823103,-0.58475601520244,2.1552419345888225,-0.6171176987768593,-0.4571440177477062,0.6777862204146242,-0.6777862204146242,-0.7594141025684279,-0.4394588774981491,2.0503963031570267,-0.45073946463777664,-0.35317776428217007,2.0503963031570267,-1.0156218808582498
-0.12828673253113101,-1.162745438757326,0.05657731126539871,-0.4018832202117115,0.3355782426393106,"Yes",0.9243550627349376,-0.9243550627349376,-0.9816679202752047,0.9816679202752049,-0.6636876283399649,1.6645754175629042,-0.4666998712158976,-0.28665106169144244,-0.4587407756823103,-0.58475601520244,-0.4635210479006337,-0.6171176987768593,-0.4571440177477062,0.6777862204146242,-0.6777862204146242,1.3154878170174407,-0.4394588774981491,-0.4872228839185013,-0.45073946463777664,-0.35317776428217007,-0.4872228839185013,-1.0156218808582498
0.41273053474394344,-0.8410117811044965,0.6715480858892972,0.4872389483982698,0.8640479160870435,"Yes",0.9243550627349376,-0.9243550627349376,1.0176557462730738,-1.017655746273074,-0.6636876283399649,-0.6001530417063533,2.1405619791522454,-0.28665106169144244,-0.4587407756823103,1.7084048287286975,-0.4635210479006337,-0.6171176987768593,-0.4571440177477062,-1.473916066615929,1.473916066615929,-0.7594141025684279,-0.4394588774981491,-0.4872228839185013,2.2163579592543923,-0.35317776428217007,2.0503963031570267,-1.0156218808582498
-1.3593675035203516,1.0893901648124809,-1.173364237982398,2.2654832856182323,-0.7213611042561552,"No",-1.080753533219374,1.0807535332193738,1.0176557462730738,-1.017655746273074,1.5052261897644954,-0.6001530417063533,-0.4666998712158976,-0.28665106169144244,-0.4587407756823103,-0.58475601520244,-0.4635210479006337,1.6188159924436452,-0.4571440177477062,-1.473916066615929,1.473916066615929,-0.7594141025684279,-0.4394588774981491,-0.4872228839185013,-0.45073946463777664,2.8286038959175603,2.0503963031570267,-1.0156218808582498
-1.5955599710517787,3.6632594260351174,1.901489635137094,2.2654832856182323,0.952126194994999,"No",0.9243550627349376,-0.9243550627349376,-0.9816679202752047,0.9816679202752049,-0.6636876283399649,1.6645754175629042,-0.4666998712158976,-0.28665106169144244,-0.4587407756823103,-0.58475601520244,-0.4635210479006337,1.6188159924436452,-0.4571440177477062,0.6777862204146242,-0.6777862204146242,1.3154878170174407,-0.4394588774981491,-0.4872228839185013,-0.45073946463777664,-0.35317776428217007,-0.4872228839185013,-1.0156218808582498
1.0018091354755316,-0.5192781234516669,0.05657731126539871,-0.4018832202117115,-0.8094393831641107,"Yes",0.9243550627349376,-0.9243550627349376,-0.9816679202752047,0.9816679202752049,-0.6636876283399649,1.6645754175629042,-0.4666998712158976,-0.28665106169144244,-0.4587407756823103,-0.58475601520244,2.1552419345888225,-0.6171176987768593,-0.4571440177477062,0.6777862204146242,-0.6777862204146242,-0.7594141025684279,-0.4394588774981491,-0.4872228839185013,2.2163579592543923,-0.35317776428217007,-0.4872228839185013,-1.0156218808582498
0.6687459647126877,0.1241891918539922,-0.5583934633584997,-0.4018832202117115,0.07134340591544414,"Yes",-1.080753533219374,1.0807535332193738,-0.9816679202752047,0.9816679202752049,-0.6636876283399649,1.6645754175629042,-0.4666998712158976,-0.28665106169144244,-0.4587407756823103,1.7084048287286975,-0.4635210479006337,-0.6171176987768593,-0.4571440177477062,-1.473916066615929,1.473916066615929,1.3154878170174407,-0.4394588774981491,-0.4872228839185013,-0.45073946463777664,-0.35317776428217007,2.0503963031570267,-1.0156218808582498
0.16905770402862302,-1.4844790964101555,0.05657731126539871,-0.4018832202117115,-0.5452045464402442,"Yes",-1.080753533219374,1.0807535332193738,1.0176557462730738,-1.017655746273074,-0.6636876283399649,-0.6001530417063533,2.1405619791522454,-0.28665106169144244,-0.4587407756823103,-0.58475601520244,-0.4635210479006337,-0.6171176987768593,-0.4571440177477062,0.6777862204146242,-0.6777862204146242,1.3154878170174407,-0.4394588774981491,-0.4872228839185013,-0.45073946463777664,-0.35317776428217007,-0.4872228839185013,-1.0156218808582498
0.6264819127236911,-0.8410117811044965,0.6715480858892972,0.4872389483982698,1.3044393106268208,"Yes",-1.080753533219374,1.0807535332193738,-0.9816679202752047,0.9816679202752049,-0.6636876283399649,1.6645754175629042,-0.4666998712158976,-0.28665106169144244,-0.4587407756823103,-0.58475601520244,2.1552419345888225,-0.6171176987768593,-0.4571440177477062,-1.473916066615929,1.473916066615929,-0.7594141025684279,-0.4394588774981491,-0.4872228839185013,2.2163579592543923,-0.35317776428217007,2.0503963031570267,-1.0156218808582498
-1.3756372934453192,-0.8410117811044965,-0.5583934633584997,-1.2910053888216928,0.2474999637313551,"No",0.9243550627349376,-0.9243550627349376,1.0176557462730738,-1.017655746273074,1.5052261897644954,-0.6001530417063533,-0.4666998712158976,-0.28665106169144244,-0.4587407756823103,-0.58475601520244,2.1552419345888225,-0.6171176987768593,-0.4571440177477062,0.6777862204146242,-0.6777862204146242,1.3154878170174407,-0.4394588774981491,-0.4872228839185013,-0.45073946463777664,-0.35317776428217007,-0.4872228839185013,-1.0156218808582498
1.3496460235265646,-0.5192781234516669,0.05657731126539871,-0.4018832202117115,-0.8094393831641107,"Yes",-1.080753533219374,1.0807535332193738,-0.9816679202752047,0.9816679202752049,-0.6636876283399649,1.6645754175629042,-0.4666998712158976,-0.28665106169144244,-0.4587407756823103,-0.58475601520244,2.1552419345888225,-0.6171176987768593,-0.4571440177477062,0.6777862204146242,-0.6777862204146242,-0.7594141025684279,-0.4394588774981491,-0.4872228839185013,2.2163579592543923,-0.35317776428217007,-0.4872228839185013,-1.0156218808582498
1.117193737587084,-1.162745438757326,0.05657731126539871,0.4872389483982698,0.952126194994999,"Yes",-1.080753533219374,1.0807535332193738,-0.9816679202752047,0.9816679202752049,-0.6636876283399649,-0.6001530417063533,-0.4666998712158976,3.48507343424859,-0.4587407756823103,-0.58475601520244,2.1552419345888225,-0.6171176987768593,-0.4571440177477062,0.6777862204146242,-0.6777862204146242,-0.7594141025684279,-0.4394588774981491,2.0503963031570267,-0.45073946463777664,-0.35317776428217007,2.0503963031570267,-1.0156218808582498
1.0532366323647973,-0.5192781234516669,-1.173364237982398,-1.2910053888216928,-0.7213611042561552,"Yes",0.9243550627349376,-0.9243550627349376,1.0176557462730738,-1.017655746273074,-0.6636876283399649,-0.6001530417063533,-0.4666998712158976,-0.28665106169144244,2.1777004638711976,-0.58475601520244,2.1552419345888225,-0.6171176987768593,-0.4571440177477062,0.6777862204146242,-0.6777862204146242,1.3154878170174407,-0.4394588774981491,-0.4872228839185013,-0.45073946463777664,-0.35317776428217007,-0.4872228839185013,-1.0156218808582498
0.2988420052691697,0.7676565071596513,-1.173364237982398,2.2654832856182323,-0.8094393831641107,"No",-1.080753533219374,1.0807535332193738,1.0176557462730738,-1.017655746273074,1.5052261897644954,-0.6001530417063533,-0.4666998712158976,-0.28665106169144244,-0.4587407756823103,-0.58475601520244,-0.4635210479006337,1.6188159924436452,-0.4571440177477062,0.6777862204146242,-0.6777862204146242,-0.7594141025684279,-0.4394588774981491,-0.4872228839185013,-0.45073946463777664,2.8286038959175603,2.0503963031570267,-1.0156218808582498
-0.14455652245609868,-0.5192781234516669,0.05657731126539871,-1.2910053888216928,-0.8094393831641107,"Yes",-1.080753533219374,1.0807535332193738,-0.9816679202752047,0.9816679202752049,-0.6636876283399649,1.6645754175629042,-0.4666998712158976,-0.28665106169144244,-0.4587407756823103,-0.58475601520244,2.1552419345888225,-0.6171176987768593,-0.4571440177477062,0.6777862204146242,-0.6777862204146242,-0.7594141025684279,-0.4394588774981491,-0.4872228839185013,2.2163579592543923,-0.35317776428217007,-0.4872228839185013,-1.0156218808582498
1.2054620231570234,0.7676565071596513,1.901489635137094,1.376361117008251,1.0402044739029543,"No",0.9243550627349376,-0.9243550627349376,1.0176557462730738,-1.017655746273074,-0.6636876283399649,-0.6001530417063533,2.1405619791522454,-0.28665106169144244,-0.4587407756823103,-0.58475601520244,-0.4635210479006337,-0.6171176987768593,2.185306951892214,-1.473916066615929,1.473916066615929,-0.7594141025684279,-0.4394588774981491,2.0503963031570267,-0.45073946463777664,-0.35317776428217007,-0.4872228839185013,-1.0156218808582498
1.3498330326061618,-0.5192781234516669,0.05657731126539871,-0.4018832202117115,-0.8975176620720662,"No",-1.080753533219374,1.0807535332193738,-0.9816679202752047,0.9816679202752049,-0.6636876283399649,1.6645754175629042,-0.4666998712158976,-0.28665106169144244,-0.4587407756823103,-0.58475601520244,2.1552419345888225,-0.6171176987768593,-0.4571440177477062,-1.473916066615929,1.473916066615929,1.3154878170174407,-0.4394588774981491,-0.4872228839185013,-0.45073946463777664,-0.35317776428217007,-0.4872228839185013,-1.0156218808582498
-1.3793774750372658,-0.8410117811044965,-0.5583934633584997,-1.2910053888216928,1.6567524262586428,"No",-1.080753533219374,1.0807535332193738,-0.9816679202752047,0.9816679202752049,1.5052261897644954,-0.6001530417063533,-0.4666998712158976,-0.28665106169144244,-0.4587407756823103,-0.58475601520244,2.1552419345888225,-0.6171176987768593,-0.4571440177477062,0.6777862204146242,-0.6777862204146242,1.3154878170174407,-0.4394588774981491,-0.4872228839185013,-0.45073946463777664,-0.35317776428217007,-0.4872228839185013,-1.0156218808582498
-0.39739279807168826,-0.8410117811044965,-1.173364237982398,-0.4018832202117115,-1.3379090566118435,"Yes",-1.080753533219374,1.0807535332193738,-0.9816679202752047,0.9816679202752049,-0.6636876283399649,1.6645754175629042,-0.4666998712158976,-0.28665106169144244,-0.4587407756823103,-0.58475601520244,2.1552419345888225,-0.6171176987768593,-0.4571440177477062,-1.473916066615929,1.473916066615929,1.3154878170174407,-0.4394588774981491,-0.4872228839185013,-0.45073946463777664,-0.35317776428217007,-0.4872228839185013,-1.0156218808582498
-0.3147347848896686,1.4111238224653104,-1.173364237982398,-0.4018832202117115,-0.36904798862433325,"No",-1.080753533219374,1.0807535332193738,1.0176557462730738,-1.017655746273074,1.5052261897644954,-0.6001530417063533,-0.4666998712158976,-0.28665106169144244,-0.4587407756823103,-0.58475601520244,-0.4635210479006337,1.6188159924436452,-0.4571440177477062,-1.473916066615929,1.473916066615929,-0.7594141025684279,-0.4394588774981491,2.0503963031570267,-0.45073946463777664,-0.35317776428217007,2.0503963031570267,-1.0156218808582498
-0.3117426396161113,0.44592284950682176,1.901489635137094,0.4872389483982698,-0.016734872992511342,"No",0.9243550627349376,-0.9243550627349376,-0.9816679202752047,0.9816679202752049,-0.6636876283399649,1.6645754175629042,-0.4666998712158976,-0.28665106169144244,-0.4587407756823103,1.7084048287286975,-0.4635210479006337,-0.6171176987768593,-0.4571440177477062,0.6777862204146242,-0.6777862204146242,-0.7594141025684279,-0.4394588774981491,2.0503963031570267,-0.45073946463777664,-0.35317776428217007,2.0503963031570267,-1.0156218808582498
-0.6545302825180164,-1.162745438757326,-1.173364237982398,0.4872389483982698,-1.0736742198879772,"Yes",-1.080753533219374,1.0807535332193738,1.0176557462730738,-1.017655746273074,-0.6636876283399649,-0.6001530417063533,-0.4666998712158976,3.48507343424859,-0.4587407756823103,-0.58475601520244,-0.4635210479006337,-0.6171176987768593,-0.4571440177477062,-1.473916066615929,1.473916066615929,1.3154878170174407,-0.4394588774981491,-0.4872228839185013,-0.45073946463777664,-0.35317776428217007,-0.4872228839185013,-1.0156218808582498
-0.12959579608831232,-1.162745438757326,0.05657731126539871,-1.2910053888216928,1.6567524262586428,"No",0.9243550627349376,-0.9243550627349376,1.0176557462730738,-1.017655746273074,-0.6636876283399649,1.6645754175629042,-0.4666998712158976,-0.28665106169144244,-0.4587407756823103,-0.58475601520244,-0.4635210479006337,-0.6171176987768593,-0.4571440177477062,0.6777862204146242,-0.6777862204146242,1.3154878170174407,-0.4394588774981491,-0.4872228839185013,-0.45073946463777664,-0.35317776428217007,-0.4872228839185013,-1.0156218808582498
0.45518159581253725,-1.4844790964101555,-1.173364237982398,-0.4018832202117115,-1.60214389333571,"Yes",0.9243550627349376,-0.9243550627349376,-0.9816679202752047,0.9816679202752049,-0.6636876283399649,1.6645754175629042,-0.4666998712158976,-0.28665106169144244,-0.4587407756823103,-0.58475601520244,-0.4635210479006337,-0.6171176987768593,-0.4571440177477062,-1.473916066615929,1.473916066615929,1.3154878170174407,-0.4394588774981491,-0.4872228839185013,-0.45073946463777664,-0.35317776428217007,2.0503963031570267,-1.0156218808582498
0.18252235775963074,-1.162745438757326,-1.173364237982398,-0.4018832202117115,-1.1617524987959327,"No",-1.080753533219374,1.0807535332193738,1.0176557462730738,-1.017655746273074,-0.6636876283399649,-0.6001530417063533,2.1405619791522454,-0.28665106169144244,-0.4587407756823103,-0.58475601520244,-0.4635210479006337,-0.6171176987768593,-0.4571440177477062,-1.473916066615929,1.473916066615929,-0.7594141025684279,-0.4394588774981491,2.0503963031570267,-0.45073946463777664,-0.35317776428217007,-0.4872228839185013,-1.0156218808582498
-0.27714595989060536,0.7676565071596513,0.05657731126539871,0.4872389483982698,0.5117348004552216,"Yes",-1.080753533219374,1.0807535332193738,-0.9816679202752047,0.9816679202752049,-0.6636876283399649,-0.6001530417063533,2.1405619791522454,-0.28665106169144244,-0.4587407756823103,1.7084048287286975,-0.4635210479006337,-0.6171176987768593,-0.4571440177477062,-1.473916066615929,1.473916066615929,-0.7594141025684279,-0.4394588774981491,-0.4872228839185013,2.2163579592543923,-0.35317776428217007,2.0503963031570267,-1.0156218808582498
-1.4352931898368673,1.0893901648124809,1.901489635137094,0.4872389483982698,1.5686741473506873,"Yes",-1.080753533219374,1.0807535332193738,-0.9816679202752047,0.9816679202752049,-0.6636876283399649,1.6645754175629042,-0.4666998712158976,-0.28665106169144244,-0.4587407756823103,-0.58475601520244,-0.4635210479006337,1.6188159924436452,-0.4571440177477062,-1.473916066615929,1.473916066615929,-0.7594141025684279,2.273250242860796,-0.4872228839185013,-0.45073946463777664,-0.35317776428217007,-0.4872228839185013,-1.0156218808582498
1.573495891804568,-1.4844790964101555,1.901489635137094,0.4872389483982698,-0.2809697097163778,"No",-1.080753533219374,1.0807535332193738,1.0176557462730738,-1.017655746273074,-0.6636876283399649,-0.6001530417063533,-0.4666998712158976,3.48507343424859,-0.4587407756823103,-0.58475601520244,-0.4635210479006337,-0.6171176987768593,-0.4571440177477062,-1.473916066615929,1.473916066615929,1.3154878170174407,-0.4394588774981491,-0.4872228839185013,-0.45073946463777664,-0.35317776428217007,-0.4872228839185013,-1.0156218808582498
-0.38804234409182176,-1.4844790964101555,0.05657731126539871,-0.4018832202117115,0.5117348004552216,"Yes",0.9243550627349376,-0.9243550627349376,1.0176557462730738,-1.017655746273074,-0.6636876283399649,1.6645754175629042,-0.4666998712158976,-0.28665106169144244,-0.4587407756823103,-0.58475601520244,-0.4635210479006337,-0.6171176987768593,-0.4571440177477062,0.6777862204146242,-0.6777862204146242,1.3154878170174407,-0.4394588774981491,-0.4872228839185013,-0.45073946463777664,-0.35317776428217007,-0.4872228839185013,-1.0156218808582498
1.4710149161852315,-0.8410117811044965,-1.173364237982398,-0.4018832202117115,-1.2498307777038882,"No",-1.080753533219374,1.0807535332193738,1.0176557462730738,-1.017655746273074,-0.6636876283399649,1.6645754175629042,-0.4666998712158976,-0.28665106169144244,-0.4587407756823103,-0.58475601520244,2.1552419345888225,-0.6171176987768593,-0.4571440177477062,-1.473916066615929,1.473916066615929,-0.7594141025684279,2.273250242860796,-0.4872228839185013,-0.45073946463777664,-0.35317776428217007,-0.4872228839185013,-1.0156218808582498
1.289803118055419,-1.162745438757326,-1.173364237982398,-0.4018832202117115,-1.425987335519799,"No",-1.080753533219374,1.0807535332193738,-0.9816679202752047,0.9816679202752049,-0.6636876283399649,-0.6001530417063533,2.1405619791522454,-0.28665106169144244,-0.4587407756823103,-0.58475601520244,-0.4635210479006337,-0.6171176987768593,-0.4571440177477062,-1.473916066615929,1.473916066615929,-0.7594141025684279,2.273250242860796,-0.4872228839185013,-0.45073946463777664,-0.35317776428217007,-0.4872228839185013,-1.0156218808582498
-0.6932411619946637,-1.4844790964101555,1.2865188605131956,0.4872389483982698,-0.36904798862433325,"Yes",-1.080753533219374,1.0807535332193738,1.0176557462730738,-1.017655746273074,-0.6636876283399649,-0.6001530417063533,-0.4666998712158976,3.48507343424859,-0.4587407756823103,-0.58475601520244,-0.4635210479006337,-0.6171176987768593,-0.4571440177477062,0.6777862204146242,-0.6777862204146242,1.3154878170174407,-0.4394588774981491,-0.4872228839185013,-0.45073946463777664,-0.35317776428217007,-0.4872228839185013,-1.0156218808582498
1.4655916528769088,-0.8410117811044965,0.05657731126539871,-1.2910053888216928,-0.10481315190046682,"No",-1.080753533219374,1.0807535332193738,1.0176557462730738,-1.017655746273074,-0.6636876283399649,1.6645754175629042,-0.4666998712158976,-0.28665106169144244,-0.4587407756823103,-0.58475601520244,2.1552419345888225,-0.6171176987768593,-0.4571440177477062,-1.473916066615929,1.473916066615929,1.3154878170174407,-0.4394588774981491,-0.4872228839185013,-0.45073946463777664,-0.35317776428217007,-0.4872228839185013,-1.0156218808582498
-1.0508025221847577,-0.5192781234516669,0.05657731126539871,0.4872389483982698,1.8329089840745538,"Yes",-1.080753533219374,1.0807535332193738,1.0176557462730738,-1.017655746273074,1.5052261897644954,-0.6001530417063533,-0.4666998712158976,-0.28665106169144244,-0.4587407756823103,-0.58475601520244,-0.4635210479006337,-0.6171176987768593,2.185306951892214,0.6777862204146242,-0.6777862204146242,-0.7594141025684279,-0.4394588774981491,2.0503963031570267,-0.45073946463777664,-0.35317776428217007,2.0503963031570267,-1.0156218808582498
-0.42320005105611974,-1.4844790964101555,-0.5583934633584997,-1.2910053888216928,-0.36904798862433325,"No",0.9243550627349376,-0.9243550627349376,1.0176557462730738,-1.017655746273074,-0.6636876283399649,-0.6001530417063533,-0.4666998712158976,-0.28665106169144244,2.1777004638711976,-0.58475601520244,-0.4635210479006337,-0.6171176987768593,-0.4571440177477062,0.6777862204146242,-0.6777862204146242,1.3154878170174407,-0.4394588774981491,-0.4872228839185013,-0.45073946463777664,-0.35317776428217007,-0.4872228839185013,-1.0156218808582498
-0.5200707542875365,3.6632594260351174,1.2865188605131956,1.376361117008251,0.3355782426393106,"Yes",0.9243550627349376,-0.9243550627349376,1.0176557462730738,-1.017655746273074,-0.6636876283399649,1.6645754175629042,-0.4666998712158976,-0.28665106169144244,-0.4587407756823103,-0.58475601520244,-0.4635210479006337,1.6188159924436452,-0.4571440177477062,-1.473916066615929,1.473916066615929,-0.7594141025684279,-0.4394588774981491,2.0503963031570267,-0.45073946463777664,-0.35317776428217007,-0.4872228839185013,-1.0156218808582498
1.7605049714018977,-1.162745438757326,0.6715480858892972,-1.2910053888216928,-0.2809697097163778,"Yes",0.9243550627349376,-0.9243550627349376,1.0176557462730738,-1.017655746273074,-0.6636876283399649,-0.6001530417063533,2.1405619791522454,-0.28665106169144244,-0.4587407756823103,-0.58475601520244,-0.4635210479006337,-0.6171176987768593,-0.4571440177477062,0.6777862204146242,-0.6777862204146242,1.3154878170174407,-0.4394588774981491,-0.4872228839185013,-0.45073946463777664,-0.35317776428217007,-0.4872228839185013,-1.0156218808582498
0.7517779960539019,-1.162745438757326,-0.5583934633584997,-1.2910053888216928,1.9209872629825093,"Yes",0.9243550627349376,-0.9243550627349376,1.0176557462730738,-1.017655746273074,1.5052261897644954,-0.6001530417063533,-0.4666998712158976,-0.28665106169144244,-0.4587407756823103,-0.58475601520244,2.1552419345888225,-0.6171176987768593,-0.4571440177477062,0.6777862204146242,-0.6777862204146242,1.3154878170174407,-0.4394588774981491,-0.4872228839185013,-0.45073946463777664,-0.35317776428217007,-0.4872228839185013,-1.0156218808582498
0.8415423542606202,0.1241891918539922,-0.5583934633584997,-0.4018832202117115,0.1594216848233996,"Yes",0.9243550627349376,-0.9243550627349376,1.0176557462730738,-1.017655746273074,-0.6636876283399649,1.6645754175629042,-0.4666998712158976,-0.28665106169144244,-0.4587407756823103,1.7084048287286975,-0.4635210479006337,-0.6171176987768593,-0.4571440177477062,0.6777862204146242,-0.6777862204146242,-0.7594141025684279,-0.4394588774981491,2.0503963031570267,-0.45073946463777664,-0.35317776428217007,2.0503963031570267,-1.0156218808582498
1.7075814018758533,-0.5192781234516669,0.05657731126539871,0.4872389483982698,0.6878913582711325,"Yes",-1.080753533219374,1.0807535332193738,1.0176557462730738,-1.017655746273074,-0.6636876283399649,1.6645754175629042,-0.4666998712158976,-0.28665106169144244,-0.4587407756823103,1.7084048287286975,-0.4635210479006337,-0.6171176987768593,-0.4571440177477062,0.6777862204146242,-0.6777862204146242,-0.7594141025684279,-0.4394588774981491,2.0503963031570267,-0.45073946463777664,-0.35317776428217007,2.0503963031570267,-1.0156218808582498
-0.08957585305448378,-0.8410117811044965,0.05657731126539871,0.4872389483982698,-0.1928914308084223,"No",0.9243550627349376,-0.9243550627349376,-0.9816679202752047,0.9816679202752049,-0.6636876283399649,1.6645754175629042,-0.4666998712158976,-0.28665106169144244,-0.4587407756823103,-0.58475601520244,2.1552419345888225,-0.6171176987768593,-0.4571440177477062,-1.473916066615929,1.473916066615929,1.3154878170174407,-0.4394588774981491,-0.4872228839185013,-0.45073946463777664,-0.35317776428217007,-0.4872228839185013,-1.0156218808582498
-0.9400931470631386,-0.5192781234516669,-1.173364237982398,-1.2910053888216928,-0.45712626753228874,"Yes",0.9243550627349376,-0.9243550627349376,-0.9816679202752047,0.9816679202752049,1.5052261897644954,-0.6001530417063533,-0.4666998712158976,-0.28665106169144244,-0.4587407756823103,-0.58475601520244,2.1552419345888225,-0.6171176987768593,-0.4571440177477062,0.6777862204146242,-0.6777862204146242,1.3154878170174407,-0.4394588774981491,-0.4872228839185013,-0.45073946463777664,-0.35317776428217007,-0.4872228839185013,-1.0156218808582498
-1.1482342526549665,-0.8410117811044965,-1.173364237982398,-0.4018832202117115,-1.425987335519799,"No",-1.080753533219374,1.0807535332193738,1.0176557462730738,-1.017655746273074,-0.6636876283399649,1.6645754175629042,-0.4666998712158976,-0.28665106169144244,-0.4587407756823103,-0.58475601520244,2.1552419345888225,-0.6171176987768593,-0.4571440177477062,-1.473916066615929,1.473916066615929,1.3154878170174407,-0.4394588774981491,-0.4872228839185013,-0.45073946463777664,-0.35317776428217007,-0.4872228839185013,-1.0156218808582498
0.1221184250496933,0.7676565071596513,-1.173364237982398,2.2654832856182323,-0.8094393831641107,"No",-1.080753533219374,1.0807535332193738,-0.9816679202752047,0.9816679202752049,1.5052261897644954,-0.6001530417063533,-0.4666998712158976,-0.28665106169144244,-0.4587407756823103,-0.58475601520244,-0.4635210479006337,1.6188159924436452,-0.4571440177477062,-1.473916066615929,1.473916066615929,-0.7594141025684279,-0.4394588774981491,-0.4872228839185013,-0.45073946463777664,2.8286038959175603,2.0503963031570267,-1.0156218808582498
-1.3853617655843804,-1.162745438757326,-0.5583934633584997,-1.2910053888216928,1.8329089840745538,"No",0.9243550627349376,-0.9243550627349376,1.0176557462730738,-1.017655746273074,1.5052261897644954,-0.6001530417063533,-0.4666998712158976,-0.28665106169144244,-0.4587407756823103,-0.58475601520244,2.1552419345888225,-0.6171176987768593,-0.4571440177477062,0.6777862204146242,-0.6777862204146242,1.3154878170174407,-0.4394588774981491,-0.4872228839185013,-0.45073946463777664,-0.35317776428217007,-0.4872228839185013,-1.0156218808582498
0.9172810314975386,1.0893901648124809,1.2865188605131956,1.376361117008251,1.0402044739029543,"No",-1.080753533219374,1.0807535332193738,1.0176557462730738,-1.017655746273074,-0.6636876283399649,-0.6001530417063533,2.1405619791522454,-0.28665106169144244,-0.4587407756823103,-0.58475601520244,-0.4635210479006337,-0.6171176987768593,2.185306951892214,-1.473916066615929,1.473916066615929,-0.7594141025684279,-0.4394588774981491,2.0503963031570267,-0.45073946463777664,-0.35317776428217007,-0.4872228839185013,-1.0156218808582498
-0.4950115376214943,0.44592284950682176,-1.173364237982398,-0.4018832202117115,-0.1928914308084223,"No",-1.080753533219374,1.0807535332193738,1.0176557462730738,-1.017655746273074,1.5052261897644954,-0.6001530417063533,-0.4666998712158976,-0.28665106169144244,-0.4587407756823103,-0.58475601520244,-0.4635210479006337,1.6188159924436452,-0.4571440177477062,-1.473916066615929,1.473916066615929,-0.7594141025684279,-0.4394588774981491,2.0503963031570267,-0.45073946463777664,-0.35317776428217007,2.0503963031570267,-1.0156218808582498
1.6718626676727635,0.7676565071596513,1.2865188605131956,0.4872389483982698,0.8640479160870435,"No",0.9243550627349376,-0.9243550627349376,-0.9816679202752047,0.9816679202752049,-0.6636876283399649,-0.6001530417063533,2.1405619791522454,-0.28665106169144244,-0.4587407756823103,-0.58475601520244,-0.4635210479006337,1.6188159924436452,-0.4571440177477062,0.6777862204146242,-0.6777862204146242,-0.7594141025684279,-0.4394588774981491,-0.4872228839185013,-0.45073946463777664,2.8286038959175603,-0.4872228839185013,-1.0156218808582498
-1.338609495685048,-0.5192781234516669,-1.173364237982398,-1.2910053888216928,-0.5452045464402442,"Yes",0.9243550627349376,-0.9243550627349376,-0.9816679202752047,0.9816679202752049,1.5052261897644954,-0.6001530417063533,-0.4666998712158976,-0.28665106169144244,-0.4587407756823103,-0.58475601520244,2.1552419345888225,-0.6171176987768593,-0.4571440177477062,0.6777862204146242,-0.6777862204146242,1.3154878170174407,-0.4394588774981491,-0.4872228839185013,-0.45073946463777664,-0.35317776428217007,-0.4872228839185013,-1.0156218808582498
0.11239395291063216,2.376324795423799,1.2865188605131956,2.2654832856182323,1.4805958684427318,"Yes",0.9243550627349376,-0.9243550627349376,-0.9816679202752047,0.9816679202752049,-0.6636876283399649,1.6645754175629042,-0.4666998712158976,-0.28665106169144244,-0.4587407756823103,-0.58475601520244,-0.4635210479006337,1.6188159924436452,-0.4571440177477062,-1.473916066615929,1.473916066615929,-0.7594141025684279,-0.4394588774981491,2.0503963031570267,-0.45073946463777664,-0.35317776428217007,-0.4872228839185013,-1.0156218808582498
1.0352837607234535,-0.5192781234516669,-0.5583934633584997,-1.2910053888216928,-0.10481315190046682,"Yes",0.9243550627349376,-0.9243550627349376,1.0176557462730738,-1.017655746273074,1.5052261897644954,-0.6001530417063533,-0.4666998712158976,-0.28665106169144244,-0.4587407756823103,1.7084048287286975,-0.4635210479006337,-0.6171176987768593,-0.4571440177477062,0.6777862204146242,-0.6777862204146242,1.3154878170174407,-0.4394588774981491,-0.4872228839185013,-0.45073946463777664,-0.35317776428217007,-0.4872228839185013,-1.0156218808582498
-0.8202203270412504,0.1241891918539922,0.05657731126539871,-0.4018832202117115,-0.5452045464402442,"Yes",0.9243550627349376,-0.9243550627349376,-0.9816679202752047,0.9816679202752049,1.5052261897644954,-0.6001530417063533,-0.4666998712158976,-0.28665106169144244,-0.4587407756823103,-0.58475601520244,-0.4635210479006337,1.6188159924436452,-0.4571440177477062,0.6777862204146242,-0.6777862204146242,-0.7594141025684279,2.273250242860796,-0.4872228839185013,-0.45073946463777664,-0.35317776428217007,2.0503963031570267,-1.0156218808582498
0.7889928028937705,-1.4844790964101555,-0.5583934633584997,-0.4018832202117115,0.07134340591544414,"No",-1.080753533219374,1.0807535332193738,1.0176557462730738,-1.017655746273074,-0.6636876283399649,-0.6001530417063533,2.1405619791522454,-0.28665106169144244,-0.4587407756823103,-0.58475601520244,-0.4635210479006337,-0.6171176987768593,-0.4571440177477062,-1.473916066615929,1.473916066615929,-0.7594141025684279,-0.4394588774981491,-0.4872228839185013,2.2163579592543923,-0.35317776428217007,-0.4872228839185013,-1.0156218808582498
-0.12622963265556036,-1.4844790964101555,0.05657731126539871,-1.2910053888216928,-0.8094393831641107,"No",-1.080753533219374,1.0807535332193738,1.0176557462730738,-1.017655746273074,-0.6636876283399649,-0.6001530417063533,2.1405619791522454,-0.28665106169144244,-0.4587407756823103,-0.58475601520244,-0.4635210479006337,-0.6171176987768593,-0.4571440177477062,0.6777862204146242,-0.6777862204146242,1.3154878170174407,-0.4394588774981491,-0.4872228839185013,-0.45073946463777664,-0.35317776428217007,-0.4872228839185013,-1.0156218808582498
-0.6083390398574761,-0.5192781234516669,0.05657731126539871,-0.4018832202117115,0.6878913582711325,"Yes",0.9243550627349376,-0.9243550627349376,-0.9816679202752047,0.9816679202752049,1.5052261897644954,-0.6001530417063533,-0.4666998712158976,-0.28665106169144244,-0.4587407756823103,-0.58475601520244,-0.4635210479006337,-0.6171176987768593,2.185306951892214,0.6777862204146242,-0.6777862204146242,1.3154878170174407,-0.4394588774981491,-0.4872228839185013,-0.45073946463777664,-0.35317776428217007,2.0503963031570267,-1.0156218808582498
-0.7070798338848661,0.1241891918539922,1.2865188605131956,1.376361117008251,-0.2809697097163778,"No",-1.080753533219374,1.0807535332193738,-0.9816679202752047,0.9816679202752049,1.5052261897644954,-0.6001530417063533,-0.4666998712158976,-0.28665106169144244,-0.4587407756823103,-0.58475601520244,-0.4635210479006337,1.6188159924436452,-0.4571440177477062,0.6777862204146242,-0.6777862204146242,-0.7594141025684279,-0.4394588774981491,-0.4872228839185013,-0.45073946463777664,2.8286038959175603,2.0503963031570267,-1.0156218808582498
-0.9423372560183066,-0.8410117811044965,-0.5583934633584997,-1.2910053888216928,-0.6332828253481997,"Yes",0.9243550627349376,-0.9243550627349376,1.0176557462730738,-1.017655746273074,1.5052261897644954,-0.6001530417063533,-0.4666998712158976,-0.28665106169144244,-0.4587407756823103,-0.58475601520244,2.1552419345888225,-0.6171176987768593,-0.4571440177477062,0.6777862204146242,-0.6777862204146242,1.3154878170174407,-0.4394588774981491,-0.4872228839185013,-0.45073946463777664,-0.35317776428217007,-0.4872228839185013,-1.0156218808582498
1.7524635809792124,-0.8410117811044965,0.05657731126539871,0.4872389483982698,2.0971438207984203,"No",-1.080753533219374,1.0807535332193738,-0.9816679202752047,0.9816679202752049,-0.6636876283399649,1.6645754175629042,-0.4666998712158976,-0.28665106169144244,-0.4587407756823103,-0.58475601520244,2.1552419345888225,-0.6171176987768593,-0.4571440177477062,0.6777862204146242,-0.6777862204146242,-0.7594141025684279,-0.4394588774981491,2.0503963031570267,-0.45073946463777664,-0.35317776428217007,2.0503963031570267,-1.0156218808582498
1.7558297444119644,-0.5192781234516669,-1.173364237982398,-1.2910053888216928,-0.6332828253481997,"Yes",0.9243550627349376,-0.9243550627349376,1.0176557462730738,-1.017655746273074,-0.6636876283399649,-0.6001530417063533,-0.4666998712158976,-0.28665106169144244,2.1777004638711976,-0.58475601520244,2.1552419345888225,-0.6171176987768593,-0.4571440177477062,0.6777862204146242,-0.6777862204146242,1.3154878170174407,-0.4394588774981491,-0.4872228839185013,-0.45073946463777664,-0.35317776428217007,-0.4872228839185013,-1.0156218808582498
0.998068953883585,-0.8410117811044965,-1.173364237982398,-0.4018832202117115,-0.9855959409800217,"Yes",-1.080753533219374,1.0807535332193738,-0.9816679202752047,0.9816679202752049,-0.6636876283399649,-0.6001530417063533,2.1405619791522454,-0.28665106169144244,-0.4587407756823103,-0.58475601520244,-0.4635210479006337,-0.6171176987768593,-0.4571440177477062,0.6777862204146242,-0.6777862204146242,-0.7594141025684279,2.273250242860796,-0.4872228839185013,-0.45073946463777664,-0.35317776428217007,-0.4872228839185013,-1.0156218808582498
-0.9636562910924021,-1.162745438757326,1.2865188605131956,-0.4018832202117115,-0.10481315190046682,"Yes",-1.080753533219374,1.0807535332193738,1.0176557462730738,-1.017655746273074,-0.6636876283399649,-0.6001530417063533,2.1405619791522454,-0.28665106169144244,-0.4587407756823103,-0.58475601520244,-0.4635210479006337,-0.6171176987768593,-0.4571440177477062,0.6777862204146242,-0.6777862204146242,1.3154878170174407,-0.4394588774981491,-0.4872228839185013,-0.45073946463777664,-0.35317776428217007,-0.4872228839185013,-1.0156218808582498
-0.6597665367467417,-1.4844790964101555,-1.173364237982398,0.4872389483982698,-1.2498307777038882,"No",0.9243550627349376,-0.9243550627349376,1.0176557462730738,-1.017655746273074,-0.6636876283399649,-0.6001530417063533,-0.4666998712158976,3.48507343424859,-0.4587407756823103,-0.58475601520244,-0.4635210479006337,-0.6171176987768593,-0.4571440177477062,-1.473916066615929,1.473916066615929,1.3154878170174407,-0.4394588774981491,-0.4872228839185013,-0.45073946463777664,-0.35317776428217007,-0.4872228839185013,-1.0156218808582498
-1.0711865118608668,2.0545911377709696,-1.173364237982398,2.2654832856182323,-0.7213611042561552,"Yes",0.9243550627349376,-0.9243550627349376,-0.9816679202752047,0.9816679202752049,-0.6636876283399649,-0.6001530417063533,-0.4666998712158976,3.48507343424859,-0.4587407756823103,-0.58475601520244,-0.4635210479006337,1.6188159924436452,-0.4571440177477062,0.6777862204146242,-0.6777862204146242,-0.7594141025684279,-0.4394588774981491,-0.4872228839185013,-0.45073946463777664,2.8286038959175603,2.0503963031570267,-1.0156218808582498
-0.7042746976909061,-1.4844790964101555,-1.173364237982398,0.4872389483982698,-0.8094393831641107,"No",-1.080753533219374,1.0807535332193738,1.0176557462730738,-1.017655746273074,-0.6636876283399649,-0.6001530417063533,-0.4666998712158976,3.48507343424859,-0.4587407756823103,-0.58475601520244,-0.4635210479006337,-0.6171176987768593,-0.4571440177477062,-1.473916066615929,1.473916066615929,1.3154878170174407,-0.4394588774981491,-0.4872228839185013,-0.45073946463777664,-0.35317776428217007,-0.4872228839185013,-1.0156218808582498
0.914662904383176,2.376324795423799,0.6715480858892972,2.2654832856182323,0.6878913582711325,"No",0.9243550627349376,-0.9243550627349376,1.0176557462730738,-1.017655746273074,-0.6636876283399649,-0.6001530417063533,2.1405619791522454,-0.28665106169144244,-0.4587407756823103,-0.58475601520244,-0.4635210479006337,1.6188159924436452,-0.4571440177477062,0.6777862204146242,-0.6777862204146242,1.3154878170174407,-0.4394588774981491,-0.4872228839185013,-0.45073946463777664,-0.35317776428217007,-0.4872228839185013,-1.0156218808582498
1.3071949624579708,-1.162745438757326,-1.173364237982398,-0.4018832202117115,-0.7213611042561552,"Yes",-1.080753533219374,1.0807535332193738,1.0176557462730738,-1.017655746273074,-0.6636876283399649,1.6645754175629042,-0.4666998712158976,-0.28665106169144244,-0.4587407756823103,-0.58475601520244,-0.4635210479006337,-0.6171176987768593,-0.4571440177477062,-1.473916066615929,1.473916066615929,-0.7594141025684279,2.273250242860796,-0.4872228839185013,-0.45073946463777664,-0.35317776428217007,-0.4872228839185013,-1.0156218808582498
-1.0190109786532118,-1.162745438757326,0.6715480858892972,0.4872389483982698,1.5686741473506873,"No",0.9243550627349376,-0.9243550627349376,1.0176557462730738,-1.017655746273074,-0.6636876283399649,-0.6001530417063533,2.1405619791522454,-0.28665106169144244,-0.4587407756823103,1.7084048287286975,-0.4635210479006337,-0.6171176987768593,-0.4571440177477062,-1.473916066615929,1.473916066615929,-0.7594141025684279,-0.4394588774981491,-0.4872228839185013,2.2163579592543923,-0.35317776428217007,2.0503963031570267,-1.0156218808582498
-1.3629206760327008,2.376324795423799,1.2865188605131956,2.2654832856182323,-1.1617524987959327,"No",-1.080753533219374,1.0807535332193738,1.0176557462730738,-1.017655746273074,-0.6636876283399649,-0.6001530417063533,2.1405619791522454,-0.28665106169144244,-0.4587407756823103,-0.58475601520244,-0.4635210479006337,-0.6171176987768593,2.185306951892214,0.6777862204146242,-0.6777862204146242,1.3154878170174407,-0.4394588774981491,-0.4872228839185013,-0.45073946463777664,-0.35317776428217007,2.0503963031570267,-1.0156218808582498
-0.706518806646074,-1.162745438757326,-1.173364237982398,0.4872389483982698,-1.60214389333571,"No",-1.080753533219374,1.0807535332193738,1.0176557462730738,-1.017655746273074,-0.6636876283399649,-0.6001530417063533,-0.4666998712158976,3.48507343424859,-0.4587407756823103,-0.58475601520244,-0.4635210479006337,-0.6171176987768593,-0.4571440177477062,-1.473916066615929,1.473916066615929,-0.7594141025684279,-0.4394588774981491,-0.4872228839185013,2.2163579592543923,-0.35317776428217007,-0.4872228839185013,-1.0156218808582498
1.4966351600900656,0.7676565071596513,-1.173364237982398,0.4872389483982698,-1.3379090566118435,"Yes",0.9243550627349376,-0.9243550627349376,-0.9816679202752047,0.9816679202752049,1.5052261897644954,-0.6001530417063533,-0.4666998712158976,-0.28665106169144244,-0.4587407756823103,-0.58475601520244,-0.4635210479006337,1.6188159924436452,-0.4571440177477062,0.6777862204146242,-0.6777862204146242,-0.7594141025684279,-0.4394588774981491,-0.4872228839185013,-0.45073946463777664,2.8286038959175603,2.0503963031570267,-1.0156218808582498
-0.7880547653505097,0.7676565071596513,0.05657731126539871,0.4872389483982698,0.5117348004552216,"Yes",0.9243550627349376,-0.9243550627349376,-0.9816679202752047,0.9816679202752049,-0.6636876283399649,-0.6001530417063533,2.1405619791522454,-0.28665106169144244,-0.4587407756823103,1.7084048287286975,-0.4635210479006337,-0.6171176987768593,-0.4571440177477062,-1.473916066615929,1.473916066615929,-0.7594141025684279,-0.4394588774981491,-0.4872228839185013,2.2163579592543923,-0.35317776428217007,2.0503963031570267,-1.0156218808582498
1.4547451262602638,-0.5192781234516669,0.05657731126539871,0.4872389483982698,1.6567524262586428,"Yes",-1.080753533219374,1.0807535332193738,-0.9816679202752047,0.9816679202752049,1.5052261897644954,-0.6001530417063533,-0.4666998712158976,-0.28665106169144244,-0.4587407756823103,-0.58475601520244,-0.4635210479006337,-0.6171176987768593,2.185306951892214,0.6777862204146242,-0.6777862204146242,-0.7594141025684279,-0.4394588774981491,2.0503963031570267,-0.45073946463777664,-0.35317776428217007,2.0503963031570267,-1.0156218808582498
0.16120332268553517,-0.8410117811044965,1.2865188605131956,-1.2910053888216928,0.07134340591544414,"Yes",0.9243550627349376,-0.9243550627349376,1.0176557462730738,-1.017655746273074,-0.6636876283399649,-0.6001530417063533,-0.4666998712158976,-0.28665106169144244,2.1777004638711976,-0.58475601520244,2.1552419345888225,-0.6171176987768593,-0.4571440177477062,0.6777862204146242,-0.6777862204146242,1.3154878170174407,-0.4394588774981491,-0.4872228839185013,-0.45073946463777664,-0.35317776428217007,-0.4872228839185013,-1.0156218808582498
-0.09443808912401434,-1.4844790964101555,1.2865188605131956,0.4872389483982698,-0.36904798862433325,"No",-1.080753533219374,1.0807535332193738,1.0176557462730738,-1.017655746273074,-0.6636876283399649,-0.6001530417063533,-0.4666998712158976,3.48507343424859,-0.4587407756823103,-0.58475601520244,-0.4635210479006337,-0.6171176987768593,-0.4571440177477062,0.6777862204146242,-0.6777862204146242,1.3154878170174407,-0.4394588774981491,-0.4872228839185013,-0.45073946463777664,-0.35317776428217007,-0.4872228839185013,-1.0156218808582498
1.3043898262640108,-0.8410117811044965,-1.173364237982398,-1.2910053888216928,0.2474999637313551,"Yes",0.9243550627349376,-0.9243550627349376,-0.9816679202752047,0.9816679202752049,1.5052261897644954,-0.6001530417063533,-0.4666998712158976,-0.28665106169144244,-0.4587407756823103,-0.58475601520244,2.1552419345888225,-0.6171176987768593,-0.4571440177477062,0.6777862204146242,-0.6777862204146242,1.3154878170174407,-0.4394588774981491,-0.4872228839185013,-0.45073946463777664,-0.35317776428217007,-0.4872228839185013,-1.0156218808582498
1.5794801823516826,-1.162745438757326,-1.173364237982398,-0.4018832202117115,-1.3379090566118435,"No",-1.080753533219374,1.0807535332193738,-0.9816679202752047,0.9816679202752049,-0.6636876283399649,-0.6001530417063533,2.1405619791522454,-0.28665106169144244,-0.4587407756823103,-0.58475601520244,-0.4635210479006337,-0.6171176987768593,-0.4571440177477062,-1.473916066615929,1.473916066615929,-0.7594141025684279,2.273250242860796,-0.4872228839185013,-0.45073946463777664,-0.35317776428217007,-0.4872228839185013,-1.0156218808582498
0.8450955267729694,-0.5192781234516669,0.05657731126539871,-0.4018832202117115,0.6878913582711325,"Yes",-1.080753533219374,1.0807535332193738,-0.9816679202752047,0.9816679202752049,1.5052261897644954,-0.6001530417063533,-0.4666998712158976,-0.28665106169144244,-0.4587407756823103,-0.58475601520244,-0.4635210479006337,-0.6171176987768593,2.185306951892214,-1.473916066615929,1.473916066615929,-0.7594141025684279,-0.4394588774981491,2.0503963031570267,-0.45073946463777664,-0.35317776428217007,2.0503963031570267,-1.0156218808582498
-0.6455538466973446,-1.4844790964101555,-1.173364237982398,-0.4018832202117115,-1.60214389333571,"Yes",-1.080753533219374,1.0807535332193738,-0.9816679202752047,0.9816679202752049,-0.6636876283399649,1.6645754175629042,-0.4666998712158976,-0.28665106169144244,-0.4587407756823103,-0.58475601520244,-0.4635210479006337,-0.6171176987768593,-0.4571440177477062,0.6777862204146242,-0.6777862204146242,-0.7594141025684279,-0.4394588774981491,-0.4872228839185013,2.2163579592543923,-0.35317776428217007,2.0503963031570267,-1.0156218808582498
-0.5189486998099525,2.376324795423799,0.6715480858892972,1.376361117008251,0.5998130793631771,"Yes",-1.080753533219374,1.0807535332193738,-0.9816679202752047,0.9816679202752049,-0.6636876283399649,1.6645754175629042,-0.4666998712158976,-0.28665106169144244,-0.4587407756823103,-0.58475601520244,-0.4635210479006337,1.6188159924436452,-0.4571440177477062,-1.473916066615929,1.473916066615929,1.3154878170174407,-0.4394588774981491,-0.4872228839185013,-0.45073946463777664,-0.35317776428217007,-0.4872228839185013,-1.0156218808582498
-0.0669477544232069,0.7676565071596513,1.901489635137094,2.2654832856182323,-0.36904798862433325,"No",0.9243550627349376,-0.9243550627349376,-0.9816679202752047,0.9816679202752049,1.5052261897644954,-0.6001530417063533,-0.4666998712158976,-0.28665106169144244,-0.4587407756823103,-0.58475601520244,-0.4635210479006337,1.6188159924436452,-0.4571440177477062,0.6777862204146242,-0.6777862204146242,-0.7594141025684279,-0.4394588774981491,-0.4872228839185013,2.2163579592543923,-0.35317776428217007,2.0503963031570267,-1.0156218808582498
0.7766502036403468,-0.8410117811044965,-1.173364237982398,-0.4018832202117115,-1.3379090566118435,"No",-1.080753533219374,1.0807535332193738,-0.9816679202752047,0.9816679202752049,-0.6636876283399649,1.6645754175629042,-0.4666998712158976,-0.28665106169144244,-0.4587407756823103,-0.58475601520244,2.1552419345888225,-0.6171176987768593,-0.4571440177477062,-1.473916066615929,1.473916066615929,-0.7594141025684279,2.273250242860796,-0.4872228839185013,-0.45073946463777664,-0.35317776428217007,-0.4872228839185013,-1.0156218808582498
1.027055361221171,-1.162745438757326,-0.5583934633584997,-0.4018832202117115,-0.36904798862433325,"Yes",0.9243550627349376,-0.9243550627349376,-0.9816679202752047,0.9816679202752049,-0.6636876283399649,-0.6001530417063533,2.1405619791522454,-0.28665106169144244,-0.4587407756823103,-0.58475601520244,-0.4635210479006337,-0.6171176987768593,-0.4571440177477062,-1.473916066615929,1.473916066615929,-0.7594141025684279,-0.4394588774981491,-0.4872228839185013,2.2163579592543923,-0.35317776428217007,-0.4872228839185013,-1.0156218808582498
1.2941043268861576,-0.8410117811044965,-1.173364237982398,-0.4018832202117115,-1.3379090566118435,"Yes",-1.080753533219374,1.0807535332193738,1.0176557462730738,-1.017655746273074,-0.6636876283399649,1.6645754175629042,-0.4666998712158976,-0.28665106169144244,-0.4587407756823103,-0.58475601520244,2.1552419345888225,-0.6171176987768593,-0.4571440177477062,-1.473916066615929,1.473916066615929,1.3154878170174407,-0.4394588774981491,-0.4872228839185013,-0.45073946463777664,-0.35317776428217007,-0.4872228839185013,-1.0156218808582498
1.5839684002620185,-0.8410117811044965,-1.173364237982398,-0.4018832202117115,-1.2498307777038882,"Yes",-1.080753533219374,1.0807535332193738,-0.9816679202752047,0.9816679202752049,-0.6636876283399649,1.6645754175629042,-0.4666998712158976,-0.28665106169144244,-0.4587407756823103,-0.58475601520244,2.1552419345888225,-0.6171176987768593,-0.4571440177477062,-1.473916066615929,1.473916066615929,1.3154878170174407,-0.4394588774981491,-0.4872228839185013,-0.45073946463777664,-0.35317776428217007,-0.4872228839185013,-1.0156218808582498
-0.07555017208468406,0.1241891918539922,0.05657731126539871,-0.4018832202117115,-0.6332828253481997,"Yes",-1.080753533219374,1.0807535332193738,1.0176557462730738,-1.017655746273074,1.5052261897644954,-0.6001530417063533,-0.4666998712158976,-0.28665106169144244,-0.4587407756823103,-0.58475601520244,-0.4635210479006337,1.6188159924436452,-0.4571440177477062,0.6777862204146242,-0.6777862204146242,-0.7594141025684279,2.273250242860796,-0.4872228839185013,-0.45073946463777664,-0.35317776428217007,2.0503963031570267,-1.0156218808582498
-0.8149840728125252,-0.8410117811044965,-1.173364237982398,-0.4018832202117115,-0.9855959409800217,"No",-1.080753533219374,1.0807535332193738,1.0176557462730738,-1.017655746273074,-0.6636876283399649,1.6645754175629042,-0.4666998712158976,-0.28665106169144244,-0.4587407756823103,-0.58475601520244,2.1552419345888225,-0.6171176987768593,-0.4571440177477062,-1.473916066615929,1.473916066615929,-0.7594141025684279,2.273250242860796,-0.4872228839185013,-0.45073946463777664,-0.35317776428217007,-0.4872228839185013,-1.0156218808582498
-0.6506030918464725,-0.8410117811044965,0.6715480858892972,0.4872389483982698,0.952126194994999,"No",-1.080753533219374,1.0807535332193738,1.0176557462730738,-1.017655746273074,-0.6636876283399649,-0.6001530417063533,2.1405619791522454,-0.28665106169144244,-0.4587407756823103,1.7084048287286975,-0.4635210479006337,-0.6171176987768593,-0.4571440177477062,0.6777862204146242,-0.6777862204146242,-0.7594141025684279,-0.4394588774981491,2.0503963031570267,-0.45073946463777664,-0.35317776428217007,2.0503963031570267,-1.0156218808582498
-0.5178266453323684,1.0893901648124809,1.901489635137094,0.4872389483982698,1.5686741473506873,"No",-1.080753533219374,1.0807535332193738,1.0176557462730738,-1.017655746273074,-0.6636876283399649,1.6645754175629042,-0.4666998712158976,-0.28665106169144244,-0.4587407756823103,-0.58475601520244,-0.4635210479006337,1.6188159924436452,-0.4571440177477062,0.6777862204146242,-0.6777862204146242,-0.7594141025684279,-0.4394588774981491,-0.4872228839185013,-0.45073946463777664,2.8286038959175603,-0.4872228839185013,-1.0156218808582498
-1.3948992286438442,-0.8410117811044965,-0.5583934633584997,-0.4018832202117115,-0.10481315190046682,"No",0.9243550627349376,-0.9243550627349376,-0.9816679202752047,0.9816679202752049,-0.6636876283399649,1.6645754175629042,-0.4666998712158976,-0.28665106169144244,-0.4587407756823103,-0.58475601520244,2.1552419345888225,-0.6171176987768593,-0.4571440177477062,0.6777862204146242,-0.6777862204146242,1.3154878170174407,-0.4394588774981491,-0.4872228839185013,-0.45073946463777664,-0.35317776428217007,-0.4872228839185013,-1.0156218808582498
0.7431755783924248,-0.5192781234516669,-0.5583934633584997,-0.4018832202117115,-0.016734872992511342,"Yes",0.9243550627349376,-0.9243550627349376,-0.9816679202752047,0.9816679202752049,1.5052261897644954,-0.6001530417063533,-0.4666998712158976,-0.28665106169144244,-0.4587407756823103,1.7084048287286975,-0.4635210479006337,-0.6171176987768593,-0.4571440177477062,0.6777862204146242,-0.6777862204146242,1.3154878170174407,-0.4394588774981491,-0.4872228839185013,-0.45073946463777664,-0.35317776428217007,-0.4872228839185013,-1.0156218808582498
-0.09817827071596094,-0.5192781234516669,-1.173364237982398,-1.2910053888216928,-0.6332828253481997,"Yes",-1.080753533219374,1.0807535332193738,-0.9816679202752047,0.9816679202752049,-0.6636876283399649,-0.6001530417063533,-0.4666998712158976,-0.28665106169144244,2.1777004638711976,-0.58475601520244,2.1552419345888225,-0.6171176987768593,-0.4571440177477062,0.6777862204146242,-0.6777862204146242,1.3154878170174407,-0.4394588774981491,-0.4872228839185013,-0.45073946463777664,-0.35317776428217007,-0.4872228839185013,-1.0156218808582498
1.2877460181798486,-1.162745438757326,0.6715480858892972,0.4872389483982698,-0.10481315190046682,"No",0.9243550627349376,-0.9243550627349376,1.0176557462730738,-1.017655746273074,-0.6636876283399649,-0.6001530417063533,2.1405619791522454,-0.28665106169144244,-0.4587407756823103,-0.58475601520244,-0.4635210479006337,-0.6171176987768593,-0.4571440177477062,0.6777862204146242,-0.6777862204146242,1.3154878170174407,-0.4394588774981491,-0.4872228839185013,-0.45073946463777664,-0.35317776428217007,-0.4872228839185013,-1.0156218808582498
-1.438472344190022,-1.4844790964101555,0.05657731126539871,-1.2910053888216928,-0.8094393831641107,"No",-1.080753533219374,1.0807535332193738,-0.9816679202752047,0.9816679202752049,-0.6636876283399649,-0.6001530417063533,2.1405619791522454,-0.28665106169144244,-0.4587407756823103,-0.58475601520244,-0.4635210479006337,-0.6171176987768593,-0.4571440177477062,0.6777862204146242,-0.6777862204146242,1.3154878170174407,-0.4394588774981491,-0.4872228839185013,-0.45073946463777664,-0.35317776428217007,-0.4872228839185013,-1.0156218808582498
0.050493947563916064,0.1241891918539922,0.6715480858892972,0.4872389483982698,-0.10481315190046682,"Yes",-1.080753533219374,1.0807535332193738,-0.9816679202752047,0.9816679202752049,1.5052261897644954,-0.6001530417063533,-0.4666998712158976,-0.28665106169144244,-0.4587407756823103,-0.58475601520244,-0.4635210479006337,1.6188159924436452,-0.4571440177477062,-1.473916066615929,1.473916066615929,1.3154878170174407,-0.4394588774981491,-0.4872228839185013,-0.45073946463777664,-0.35317776428217007,2.0503963031570267,-1.0156218808582498
0.7822604760282666,-1.4844790964101555,0.05657731126539871,-1.2910053888216928,0.4236565215472661,"No",0.9243550627349376,-0.9243550627349376,-0.9816679202752047,0.9816679202752049,-0.6636876283399649,1.6645754175629042,-0.4666998712158976,-0.28665106169144244,-0.4587407756823103,-0.58475601520244,-0.4635210479006337,-0.6171176987768593,-0.4571440177477062,0.6777862204146242,-0.6777862204146242,-0.7594141025684279,-0.4394588774981491,-0.4872228839185013,2.2163579592543923,-0.35317776428217007,-0.4872228839185013,-1.0156218808582498
1.1544085444269525,0.1241891918539922,-0.5583934633584997,-0.4018832202117115,0.07134340591544414,"No",-1.080753533219374,1.0807535332193738,-0.9816679202752047,0.9816679202752049,-0.6636876283399649,1.6645754175629042,-0.4666998712158976,-0.28665106169144244,-0.4587407756823103,1.7084048287286975,-0.4635210479006337,-0.6171176987768593,-0.4571440177477062,0.6777862204146242,-0.6777862204146242,-0.7594141025684279,-0.4394588774981491,2.0503963031570267,-0.45073946463777664,-0.35317776428217007,2.0503963031570267,-1.0156218808582498
-0.275836896333424,0.44592284950682176,0.05657731126539871,0.4872389483982698,0.4236565215472661,"Yes",-1.080753533219374,1.0807535332193738,1.0176557462730738,-1.017655746273074,-0.6636876283399649,-0.6001530417063533,2.1405619791522454,-0.28665106169144244,-0.4587407756823103,-0.58475601520244,-0.4635210479006337,1.6188159924436452,-0.4571440177477062,0.6777862204146242,-0.6777862204146242,-0.7594141025684279,-0.4394588774981491,2.0503963031570267,-0.45073946463777664,-0.35317776428217007,2.0503963031570267,-1.0156218808582498
0.5125933832489175,-0.8410117811044965,-1.173364237982398,-0.4018832202117115,-1.2498307777038882,"No",-1.080753533219374,1.0807535332193738,1.0176557462730738,-1.017655746273074,-0.6636876283399649,1.6645754175629042,-0.4666998712158976,-0.28665106169144244,-0.4587407756823103,-0.58475601520244,2.1552419345888225,-0.6171176987768593,-0.4571440177477062,-1.473916066615929,1.473916066615929,-0.7594141025684279,2.273250242860796,-0.4872228839185013,-0.45073946463777664,-0.35317776428217007,-0.4872228839185013,-1.0156218808582498
0.086773709005798,0.44592284950682176,0.05657731126539871,0.4872389483982698,0.6878913582711325,"Yes",0.9243550627349376,-0.9243550627349376,-0.9816679202752047,0.9816679202752049,-0.6636876283399649,1.6645754175629042,-0.4666998712158976,-0.28665106169144244,-0.4587407756823103,1.7084048287286975,-0.4635210479006337,-0.6171176987768593,-0.4571440177477062,0.6777862204146242,-0.6777862204146242,-0.7594141025684279,-0.4394588774981491,2.0503963031570267,-0.45073946463777664,-0.35317776428217007,2.0503963031570267,-1.0156218808582498
1.4078058472813342,-0.5192781234516669,0.05657731126539871,0.4872389483982698,0.775969637179088,"Yes",-1.080753533219374,1.0807535332193738,1.0176557462730738,-1.017655746273074,-0.6636876283399649,1.6645754175629042,-0.4666998712158976,-0.28665106169144244,-0.4587407756823103,1.7084048287286975,-0.4635210479006337,-0.6171176987768593,-0.4571440177477062,-1.473916066615929,1.473916066615929,-0.7594141025684279,-0.4394588774981491,-0.4872228839185013,2.2163579592543923,-0.35317776428217007,2.0503963031570267,-1.0156218808582498
1.28344480934911,-0.5192781234516669,-1.173364237982398,-1.2910053888216928,-0.5452045464402442,"Yes",0.9243550627349376,-0.9243550627349376,1.0176557462730738,-1.017655746273074,1.5052261897644954,-0.6001530417063533,-0.4666998712158976,-0.28665106169144244,-0.4587407756823103,-0.58475601520244,2.1552419345888225,-0.6171176987768593,-0.4571440177477062,0.6777862204146242,-0.6777862204146242,1.3154878170174407,-0.4394588774981491,-0.4872228839185013,-0.45073946463777664,-0.35317776428217007,-0.4872228839185013,-1.0156218808582498
1.5763010279985281,-0.5192781234516669,-1.173364237982398,-1.2910053888216928,-0.45712626753228874,"Yes",-1.080753533219374,1.0807535332193738,-0.9816679202752047,0.9816679202752049,1.5052261897644954,-0.6001530417063533,-0.4666998712158976,-0.28665106169144244,-0.4587407756823103,-0.58475601520244,-0.4635210479006337,1.6188159924436452,-0.4571440177477062,-1.473916066615929,1.473916066615929,1.3154878170174407,-0.4394588774981491,-0.4872228839185013,-0.45073946463777664,-0.35317776428217007,-0.4872228839185013,-1.0156218808582498
0.19449093885385985,-1.162745438757326,-0.5583934633584997,-1.2910053888216928,0.1594216848233996,"Yes",-1.080753533219374,1.0807535332193738,1.0176557462730738,-1.017655746273074,-0.6636876283399649,1.6645754175629042,-0.4666998712158976,-0.28665106169144244,-0.4587407756823103,-0.58475601520244,-0.4635210479006337,-0.6171176987768593,-0.4571440177477062,-1.473916066615929,1.473916066615929,1.3154878170174407,-0.4394588774981491,-0.4872228839185013,-0.45073946463777664,-0.35317776428217007,-0.4872228839185013,-1.0156218808582498
-0.9881544805196524,0.44592284950682176,-1.173364237982398,-0.4018832202117115,-0.5452045464402442,"No",-1.080753533219374,1.0807535332193738,1.0176557462730738,-1.017655746273074,1.5052261897644954,-0.6001530417063533,-0.4666998712158976,-0.28665106169144244,-0.4587407756823103,-0.58475601520244,-0.4635210479006337,1.6188159924436452,-0.4571440177477062,-1.473916066615929,1.473916066615929,-0.7594141025684279,-0.4394588774981491,2.0503963031570267,-0.45073946463777664,-0.35317776428217007,2.0503963031570267,-1.0156218808582498
-0.4331115322747782,-0.5192781234516669,0.05657731126539871,0.4872389483982698,-0.8094393831641107,"No",-1.080753533219374,1.0807535332193738,1.0176557462730738,-1.017655746273074,-0.6636876283399649,1.6645754175629042,-0.4666998712158976,-0.28665106169144244,-0.4587407756823103,-0.58475601520244,2.1552419345888225,-0.6171176987768593,-0.4571440177477062,0.6777862204146242,-0.6777862204146242,-0.7594141025684279,-0.4394588774981491,-0.4872228839185013,2.2163579592543923,-0.35317776428217007,-0.4872228839185013,-1.0156218808582498
1.7251602553580023,2.376324795423799,-0.5583934633584997,-0.4018832202117115,-0.7213611042561552,"Yes",-1.080753533219374,1.0807535332193738,1.0176557462730738,-1.017655746273074,-0.6636876283399649,-0.6001530417063533,-0.4666998712158976,-0.28665106169144244,2.1777004638711976,-0.58475601520244,-0.4635210479006337,-0.6171176987768593,2.185306951892214,-1.473916066615929,1.473916066615929,1.3154878170174407,-0.4394588774981491,-0.4872228839185013,-0.45073946463777664,-0.35317776428217007,2.0503963031570267,-1.0156218808582498
-0.9230753208197817,-1.162745438757326,-1.173364237982398,-1.2910053888216928,-1.60214389333571,"Yes",0.9243550627349376,-0.9243550627349376,-0.9816679202752047,0.9816679202752049,1.5052261897644954,-0.6001530417063533,-0.4666998712158976,-0.28665106169144244,-0.4587407756823103,-0.58475601520244,2.1552419345888225,-0.6171176987768593,-0.4571440177477062,0.6777862204146242,-0.6777862204146242,1.3154878170174407,-0.4394588774981491,-0.4872228839185013,-0.45073946463777664,-0.35317776428217007,2.0503963031570267,-1.0156218808582498
0.7805773943118907,-1.4844790964101555,-1.173364237982398,-1.2910053888216928,-1.2498307777038882,"Yes",-1.080753533219374,1.0807535332193738,-0.9816679202752047,0.9816679202752049,-0.6636876283399649,-0.6001530417063533,-0.4666998712158976,-0.28665106169144244,2.1777004638711976,-0.58475601520244,-0.4635210479006337,-0.6171176987768593,-0.4571440177477062,-1.473916066615929,1.473916066615929,1.3154878170174407,-0.4394588774981491,-0.4872228839185013,-0.45073946463777664,-0.35317776428217007,-0.4872228839185013,-1.0156218808582498
0.4731344674538809,-0.8410117811044965,-0.5583934633584997,0.4872389483982698,-0.1928914308084223,"No",0.9243550627349376,-0.9243550627349376,1.0176557462730738,-1.017655746273074,1.5052261897644954,-0.6001530417063533,-0.4666998712158976,-0.28665106169144244,-0.4587407756823103,1.7084048287286975,-0.4635210479006337,-0.6171176987768593,-0.4571440177477062,0.6777862204146242,-0.6777862204146242,1.3154878170174407,-0.4394588774981491,-0.4872228839185013,-0.45073946463777664,-0.35317776428217007,-0.4872228839185013,-1.0156218808582498
0.7665517133420909,-1.162745438757326,0.05657731126539871,-1.2910053888216928,-0.36904798862433325,"Yes",-1.080753533219374,1.0807535332193738,1.0176557462730738,-1.017655746273074,-0.6636876283399649,-0.6001530417063533,2.1405619791522454,-0.28665106169144244,-0.4587407756823103,-0.58475601520244,-0.4635210479006337,-0.6171176987768593,-0.4571440177477062,0.6777862204146242,-0.6777862204146242,1.3154878170174407,-0.4394588774981491,-0.4872228839185013,-0.45073946463777664,-0.35317776428217007,-0.4872228839185013,-1.0156218808582498
-0.009722976066424055,0.7676565071596513,1.901489635137094,0.4872389483982698,1.5686741473506873,"No",0.9243550627349376,-0.9243550627349376,-0.9816679202752047,0.9816679202752049,1.5052261897644954,-0.6001530417063533,-0.4666998712158976,-0.28665106169144244,-0.4587407756823103,-0.58475601520244,-0.4635210479006337,-0.6171176987768593,2.185306951892214,0.6777862204146242,-0.6777862204146242,-0.7594141025684279,2.273250242860796,-0.4872228839185013,-0.45073946463777664,-0.35317776428217007,-0.4872228839185013,-1.0156218808582498
-1.3268279236704161,-0.8410117811044965,-1.173364237982398,-0.4018832202117115,-1.3379090566118435,"No",-1.080753533219374,1.0807535332193738,1.0176557462730738,-1.017655746273074,-0.6636876283399649,1.6645754175629042,-0.4666998712158976,-0.28665106169144244,-0.4587407756823103,-0.58475601520244,2.1552419345888225,-0.6171176987768593,-0.4571440177477062,-1.473916066615929,1.473916066615929,-0.7594141025684279,2.273250242860796,-0.4872228839185013,-0.45073946463777664,-0.35317776428217007,-0.4872228839185013,-1.0156218808582498
0.565142934615767,-0.5192781234516669,0.05657731126539871,0.4872389483982698,1.9209872629825093,"Yes",0.9243550627349376,-0.9243550627349376,1.0176557462730738,-1.017655746273074,1.5052261897644954,-0.6001530417063533,-0.4666998712158976,-0.28665106169144244,-0.4587407756823103,-0.58475601520244,-0.4635210479006337,-0.6171176987768593,2.185306951892214,0.6777862204146242,-0.6777862204146242,-0.7594141025684279,-0.4394588774981491,2.0503963031570267,-0.45073946463777664,-0.35317776428217007,2.0503963031570267,-1.0156218808582498
-0.7562632218189637,3.0197921107294583,0.05657731126539871,2.2654832856182323,0.3355782426393106,"No",0.9243550627349376,-0.9243550627349376,-0.9816679202752047,0.9816679202752049,-0.6636876283399649,-0.6001530417063533,2.1405619791522454,-0.28665106169144244,-0.4587407756823103,-0.58475601520244,-0.4635210479006337,1.6188159924436452,-0.4571440177477062,0.6777862204146242,-0.6777862204146242,1.3154878170174407,-0.4394588774981491,-0.4872228839185013,-0.45073946463777664,-0.35317776428217007,-0.4872228839185013,-1.0156218808582498
-1.4253817086182088,0.7676565071596513,-1.173364237982398,1.376361117008251,-1.1617524987959327,"No",-1.080753533219374,1.0807535332193738,1.0176557462730738,-1.017655746273074,1.5052261897644954,-0.6001530417063533,-0.4666998712158976,-0.28665106169144244,-0.4587407756823103,-0.58475601520244,-0.4635210479006337,1.6188159924436452,-0.4571440177477062,-1.473916066615929,1.473916066615929,-0.7594141025684279,-0.4394588774981491,-0.4872228839185013,-0.45073946463777664,2.8286038959175603,2.0503963031570267,-1.0156218808582498
0.6846417364784606,1.4111238224653104,0.6715480858892972,2.2654832856182323,1.0402044739029543,"No",-1.080753533219374,1.0807535332193738,1.0176557462730738,-1.017655746273074,-0.6636876283399649,1.6645754175629042,-0.4666998712158976,-0.28665106169144244,-0.4587407756823103,-0.58475601520244,-0.4635210479006337,-0.6171176987768593,2.185306951892214,-1.473916066615929,1.473916066615929,-0.7594141025684279,-0.4394588774981491,2.0503963031570267,-0.45073946463777664,-0.35317776428217007,-0.4872228839185013,-1.0156218808582498
1.4603553986481836,-0.5192781234516669,-1.173364237982398,-1.2910053888216928,-0.5452045464402442,"Yes",-1.080753533219374,1.0807535332193738,1.0176557462730738,-1.017655746273074,1.5052261897644954,-0.6001530417063533,-0.4666998712158976,-0.28665106169144244,-0.4587407756823103,-0.58475601520244,2.1552419345888225,-0.6171176987768593,-0.4571440177477062,-1.473916066615929,1.473916066615929,1.3154878170174407,-0.4394588774981491,-0.4872228839185013,-0.45073946463777664,-0.35317776428217007,-0.4872228839185013,-1.0156218808582498
1.7457312541137087,0.7676565071596513,1.901489635137094,2.2654832856182323,-0.36904798862433325,"No",0.9243550627349376,-0.9243550627349376,-0.9816679202752047,0.9816679202752049,1.5052261897644954,-0.6001530417063533,-0.4666998712158976,-0.28665106169144244,-0.4587407756823103,-0.58475601520244,-0.4635210479006337,1.6188159924436452,-0.4571440177477062,0.6777862204146242,-0.6777862204146242,-0.7594141025684279,-0.4394588774981491,-0.4872228839185013,2.2163579592543923,-0.35317776428217007,2.0503963031570267,-1.0156218808582498
-1.3558143310080022,-0.8410117811044965,-1.173364237982398,-0.4018832202117115,-1.0736742198879772,"No",-1.080753533219374,1.0807535332193738,-0.9816679202752047,0.9816679202752049,-0.6636876283399649,1.6645754175629042,-0.4666998712158976,-0.28665106169144244,-0.4587407756823103,-0.58475601520244,2.1552419345888225,-0.6171176987768593,-0.4571440177477062,0.6777862204146242,-0.6777862204146242,-0.7594141025684279,2.273250242860796,-0.4872228839185013,-0.45073946463777664,-0.35317776428217007,-0.4872228839185013,-1.0156218808582498
-1.4014445464297507,-0.8410117811044965,-0.5583934633584997,-0.4018832202117115,-0.45712626753228874,"No",0.9243550627349376,-0.9243550627349376,-0.9816679202752047,0.9816679202752049,1.5052261897644954,-0.6001530417063533,-0.4666998712158976,-0.28665106169144244,-0.4587407756823103,-0.58475601520244,2.1552419345888225,-0.6171176987768593,-0.4571440177477062,0.6777862204146242,-0.6777862204146242,-0.7594141025684279,2.273250242860796,-0.4872228839185013,-0.45073946463777664,-0.35317776428217007,-0.4872228839185013,-1.0156218808582498
0.18775861198835597,-1.4844790964101555,0.05657731126539871,-0.4018832202117115,0.6878913582711325,"Yes",-1.080753533219374,1.0807535332193738,-0.9816679202752047,0.9816679202752049,-0.6636876283399649,1.6645754175629042,-0.4666998712158976,-0.28665106169144244,-0.4587407756823103,-0.58475601520244,-0.4635210479006337,-0.6171176987768593,-0.4571440177477062,0.6777862204146242,-0.6777862204146242,1.3154878170174407,-0.4394588774981491,-0.4872228839185013,-0.45073946463777664,-0.35317776428217007,-0.4872228839185013,-1.0156218808582498
1.2813877094735393,-1.4844790964101555,0.6715480858892972,-0.4018832202117115,-0.45712626753228874,"Yes",-1.080753533219374,1.0807535332193738,-0.9816679202752047,0.9816679202752049,-0.6636876283399649,-0.6001530417063533,2.1405619791522454,-0.28665106169144244,-0.4587407756823103,-0.58475601520244,-0.4635210479006337,-0.6171176987768593,-0.4571440177477062,0.6777862204146242,-0.6777862204146242,1.3154878170174407,-0.4394588774981491,-0.4872228839185013,-0.45073946463777664,-0.35317776428217007,-0.4872228839185013,-1.0156218808582498
-1.304012815959542,0.1241891918539922,0.05657731126539871,-0.4018832202117115,-0.6332828253481997,"No",0.9243550627349376,-0.9243550627349376,-0.9816679202752047,0.9816679202752049,1.5052261897644954,-0.6001530417063533,-0.4666998712158976,-0.28665106169144244,-0.4587407756823103,-0.58475601520244,-0.4635210479006337,1.6188159924436452,-0.4571440177477062,0.6777862204146242,-0.6777862204146242,-0.7594141025684279,2.273250242860796,-0.4872228839185013,-0.45073946463777664,-0.35317776428217007,2.0503963031570267,-1.0156218808582498
-1.079788929522344,1.0893901648124809,1.2865188605131956,1.376361117008251,1.0402044739029543,"Yes",0.9243550627349376,-0.9243550627349376,-0.9816679202752047,0.9816679202752049,-0.6636876283399649,-0.6001530417063533,2.1405619791522454,-0.28665106169144244,-0.4587407756823103,-0.58475601520244,-0.4635210479006337,-0.6171176987768593,2.185306951892214,0.6777862204146242,-0.6777862204146242,-0.7594141025684279,-0.4394588774981491,2.0503963031570267,-0.45073946463777664,-0.35317776428217007,-0.4872228839185013,-1.0156218808582498
-0.09144594385045708,-0.5192781234516669,-1.173364237982398,-1.2910053888216928,-0.36904798862433325,"Yes",0.9243550627349376,-0.9243550627349376,-0.9816679202752047,0.9816679202752049,1.5052261897644954,-0.6001530417063533,-0.4666998712158976,-0.28665106169144244,-0.4587407756823103,-0.58475601520244,-0.4635210479006337,1.6188159924436452,-0.4571440177477062,0.6777862204146242,-0.6777862204146242,1.3154878170174407,-0.4394588774981491,-0.4872228839185013,-0.45073946463777664,-0.35317776428217007,-0.4872228839185013,-1.0156218808582498
1.277273509722398,-0.5192781234516669,0.05657731126539871,0.4872389483982698,1.8329089840745538,"Yes",-1.080753533219374,1.0807535332193738,-0.9816679202752047,0.9816679202752049,1.5052261897644954,-0.6001530417063533,-0.4666998712158976,-0.28665106169144244,-0.4587407756823103,-0.58475601520244,-0.4635210479006337,-0.6171176987768593,2.185306951892214,0.6777862204146242,-0.6777862204146242,-0.7594141025684279,-0.4394588774981491,2.0503963031570267,-0.45073946463777664,-0.35317776428217007,2.0503963031570267,-1.0156218808582498
0.21094773785842483,-0.8410117811044965,0.05657731126539871,0.4872389483982698,-0.1928914308084223,"No",-1.080753533219374,1.0807535332193738,1.0176557462730738,-1.017655746273074,-0.6636876283399649,1.6645754175629042,-0.4666998712158976,-0.28665106169144244,-0.4587407756823103,-0.58475601520244,2.1552419345888225,-0.6171176987768593,-0.4571440177477062,0.6777862204146242,-0.6777862204146242,1.3154878170174407,-0.4394588774981491,-0.4872228839185013,-0.45073946463777664,-0.35317776428217007,-0.4872228839185013,-1.0156218808582498
-1.4459527073739151,-1.4844790964101555,0.05657731126539871,-0.4018832202117115,0.6878913582711325,"No",0.9243550627349376,-0.9243550627349376,-0.9816679202752047,0.9816679202752049,-0.6636876283399649,1.6645754175629042,-0.4666998712158976,-0.28665106169144244,-0.4587407756823103,-0.58475601520244,-0.4635210479006337,-0.6171176987768593,-0.4571440177477062,0.6777862204146242,-0.6777862204146242,-0.7594141025684279,2.273250242860796,-0.4872228839185013,-0.45073946463777664,-0.35317776428217007,-0.4872228839185013,-1.0156218808582498
1.6301596429225589,-1.4844790964101555,-0.5583934633584997,-0.4018832202117115,-0.8094393831641107,"Yes",-1.080753533219374,1.0807535332193738,1.0176557462730738,-1.017655746273074,-0.6636876283399649,-0.6001530417063533,2.1405619791522454,-0.28665106169144244,-0.4587407756823103,-0.58475601520244,-0.4635210479006337,-0.6171176987768593,-0.4571440177477062,-1.473916066615929,1.473916066615929,-0.7594141025684279,-0.4394588774981491,2.0503963031570267,-0.45073946463777664,-0.35317776428217007,-0.4872228839185013,-1.0156218808582498
-0.36878040889329683,-1.162745438757326,0.05657731126539871,0.4872389483982698,-0.1928914308084223,"No",-1.080753533219374,1.0807535332193738,-0.9816679202752047,0.9816679202752049,-0.6636876283399649,-0.6001530417063533,2.1405619791522454,-0.28665106169144244,-0.4587407756823103,-0.58475601520244,-0.4635210479006337,-0.6171176987768593,-0.4571440177477062,0.6777862204146242,-0.6777862204146242,1.3154878170174407,-0.4394588774981491,-0.4872228839185013,-0.45073946463777664,-0.35317776428217007,-0.4872228839185013,-1.0156218808582498
0.8054496018983356,-1.162745438757326,0.05657731126539871,0.4872389483982698,0.952126194994999,"Yes",0.9243550627349376,-0.9243550627349376,1.0176557462730738,-1.017655746273074,-0.6636876283399649,-0.6001530417063533,-0.4666998712158976,3.48507343424859,-0.4587407756823103,-0.58475601520244,2.1552419345888225,-0.6171176987768593,-0.4571440177477062,0.6777862204146242,-0.6777862204146242,-0.7594141025684279,-0.4394588774981491,2.0503963031570267,-0.45073946463777664,-0.35317776428217007,2.0503963031570267,-1.0156218808582498
1.230708248902663,-0.8410117811044965,0.05657731126539871,0.4872389483982698,1.3925175895347763,"Yes",-1.080753533219374,1.0807535332193738,1.0176557462730738,-1.017655746273074,-0.6636876283399649,1.6645754175629042,-0.4666998712158976,-0.28665106169144244,-0.4587407756823103,-0.58475601520244,2.1552419345888225,-0.6171176987768593,-0.4571440177477062,-1.473916066615929,1.473916066615929,-0.7594141025684279,-0.4394588774981491,2.0503963031570267,-0.45073946463777664,-0.35317776428217007,2.0503963031570267,-1.0156218808582498
0.4738825037722702,-0.5192781234516669,-1.173364237982398,-1.2910053888216928,-0.36904798862433325,"Yes",-1.080753533219374,1.0807535332193738,-0.9816679202752047,0.9816679202752049,1.5052261897644954,-0.6001530417063533,-0.4666998712158976,-0.28665106169144244,-0.4587407756823103,-0.58475601520244,-0.4635210479006337,1.6188159924436452,-0.4571440177477062,-1.473916066615929,1.473916066615929,1.3154878170174407,-0.4394588774981491,-0.4872228839185013,-0.45073946463777664,-0.35317776428217007,-0.4872228839185013,-1.0156218808582498
0.7530870596110832,-1.4844790964101555,-1.173364237982398,-0.4018832202117115,-1.60214389333571,"Yes",-1.080753533219374,1.0807535332193738,1.0176557462730738,-1.017655746273074,-0.6636876283399649,1.6645754175629042,-0.4666998712158976,-0.28665106169144244,-0.4587407756823103,-0.58475601520244,-0.4635210479006337,-0.6171176987768593,-0.4571440177477062,-1.473916066615929,1.473916066615929,1.3154878170174407,-0.4394588774981491,-0.4872228839185013,-0.45073946463777664,-0.35317776428217007,2.0503963031570267,-1.0156218808582498
-0.9601031185800529,-0.5192781234516669,-0.5583934633584997,-1.2910053888216928,-0.1928914308084223,"Yes",0.9243550627349376,-0.9243550627349376,-0.9816679202752047,0.9816679202752049,1.5052261897644954,-0.6001530417063533,-0.4666998712158976,-0.28665106169144244,-0.4587407756823103,1.7084048287286975,-0.4635210479006337,-0.6171176987768593,-0.4571440177477062,0.6777862204146242,-0.6777862204146242,1.3154878170174407,-0.4394588774981491,-0.4872228839185013,-0.45073946463777664,-0.35317776428217007,-0.4872228839185013,-1.0156218808582498
-0.6268529387376116,0.7676565071596513,-1.173364237982398,1.376361117008251,-1.0736742198879772,"No",0.9243550627349376,-0.9243550627349376,1.0176557462730738,-1.017655746273074,1.5052261897644954,-0.6001530417063533,-0.4666998712158976,-0.28665106169144244,-0.4587407756823103,-0.58475601520244,-0.4635210479006337,1.6188159924436452,-0.4571440177477062,0.6777862204146242,-0.6777862204146242,-0.7594141025684279,-0.4394588774981491,-0.4872228839185013,-0.45073946463777664,2.8286038959175603,2.0503963031570267,-1.0156218808582498
0.17036676758580432,-0.8410117811044965,-0.5583934633584997,-1.2910053888216928,-0.6332828253481997,"Yes",-1.080753533219374,1.0807535332193738,-0.9816679202752047,0.9816679202752049,1.5052261897644954,-0.6001530417063533,-0.4666998712158976,-0.28665106169144244,-0.4587407756823103,-0.58475601520244,2.1552419345888225,-0.6171176987768593,-0.4571440177477062,0.6777862204146242,-0.6777862204146242,-0.7594141025684279,-0.4394588774981491,-0.4872228839185013,2.2163579592543923,-0.35317776428217007,-0.4872228839185013,-1.0156218808582498
0.14268942380539953,-0.5192781234516669,0.05657731126539871,-0.4018832202117115,-0.8975176620720662,"No",0.9243550627349376,-0.9243550627349376,1.0176557462730738,-1.017655746273074,-0.6636876283399649,1.6645754175629042,-0.4666998712158976,-0.28665106169144244,-0.4587407756823103,-0.58475601520244,2.1552419345888225,-0.6171176987768593,-0.4571440177477062,-1.473916066615929,1.473916066615929,1.3154878170174407,-0.4394588774981491,-0.4872228839185013,-0.45073946463777664,-0.35317776428217007,-0.4872228839185013,-1.0156218808582498
0.46715017690676636,-0.5192781234516669,-1.173364237982398,-1.2910053888216928,-0.6332828253481997,"Yes",0.9243550627349376,-0.9243550627349376,-0.9816679202752047,0.9816679202752049,-0.6636876283399649,-0.6001530417063533,-0.4666998712158976,-0.28665106169144244,2.1777004638711976,-0.58475601520244,2.1552419345888225,-0.6171176987768593,-0.4571440177477062,0.6777862204146242,-0.6777862204146242,1.3154878170174407,-0.4394588774981491,-0.4872228839185013,-0.45073946463777664,-0.35317776428217007,-0.4872228839185013,-1.0156218808582498
-0.09181996200965173,-0.5192781234516669,-1.173364237982398,-1.2910053888216928,-0.36904798862433325,"Yes",0.9243550627349376,-0.9243550627349376,1.0176557462730738,-1.017655746273074,1.5052261897644954,-0.6001530417063533,-0.4666998712158976,-0.28665106169144244,-0.4587407756823103,-0.58475601520244,-0.4635210479006337,1.6188159924436452,-0.4571440177477062,-1.473916066615929,1.473916066615929,1.3154878170174407,-0.4394588774981491,-0.4872228839185013,-0.45073946463777664,-0.35317776428217007,-0.4872228839185013,-1.0156218808582498
-0.054418146090185825,-1.162745438757326,1.2865188605131956,0.4872389483982698,1.3925175895347763,"No",0.9243550627349376,-0.9243550627349376,-0.9816679202752047,0.9816679202752049,-0.6636876283399649,-0.6001530417063533,2.1405619791522454,-0.28665106169144244,-0.4587407756823103,1.7084048287286975,-0.4635210479006337,-0.6171176987768593,-0.4571440177477062,0.6777862204146242,-0.6777862204146242,-0.7594141025684279,-0.4394588774981491,2.0503963031570267,-0.45073946463777664,-0.35317776428217007,2.0503963031570267,-1.0156218808582498
-1.3535702220528343,-0.8410117811044965,-1.173364237982398,-0.4018832202117115,-1.5140656144277544,"No",-1.080753533219374,1.0807535332193738,-0.9816679202752047,0.9816679202752049,-0.6636876283399649,1.6645754175629042,-0.4666998712158976,-0.28665106169144244,-0.4587407756823103,-0.58475601520244,2.1552419345888225,-0.6171176987768593,-0.4571440177477062,-1.473916066615929,1.473916066615929,-0.7594141025684279,-0.4394588774981491,-0.4872228839185013,2.2163579592543923,-0.35317776428217007,-0.4872228839185013,-1.0156218808582498
1.1572136806209126,0.1241891918539922,-0.5583934633584997,-0.4018832202117115,-0.10481315190046682,"Yes",0.9243550627349376,-0.9243550627349376,-0.9816679202752047,0.9816679202752049,-0.6636876283399649,1.6645754175629042,-0.4666998712158976,-0.28665106169144244,-0.4587407756823103,1.7084048287286975,-0.4635210479006337,-0.6171176987768593,-0.4571440177477062,0.6777862204146242,-0.6777862204146242,-0.7594141025684279,-0.4394588774981491,2.0503963031570267,-0.45073946463777664,-0.35317776428217007,2.0503963031570267,-1.0156218808582498
1.7113215834678,1.4111238224653104,-0.5583934633584997,1.376361117008251,0.3355782426393106,"No",-1.080753533219374,1.0807535332193738,-0.9816679202752047,0.9816679202752049,1.5052261897644954,-0.6001530417063533,-0.4666998712158976,-0.28665106169144244,-0.4587407756823103,-0.58475601520244,-0.4635210479006337,-0.6171176987768593,2.185306951892214,-1.473916066615929,1.473916066615929,1.3154878170174407,-0.4394588774981491,-0.4872228839185013,-0.45073946463777664,-0.35317776428217007,2.0503963031570267,-1.0156218808582498
-0.39664476175329894,-1.162745438757326,-1.173364237982398,0.4872389483982698,-1.0736742198879772,"No",-1.080753533219374,1.0807535332193738,1.0176557462730738,-1.017655746273074,-0.6636876283399649,-0.6001530417063533,-0.4666998712158976,3.48507343424859,-0.4587407756823103,-0.58475601520244,-0.4635210479006337,-0.6171176987768593,-0.4571440177477062,-1.473916066615929,1.473916066615929,-0.7594141025684279,-0.4394588774981491,-0.4872228839185013,2.2163579592543923,-0.35317776428217007,-0.4872228839185013,-1.0156218808582498
0.9522517293822392,1.4111238224653104,-0.5583934633584997,1.376361117008251,0.2474999637313551,"No",0.9243550627349376,-0.9243550627349376,-0.9816679202752047,0.9816679202752049,1.5052261897644954,-0.6001530417063533,-0.4666998712158976,-0.28665106169144244,-0.4587407756823103,-0.58475601520244,-0.4635210479006337,-0.6171176987768593,2.185306951892214,0.6777862204146242,-0.6777862204146242,-0.7594141025684279,2.273250242860796,-0.4872228839185013,-0.45073946463777664,-0.35317776428217007,2.0503963031570267,-1.0156218808582498
0.6470529114793974,0.7676565071596513,1.901489635137094,1.376361117008251,-0.36904798862433325,"No",-1.080753533219374,1.0807535332193738,-0.9816679202752047,0.9816679202752049,-0.6636876283399649,-0.6001530417063533,-0.4666998712158976,-0.28665106169144244,2.1777004638711976,-0.58475601520244,-0.4635210479006337,-0.6171176987768593,2.185306951892214,0.6777862204146242,-0.6777862204146242,1.3154878170174407,-0.4394588774981491,-0.4872228839185013,-0.45073946463777664,-0.35317776428217007,2.0503963031570267,-1.0156218808582498
-0.9664614272863621,-1.4844790964101555,1.2865188605131956,0.4872389483982698,-0.2809697097163778,"Yes",-1.080753533219374,1.0807535332193738,1.0176557462730738,-1.017655746273074,-0.6636876283399649,-0.6001530417063533,-0.4666998712158976,3.48507343424859,-0.4587407756823103,-0.58475601520244,-0.4635210479006337,-0.6171176987768593,-0.4571440177477062,0.6777862204146242,-0.6777862204146242,1.3154878170174407,-0.4394588774981491,-0.4872228839185013,-0.45073946463777664,-0.35317776428217007,-0.4872228839185013,-1.0156218808582498
-1.3655388031470634,2.376324795423799,1.901489635137094,2.2654832856182323,1.3044393106268208,"No",0.9243550627349376,-0.9243550627349376,1.0176557462730738,-1.017655746273074,-0.6636876283399649,1.6645754175629042,-0.4666998712158976,-0.28665106169144244,-0.4587407756823103,-0.58475601520244,-0.4635210479006337,1.6188159924436452,-0.4571440177477062,0.6777862204146242,-0.6777862204146242,1.3154878170174407,-0.4394588774981491,-0.4872228839185013,-0.45073946463777664,-0.35317776428217007,-0.4872228839185013,-1.0156218808582498
0.7504689324967206,-1.4844790964101555,0.05657731126539871,-1.2910053888216928,0.5117348004552216,"No",-1.080753533219374,1.0807535332193738,-0.9816679202752047,0.9816679202752049,-0.6636876283399649,1.6645754175629042,-0.4666998712158976,-0.28665106169144244,-0.4587407756823103,-0.58475601520244,-0.4635210479006337,-0.6171176987768593,-0.4571440177477062,-1.473916066615929,1.473916066615929,1.3154878170174407,-0.4394588774981491,-0.4872228839185013,-0.45073946463777664,-0.35317776428217007,-0.4872228839185013,-1.0156218808582498
1.0545456959219786,-1.162745438757326,0.05657731126539871,-0.4018832202117115,0.8640479160870435,"Yes",-1.080753533219374,1.0807535332193738,1.0176557462730738,-1.017655746273074,-0.6636876283399649,1.6645754175629042,-0.4666998712158976,-0.28665106169144244,-0.4587407756823103,-0.58475601520244,-0.4635210479006337,-0.6171176987768593,-0.4571440177477062,-1.473916066615929,1.473916066615929,1.3154878170174407,-0.4394588774981491,-0.4872228839185013,-0.45073946463777664,-0.35317776428217007,-0.4872228839185013,-1.0156218808582498
0.15540604121801796,-1.4844790964101555,-0.5583934633584997,-1.2910053888216928,0.3355782426393106,"No",0.9243550627349376,-0.9243550627349376,1.0176557462730738,-1.017655746273074,1.5052261897644954,-0.6001530417063533,-0.4666998712158976,-0.28665106169144244,-0.4587407756823103,-0.58475601520244,-0.4635210479006337,-0.6171176987768593,-0.4571440177477062,0.6777862204146242,-0.6777862204146242,1.3154878170174407,-0.4394588774981491,-0.4872228839185013,-0.45073946463777664,-0.35317776428217007,-0.4872228839185013,-1.0156218808582498
0.37663778238165885,0.1241891918539922,-0.5583934633584997,-0.4018832202117115,-0.016734872992511342,"Yes",-1.080753533219374,1.0807535332193738,1.0176557462730738,-1.017655746273074,1.5052261897644954,-0.6001530417063533,-0.4666998712158976,-0.28665106169144244,-0.4587407756823103,-0.58475601520244,-0.4635210479006337,1.6188159924436452,-0.4571440177477062,0.6777862204146242,-0.6777862204146242,-0.7594141025684279,-0.4394588774981491,2.0503963031570267,-0.45073946463777664,-0.35317776428217007,2.0503963031570267,-1.0156218808582498
1.0274293793803657,-1.162745438757326,0.05657731126539871,-1.2910053888216928,-0.36904798862433325,"Yes",0.9243550627349376,-0.9243550627349376,1.0176557462730738,-1.017655746273074,-0.6636876283399649,-0.6001530417063533,2.1405619791522454,-0.28665106169144244,-0.4587407756823103,-0.58475601520244,-0.4635210479006337,-0.6171176987768593,-0.4571440177477062,0.6777862204146242,-0.6777862204146242,1.3154878170174407,-0.4394588774981491,-0.4872228839185013,-0.45073946463777664,-0.35317776428217007,-0.4872228839185013,-1.0156218808582498
1.723290164562029,0.1241891918539922,0.05657731126539871,-0.4018832202117115,-0.5452045464402442,"Yes",-1.080753533219374,1.0807535332193738,1.0176557462730738,-1.017655746273074,1.5052261897644954,-0.6001530417063533,-0.4666998712158976,-0.28665106169144244,-0.4587407756823103,-0.58475601520244,-0.4635210479006337,1.6188159924436452,-0.4571440177477062,-1.473916066615929,1.473916066615929,1.3154878170174407,-0.4394588774981491,-0.4872228839185013,-0.45073946463777664,-0.35317776428217007,2.0503963031570267,-1.0156218808582498
0.8065716563759195,-0.5192781234516669,0.05657731126539871,0.4872389483982698,0.6878913582711325,"No",-1.080753533219374,1.0807535332193738,-0.9816679202752047,0.9816679202752049,-0.6636876283399649,1.6645754175629042,-0.4666998712158976,-0.28665106169144244,-0.4587407756823103,1.7084048287286975,-0.4635210479006337,-0.6171176987768593,-0.4571440177477062,-1.473916066615929,1.473916066615929,-0.7594141025684279,-0.4394588774981491,-0.4872228839185013,2.2163579592543923,-0.35317776428217007,2.0503963031570267,-1.0156218808582498
0.4555556139717319,-1.4844790964101555,-1.173364237982398,-0.4018832202117115,-1.6902221722436654,"Yes",0.9243550627349376,-0.9243550627349376,-0.9816679202752047,0.9816679202752049,-0.6636876283399649,1.6645754175629042,-0.4666998712158976,-0.28665106169144244,-0.4587407756823103,-0.58475601520244,-0.4635210479006337,-0.6171176987768593,-0.4571440177477062,0.6777862204146242,-0.6777862204146242,-0.7594141025684279,2.273250242860796,-0.4872228839185013,-0.45073946463777664,-0.35317776428217007,2.0503963031570267,-1.0156218808582498
-0.8417263711949433,-1.4844790964101555,-1.173364237982398,-0.4018832202117115,-1.6902221722436654,"No",0.9243550627349376,-0.9243550627349376,1.0176557462730738,-1.017655746273074,-0.6636876283399649,1.6645754175629042,-0.4666998712158976,-0.28665106169144244,-0.4587407756823103,-0.58475601520244,-0.4635210479006337,-0.6171176987768593,-0.4571440177477062,-1.473916066615929,1.473916066615929,1.3154878170174407,-0.4394588774981491,-0.4872228839185013,-0.45073946463777664,-0.35317776428217007,2.0503963031570267,-1.0156218808582498
1.2699801556181023,1.0893901648124809,-0.5583934633584997,-0.4018832202117115,0.2474999637313551,"Yes",-1.080753533219374,1.0807535332193738,-0.9816679202752047,0.9816679202752049,1.5052261897644954,-0.6001530417063533,-0.4666998712158976,-0.28665106169144244,-0.4587407756823103,-0.58475601520244,-0.4635210479006337,1.6188159924436452,-0.4571440177477062,0.6777862204146242,-0.6777862204146242,-0.7594141025684279,2.273250242860796,-0.4872228839185013,-0.45073946463777664,-0.35317776428217007,2.0503963031570267,-1.0156218808582498
-1.0721215572588534,1.4111238224653104,-1.173364237982398,1.376361117008251,-0.8094393831641107,"No",-1.080753533219374,1.0807535332193738,-0.9816679202752047,0.9816679202752049,-0.6636876283399649,-0.6001530417063533,2.1405619791522454,-0.28665106169144244,-0.4587407756823103,-0.58475601520244,-0.4635210479006337,-0.6171176987768593,2.185306951892214,0.6777862204146242,-0.6777862204146242,-0.7594141025684279,-0.4394588774981491,-0.4872228839185013,-0.45073946463777664,2.8286038959175603,2.0503963031570267,-1.0156218808582498
-1.1048481461883861,0.44592284950682176,-1.173364237982398,-0.4018832202117115,-0.2809697097163778,"Yes",-1.080753533219374,1.0807535332193738,-0.9816679202752047,0.9816679202752049,1.5052261897644954,-0.6001530417063533,-0.4666998712158976,-0.28665106169144244,-0.4587407756823103,-0.58475601520244,-0.4635210479006337,1.6188159924436452,-0.4571440177477062,-1.473916066615929,1.473916066615929,-0.7594141025684279,-0.4394588774981491,2.0503963031570267,-0.45073946463777664,-0.35317776428217007,2.0503963031570267,-1.0156218808582498
-1.4386593532696192,-0.8410117811044965,-0.5583934633584997,-1.2910053888216928,0.2474999637313551,"No",0.9243550627349376,-0.9243550627349376,-0.9816679202752047,0.9816679202752049,1.5052261897644954,-0.6001530417063533,-0.4666998712158976,-0.28665106169144244,-0.4587407756823103,-0.58475601520244,2.1552419345888225,-0.6171176987768593,-0.4571440177477062,0.6777862204146242,-0.6777862204146242,1.3154878170174407,-0.4394588774981491,-0.4872228839185013,-0.45073946463777664,-0.35317776428217007,-0.4872228839185013,-1.0156218808582498
-0.5167045908547845,2.376324795423799,1.2865188605131956,2.2654832856182323,1.4805958684427318,"Yes",0.9243550627349376,-0.9243550627349376,1.0176557462730738,-1.017655746273074,-0.6636876283399649,1.6645754175629042,-0.4666998712158976,-0.28665106169144244,-0.4587407756823103,-0.58475601520244,-0.4635210479006337,1.6188159924436452,-0.4571440177477062,0.6777862204146242,-0.6777862204146242,-0.7594141025684279,-0.4394588774981491,2.0503963031570267,-0.45073946463777664,-0.35317776428217007,-0.4872228839185013,-1.0156218808582498
-0.3407290469536974,0.7676565071596513,1.901489635137094,0.4872389483982698,1.4805958684427318,"No",0.9243550627349376,-0.9243550627349376,1.0176557462730738,-1.017655746273074,1.5052261897644954,-0.6001530417063533,-0.4666998712158976,-0.28665106169144244,-0.4587407756823103,-0.58475601520244,-0.4635210479006337,-0.6171176987768593,2.185306951892214,0.6777862204146242,-0.6777862204146242,-0.7594141025684279,2.273250242860796,-0.4872228839185013,-0.45073946463777664,-0.35317776428217007,-0.4872228839185013,-1.0156218808582498
0.7474767872231634,-1.4844790964101555,-1.173364237982398,0.4872389483982698,-0.9855959409800217,"No",0.9243550627349376,-0.9243550627349376,-0.9816679202752047,0.9816679202752049,-0.6636876283399649,-0.6001530417063533,-0.4666998712158976,3.48507343424859,-0.4587407756823103,-0.58475601520244,-0.4635210479006337,-0.6171176987768593,-0.4571440177477062,-1.473916066615929,1.473916066615929,1.3154878170174407,-0.4394588774981491,-0.4872228839185013,-0.45073946463777664,-0.35317776428217007,-0.4872228839185013,-1.0156218808582498
-0.3850501988182645,-1.4844790964101555,-1.173364237982398,-0.4018832202117115,-1.5140656144277544,"No",0.9243550627349376,-0.9243550627349376,1.0176557462730738,-1.017655746273074,-0.6636876283399649,1.6645754175629042,-0.4666998712158976,-0.28665106169144244,-0.4587407756823103,-0.58475601520244,-0.4635210479006337,-0.6171176987768593,-0.4571440177477062,0.6777862204146242,-0.6777862204146242,-0.7594141025684279,2.273250242860796,-0.4872228839185013,-0.45073946463777664,-0.35317776428217007,2.0503963031570267,-1.0156218808582498
-0.09799126163636361,-0.19754446579883733,-1.173364237982398,-1.2910053888216928,-0.6332828253481997,"Yes",-1.080753533219374,1.0807535332193738,-0.9816679202752047,0.9816679202752049,-0.6636876283399649,-0.6001530417063533,-0.4666998712158976,-0.28665106169144244,2.1777004638711976,1.7084048287286975,-0.4635210479006337,-0.6171176987768593,-0.4571440177477062,0.6777862204146242,-0.6777862204146242,1.3154878170174407,-0.4394588774981491,-0.4872228839185013,-0.45073946463777664,-0.35317776428217007,-0.4872228839185013,-1.0156218808582498
-0.4604148578959883,0.7676565071596513,0.05657731126539871,0.4872389483982698,0.6878913582711325,"Yes",-1.080753533219374,1.0807535332193738,1.0176557462730738,-1.017655746273074,-0.6636876283399649,1.6645754175629042,-0.4666998712158976,-0.28665106169144244,-0.4587407756823103,1.7084048287286975,-0.4635210479006337,-0.6171176987768593,-0.4571440177477062,0.6777862204146242,-0.6777862204146242,-0.7594141025684279,-0.4394588774981491,2.0503963031570267,-0.45073946463777664,-0.35317776428217007,2.0503963031570267,-1.0156218808582498
-1.442399534861566,-1.162745438757326,-1.173364237982398,-1.2910053888216928,-1.3379090566118435,"Yes",-1.080753533219374,1.0807535332193738,1.0176557462730738,-1.017655746273074,-0.6636876283399649,1.6645754175629042,-0.4666998712158976,-0.28665106169144244,-0.4587407756823103,-0.58475601520244,-0.4635210479006337,-0.6171176987768593,-0.4571440177477062,0.6777862204146242,-0.6777862204146242,1.3154878170174407,-0.4394588774981491,-0.4872228839185013,-0.45073946463777664,-0.35317776428217007,2.0503963031570267,-1.0156218808582498
1.3722741221578414,1.73285748011814,0.05657731126539871,1.376361117008251,0.3355782426393106,"No",-1.080753533219374,1.0807535332193738,1.0176557462730738,-1.017655746273074,-0.6636876283399649,1.6645754175629042,-0.4666998712158976,-0.28665106169144244,-0.4587407756823103,-0.58475601520244,-0.4635210479006337,1.6188159924436452,-0.4571440177477062,-1.473916066615929,1.473916066615929,-0.7594141025684279,-0.4394588774981491,2.0503963031570267,-0.45073946463777664,-0.35317776428217007,-0.4872228839185013,-1.0156218808582498
-1.0799759386019412,3.341525768382288,1.2865188605131956,0.4872389483982698,0.952126194994999,"Yes",0.9243550627349376,-0.9243550627349376,-0.9816679202752047,0.9816679202752049,-0.6636876283399649,1.6645754175629042,-0.4666998712158976,-0.28665106169144244,-0.4587407756823103,-0.58475601520244,-0.4635210479006337,1.6188159924436452,-0.4571440177477062,-1.473916066615929,1.473916066615929,-0.7594141025684279,-0.4394588774981491,-0.4872228839185013,-0.45073946463777664,2.8286038959175603,-0.4872228839185013,-1.0156218808582498
-1.4500669071250565,-1.4844790964101555,-1.173364237982398,-1.2910053888216928,-0.6332828253481997,"Yes",0.9243550627349376,-0.9243550627349376,1.0176557462730738,-1.017655746273074,-0.6636876283399649,-0.6001530417063533,-0.4666998712158976,-0.28665106169144244,2.1777004638711976,-0.58475601520244,-0.4635210479006337,-0.6171176987768593,-0.4571440177477062,0.6777862204146242,-0.6777862204146242,1.3154878170174407,-0.4394588774981491,-0.4872228839185013,-0.45073946463777664,-0.35317776428217007,-0.4872228839185013,-1.0156218808582498
1.0403330058725815,-1.4844790964101555,-0.5583934633584997,-1.2910053888216928,-0.016734872992511342,"No",-1.080753533219374,1.0807535332193738,-0.9816679202752047,0.9816679202752049,-0.6636876283399649,-0.6001530417063533,-0.4666998712158976,-0.28665106169144244,2.1777004638711976,-0.58475601520244,-0.4635210479006337,-0.6171176987768593,-0.4571440177477062,0.6777862204146242,-0.6777862204146242,1.3154878170174407,-0.4394588774981491,-0.4872228839185013,-0.45073946463777664,-0.35317776428217007,-0.4872228839185013,-1.0156218808582498
0.41216950750515147,-0.8410117811044965,0.6715480858892972,0.4872389483982698,0.952126194994999,"Yes",0.9243550627349376,-0.9243550627349376,1.0176557462730738,-1.017655746273074,-0.6636876283399649,1.6645754175629042,-0.4666998712158976,-0.28665106169144244,-0.4587407756823103,-0.58475601520244,2.1552419345888225,-0.6171176987768593,-0.4571440177477062,-1.473916066615929,1.473916066615929,-0.7594141025684279,-0.4394588774981491,-0.4872228839185013,2.2163579592543923,-0.35317776428217007,2.0503963031570267,-1.0156218808582498
-0.09743023439757162,-1.4844790964101555,0.05657731126539871,-0.4018832202117115,-0.5452045464402442,"No",0.9243550627349376,-0.9243550627349376,1.0176557462730738,-1.017655746273074,-0.6636876283399649,-0.6001530417063533,2.1405619791522454,-0.28665106169144244,-0.4587407756823103,-0.58475601520244,-0.4635210479006337,-0.6171176987768593,-0.4571440177477062,-1.473916066615929,1.473916066615929,1.3154878170174407,-0.4394588774981491,-0.4872228839185013,-0.45073946463777664,-0.35317776428217007,-0.4872228839185013,-1.0156218808582498
-0.8791281871144092,-0.5192781234516669,0.05657731126539871,0.4872389483982698,1.9209872629825093,"Yes",-1.080753533219374,1.0807535332193738,-0.9816679202752047,0.9816679202752049,1.5052261897644954,-0.6001530417063533,-0.4666998712158976,-0.28665106169144244,-0.4587407756823103,-0.58475601520244,-0.4635210479006337,-0.6171176987768593,2.185306951892214,0.6777862204146242,-0.6777862204146242,-0.7594141025684279,-0.4394588774981491,2.0503963031570267,-0.45073946463777664,-0.35317776428217007,2.0503963031570267,-1.0156218808582498
1.6741067766279314,2.376324795423799,1.2865188605131956,2.2654832856182323,1.2163610317188653,"No",0.9243550627349376,-0.9243550627349376,1.0176557462730738,-1.017655746273074,-0.6636876283399649,-0.6001530417063533,2.1405619791522454,-0.28665106169144244,-0.4587407756823103,-0.58475601520244,-0.4635210479006337,-0.6171176987768593,2.185306951892214,-1.473916066615929,1.473916066615929,-0.7594141025684279,-0.4394588774981491,-0.4872228839185013,-0.45073946463777664,2.8286038959175603,-0.4872228839185013,-1.0156218808582498
-0.7792653386094353,1.0893901648124809,-0.5583934633584997,-0.4018832202117115,0.2474999637313551,"Yes",0.9243550627349376,-0.9243550627349376,1.0176557462730738,-1.017655746273074,1.5052261897644954,-0.6001530417063533,-0.4666998712158976,-0.28665106169144244,-0.4587407756823103,-0.58475601520244,-0.4635210479006337,1.6188159924436452,-0.4571440177477062,0.6777862204146242,-0.6777862204146242,-0.7594141025684279,2.273250242860796,-0.4872228839185013,-0.45073946463777664,-0.35317776428217007,2.0503963031570267,-1.0156218808582498
-1.6679324848559454,-0.8410117811044965,0.6715480858892972,0.4872389483982698,1.0402044739029543,"Yes",0.9243550627349376,-0.9243550627349376,1.0176557462730738,-1.017655746273074,-0.6636876283399649,-0.6001530417063533,2.1405619791522454,-0.28665106169144244,-0.4587407756823103,1.7084048287286975,-0.4635210479006337,-0.6171176987768593,-0.4571440177477062,-1.473916066615929,1.473916066615929,-0.7594141025684279,-0.4394588774981491,-0.4872228839185013,2.2163579592543923,-0.35317776428217007,2.0503963031570267,-1.0156218808582498
-0.3394199833965161,0.7676565071596513,1.901489635137094,0.4872389483982698,1.3044393106268208,"No",-1.080753533219374,1.0807535332193738,-0.9816679202752047,0.9816679202752049,-0.6636876283399649,1.6645754175629042,-0.4666998712158976,-0.28665106169144244,-0.4587407756823103,-0.58475601520244,-0.4635210479006337,1.6188159924436452,-0.4571440177477062,-1.473916066615929,1.473916066615929,-0.7594141025684279,-0.4394588774981491,-0.4872228839185013,-0.45073946463777664,2.8286038959175603,-0.4872228839185013,-1.0156218808582498
0.11968730701492801,0.44592284950682176,-1.173364237982398,2.2654832856182323,-1.0736742198879772,"Yes",0.9243550627349376,-0.9243550627349376,1.0176557462730738,-1.017655746273074,1.5052261897644954,-0.6001530417063533,-0.4666998712158976,-0.28665106169144244,-0.4587407756823103,-0.58475601520244,-0.4635210479006337,1.6188159924436452,-0.4571440177477062,0.6777862204146242,-0.6777862204146242,-0.7594141025684279,-0.4394588774981491,-0.4872228839185013,-0.45073946463777664,2.8286038959175603,2.0503963031570267,-1.0156218808582498
-0.09051089845247043,-0.8410117811044965,-0.5583934633584997,-0.4018832202117115,-0.016734872992511342,"Yes",0.9243550627349376,-0.9243550627349376,-0.9816679202752047,0.9816679202752049,-0.6636876283399649,1.6645754175629042,-0.4666998712158976,-0.28665106169144244,-0.4587407756823103,-0.58475601520244,2.1552419345888225,-0.6171176987768593,-0.4571440177477062,0.6777862204146242,-0.6777862204146242,1.3154878170174407,-0.4394588774981491,-0.4872228839185013,-0.45073946463777664,-0.35317776428217007,-0.4872228839185013,-1.0156218808582498
-0.6502290736872778,-0.8410117811044965,0.6715480858892972,0.4872389483982698,0.952126194994999,"No",0.9243550627349376,-0.9243550627349376,-0.9816679202752047,0.9816679202752049,-0.6636876283399649,-0.6001530417063533,2.1405619791522454,-0.28665106169144244,-0.4587407756823103,1.7084048287286975,-0.4635210479006337,-0.6171176987768593,-0.4571440177477062,0.6777862204146242,-0.6777862204146242,-0.7594141025684279,-0.4394588774981491,2.0503963031570267,-0.45073946463777664,-0.35317776428217007,2.0503963031570267,-1.0156218808582498
1.3049508535028027,-1.4844790964101555,0.05657731126539871,-1.2910053888216928,-0.7213611042561552,"Yes",-1.080753533219374,1.0807535332193738,-0.9816679202752047,0.9816679202752049,-0.6636876283399649,-0.6001530417063533,2.1405619791522454,-0.28665106169144244,-0.4587407756823103,-0.58475601520244,-0.4635210479006337,-0.6171176987768593,-0.4571440177477062,0.6777862204146242,-0.6777862204146242,1.3154878170174407,-0.4394588774981491,-0.4872228839185013,-0.45073946463777664,-0.35317776428217007,-0.4872228839185013,-1.0156218808582498
-0.8011454009223228,0.7676565071596513,1.901489635137094,0.4872389483982698,1.5686741473506873,"No",-1.080753533219374,1.0807535332193738,1.0176557462730738,-1.017655746273074,1.5052261897644954,-0.6001530417063533,-0.4666998712158976,-0.28665106169144244,-0.4587407756823103,-0.58475601520244,-0.4635210479006337,-0.6171176987768593,2.185306951892214,0.6777862204146242,-0.6777862204146242,-0.7594141025684279,-0.4394588774981491,-0.4872228839185013,-0.45073946463777664,2.8286038959175603,-0.4872228839185013,-1.0156218808582498
1.1343985729100383,0.44592284950682176,1.901489635137094,2.2654832856182323,-0.2809697097163778,"No",0.9243550627349376,-0.9243550627349376,1.0176557462730738,-1.017655746273074,1.5052261897644954,-0.6001530417063533,-0.4666998712158976,-0.28665106169144244,-0.4587407756823103,-0.58475601520244,-0.4635210479006337,1.6188159924436452,-0.4571440177477062,0.6777862204146242,-0.6777862204146242,-0.7594141025684279,-0.4394588774981491,-0.4872228839185013,-0.45073946463777664,2.8286038959175603,2.0503963031570267,-1.0156218808582498
-0.39701877991249357,-1.4844790964101555,-1.173364237982398,0.4872389483982698,-1.0736742198879772,"No",-1.080753533219374,1.0807535332193738,1.0176557462730738,-1.017655746273074,-0.6636876283399649,-0.6001530417063533,-0.4666998712158976,3.48507343424859,-0.4587407756823103,-0.58475601520244,-0.4635210479006337,-0.6171176987768593,-0.4571440177477062,-1.473916066615929,1.473916066615929,1.3154878170174407,-0.4394588774981491,-0.4872228839185013,-0.45073946463777664,-0.35317776428217007,-0.4872228839185013,-1.0156218808582498
1.0459432782605014,-1.162745438757326,-1.173364237982398,-1.2910053888216928,-1.6902221722436654,"Yes",-1.080753533219374,1.0807535332193738,-0.9816679202752047,0.9816679202752049,1.5052261897644954,-0.6001530417063533,-0.4666998712158976,-0.28665106169144244,-0.4587407756823103,-0.58475601520244,2.1552419345888225,-0.6171176987768593,-0.4571440177477062,0.6777862204146242,-0.6777862204146242,1.3154878170174407,-0.4394588774981491,-0.4872228839185013,-0.45073946463777664,-0.35317776428217007,2.0503963031570267,-1.0156218808582498
-0.7025916159745301,-0.19754446579883733,-1.173364237982398,-1.2910053888216928,-0.7213611042561552,"No",-1.080753533219374,1.0807535332193738,1.0176557462730738,-1.017655746273074,-0.6636876283399649,-0.6001530417063533,-0.4666998712158976,-0.28665106169144244,2.1777004638711976,1.7084048287286975,-0.4635210479006337,-0.6171176987768593,-0.4571440177477062,0.6777862204146242,-0.6777862204146242,-0.7594141025684279,-0.4394588774981491,-0.4872228839185013,2.2163579592543923,-0.35317776428217007,-0.4872228839185013,-1.0156218808582498
-1.6492315768962125,0.1241891918539922,0.05657731126539871,-0.4018832202117115,2.0090655418904646,"Yes",0.9243550627349376,-0.9243550627349376,-0.9816679202752047,0.9816679202752049,-0.6636876283399649,-0.6001530417063533,-0.4666998712158976,-0.28665106169144244,2.1777004638711976,-0.58475601520244,-0.4635210479006337,-0.6171176987768593,2.185306951892214,0.6777862204146242,-0.6777862204146242,1.3154878170174407,-0.4394588774981491,-0.4872228839185013,-0.45073946463777664,-0.35317776428217007,2.0503963031570267,-1.0156218808582498
-0.888665650173873,1.4111238224653104,-1.173364237982398,-0.4018832202117115,-0.45712626753228874,"Yes",-1.080753533219374,1.0807535332193738,1.0176557462730738,-1.017655746273074,-0.6636876283399649,-0.6001530417063533,-0.4666998712158976,-0.28665106169144244,2.1777004638711976,-0.58475601520244,-0.4635210479006337,-0.6171176987768593,2.185306951892214,-1.473916066615929,1.473916066615929,-0.7594141025684279,-0.4394588774981491,-0.4872228839185013,2.2163579592543923,-0.35317776428217007,2.0503963031570267,-1.0156218808582498
-1.5920067985394295,0.7676565071596513,-1.173364237982398,1.376361117008251,-0.9855959409800217,"Yes",-1.080753533219374,1.0807535332193738,-0.9816679202752047,0.9816679202752049,1.5052261897644954,-0.6001530417063533,-0.4666998712158976,-0.28665106169144244,-0.4587407756823103,-0.58475601520244,-0.4635210479006337,1.6188159924436452,-0.4571440177477062,-1.473916066615929,1.473916066615929,-0.7594141025684279,-0.4394588774981491,-0.4872228839185013,-0.45073946463777664,2.8286038959175603,2.0503963031570267,-1.0156218808582498
0.8636094256531051,0.1241891918539922,-1.173364237982398,1.376361117008251,-1.1617524987959327,"No",-1.080753533219374,1.0807535332193738,-0.9816679202752047,0.9816679202752049,1.5052261897644954,-0.6001530417063533,-0.4666998712158976,-0.28665106169144244,-0.4587407756823103,-0.58475601520244,-0.4635210479006337,1.6188159924436452,-0.4571440177477062,-1.473916066615929,1.473916066615929,-0.7594141025684279,2.273250242860796,-0.4872228839185013,-0.45073946463777664,-0.35317776428217007,2.0503963031570267,-1.0156218808582498
-1.3803125204352524,-1.4844790964101555,-0.5583934633584997,-1.2910053888216928,-1.5140656144277544,"Yes",0.9243550627349376,-0.9243550627349376,-0.9816679202752047,0.9816679202752049,-0.6636876283399649,-0.6001530417063533,2.1405619791522454,-0.28665106169144244,-0.4587407756823103,-0.58475601520244,-0.4635210479006337,-0.6171176987768593,-0.4571440177477062,0.6777862204146242,-0.6777862204146242,-0.7594141025684279,2.273250242860796,-0.4872228839185013,-0.45073946463777664,-0.35317776428217007,2.0503963031570267,-1.0156218808582498
-0.25059067058778456,-0.5192781234516669,0.05657731126539871,-1.2910053888216928,-0.9855959409800217,"Yes",-1.080753533219374,1.0807535332193738,-0.9816679202752047,0.9816679202752049,-0.6636876283399649,1.6645754175629042,-0.4666998712158976,-0.28665106169144244,-0.4587407756823103,-0.58475601520244,2.1552419345888225,-0.6171176987768593,-0.4571440177477062,0.6777862204146242,-0.6777862204146242,-0.7594141025684279,-0.4394588774981491,-0.4872228839185013,2.2163579592543923,-0.35317776428217007,-0.4872228839185013,-1.0156218808582498
1.7451702268749165,0.1241891918539922,-0.5583934633584997,-0.4018832202117115,0.1594216848233996,"Yes",-1.080753533219374,1.0807535332193738,1.0176557462730738,-1.017655746273074,-0.6636876283399649,1.6645754175629042,-0.4666998712158976,-0.28665106169144244,-0.4587407756823103,1.7084048287286975,-0.4635210479006337,-0.6171176987768593,-0.4571440177477062,0.6777862204146242,-0.6777862204146242,-0.7594141025684279,-0.4394588774981491,2.0503963031570267,-0.45073946463777664,-0.35317776428217007,2.0503963031570267,-1.0156218808582498
0.911857768189216,1.0893901648124809,0.6715480858892972,-0.4018832202117115,0.5998130793631771,"No",-1.080753533219374,1.0807535332193738,1.0176557462730738,-1.017655746273074,-0.6636876283399649,-0.6001530417063533,2.1405619791522454,-0.28665106169144244,-0.4587407756823103,-0.58475601520244,-0.4635210479006337,1.6188159924436452,-0.4571440177477062,-1.473916066615929,1.473916066615929,-0.7594141025684279,2.273250242860796,-0.4872228839185013,-0.45073946463777664,-0.35317776428217007,-0.4872228839185013,-1.0156218808582498
-0.8058206279122561,-0.8410117811044965,0.6715480858892972,-1.2910053888216928,0.1594216848233996,"Yes",0.9243550627349376,-0.9243550627349376,-0.9816679202752047,0.9816679202752049,-0.6636876283399649,-0.6001530417063533,-0.4666998712158976,-0.28665106169144244,2.1777004638711976,-0.58475601520244,2.1552419345888225,-0.6171176987768593,-0.4571440177477062,0.6777862204146242,-0.6777862204146242,1.3154878170174407,-0.4394588774981491,-0.4872228839185013,-0.45073946463777664,-0.35317776428217007,-0.4872228839185013,-1.0156218808582498
-1.5991131435641281,1.0893901648124809,1.901489635137094,0.4872389483982698,1.5686741473506873,"No",-1.080753533219374,1.0807535332193738,-0.9816679202752047,0.9816679202752049,-0.6636876283399649,1.6645754175629042,-0.4666998712158976,-0.28665106169144244,-0.4587407756823103,-0.58475601520244,-0.4635210479006337,1.6188159924436452,-0.4571440177477062,-1.473916066615929,1.473916066615929,-0.7594141025684279,-0.4394588774981491,-0.4872228839185013,-0.45073946463777664,2.8286038959175603,-0.4872228839185013,-1.0156218808582498
1.638762060584036,-1.162745438757326,-1.173364237982398,0.4872389483982698,-1.60214389333571,"Yes",-1.080753533219374,1.0807535332193738,1.0176557462730738,-1.017655746273074,-0.6636876283399649,-0.6001530417063533,-0.4666998712158976,3.48507343424859,-0.4587407756823103,-0.58475601520244,-0.4635210479006337,-0.6171176987768593,-0.4571440177477062,0.6777862204146242,-0.6777862204146242,-0.7594141025684279,-0.4394588774981491,-0.4872228839185013,2.2163579592543923,-0.35317776428217007,-0.4872228839185013,-1.0156218808582498
0.498754711358715,-0.5192781234516669,-1.173364237982398,-1.2910053888216928,-0.6332828253481997,"Yes",-1.080753533219374,1.0807535332193738,1.0176557462730738,-1.017655746273074,-0.6636876283399649,-0.6001530417063533,-0.4666998712158976,-0.28665106169144244,2.1777004638711976,-0.58475601520244,2.1552419345888225,-0.6171176987768593,-0.4571440177477062,0.6777862204146242,-0.6777862204146242,1.3154878170174407,-0.4394588774981491,-0.4872228839185013,-0.45073946463777664,-0.35317776428217007,-0.4872228839185013,-1.0156218808582498
1.062774095424261,-0.8410117811044965,0.6715480858892972,-1.2910053888216928,-0.1928914308084223,"Yes",-1.080753533219374,1.0807535332193738,1.0176557462730738,-1.017655746273074,-0.6636876283399649,1.6645754175629042,-0.4666998712158976,-0.28665106169144244,-0.4587407756823103,-0.58475601520244,2.1552419345888225,-0.6171176987768593,-0.4571440177477062,0.6777862204146242,-0.6777862204146242,1.3154878170174407,-0.4394588774981491,-0.4872228839185013,-0.45073946463777664,-0.35317776428217007,-0.4872228839185013,-1.0156218808582498
-0.9905855985544176,0.7676565071596513,1.2865188605131956,-0.4018832202117115,-0.7213611042561552,"No",0.9243550627349376,-0.9243550627349376,1.0176557462730738,-1.017655746273074,-0.6636876283399649,-0.6001530417063533,-0.4666998712158976,-0.28665106169144244,2.1777004638711976,-0.58475601520244,-0.4635210479006337,-0.6171176987768593,2.185306951892214,0.6777862204146242,-0.6777862204146242,1.3154878170174407,-0.4394588774981491,-0.4872228839185013,-0.45073946463777664,-0.35317776428217007,2.0503963031570267,-1.0156218808582498
-0.12473356001878173,-0.19754446579883733,-1.173364237982398,-1.2910053888216928,-0.7213611042561552,"Yes",0.9243550627349376,-0.9243550627349376,1.0176557462730738,-1.017655746273074,-0.6636876283399649,-0.6001530417063533,-0.4666998712158976,-0.28665106169144244,2.1777004638711976,1.7084048287286975,-0.4635210479006337,-0.6171176987768593,-0.4571440177477062,0.6777862204146242,-0.6777862204146242,1.3154878170174407,-0.4394588774981491,-0.4872228839185013,-0.45073946463777664,-0.35317776428217007,-0.4872228839185013,-1.0156218808582498
0.18327039407802007,-0.8410117811044965,-1.173364237982398,-0.4018832202117115,-1.2498307777038882,"No",-1.080753533219374,1.0807535332193738,1.0176557462730738,-1.017655746273074,-0.6636876283399649,1.6645754175629042,-0.4666998712158976,-0.28665106169144244,-0.4587407756823103,-0.58475601520244,2.1552419345888225,-0.6171176987768593,-0.4571440177477062,-1.473916066615929,1.473916066615929,-0.7594141025684279,2.273250242860796,-0.4872228839185013,-0.45073946463777664,-0.35317776428217007,-0.4872228839185013,-1.0156218808582498
-1.5923808166986242,0.44592284950682176,-1.173364237982398,2.2654832856182323,-1.1617524987959327,"Yes",-1.080753533219374,1.0807535332193738,-0.9816679202752047,0.9816679202752049,1.5052261897644954,-0.6001530417063533,-0.4666998712158976,-0.28665106169144244,-0.4587407756823103,-0.58475601520244,-0.4635210479006337,1.6188159924436452,-0.4571440177477062,-1.473916066615929,1.473916066615929,-0.7594141025684279,-0.4394588774981491,-0.4872228839185013,-0.45073946463777664,2.8286038959175603,2.0503963031570267,-1.0156218808582498
1.0448212237829173,-0.8410117811044965,-0.5583934633584997,-1.2910053888216928,1.8329089840745538,"Yes",0.9243550627349376,-0.9243550627349376,-0.9816679202752047,0.9816679202752049,1.5052261897644954,-0.6001530417063533,-0.4666998712158976,-0.28665106169144244,-0.4587407756823103,-0.58475601520244,2.1552419345888225,-0.6171176987768593,-0.4571440177477062,0.6777862204146242,-0.6777862204146242,1.3154878170174407,-0.4394588774981491,-0.4872228839185013,-0.45073946463777664,-0.35317776428217007,-0.4872228839185013,-1.0156218808582498
1.4932689966573136,0.7676565071596513,1.2865188605131956,0.4872389483982698,0.8640479160870435,"Yes",-1.080753533219374,1.0807535332193738,-0.9816679202752047,0.9816679202752049,-0.6636876283399649,1.6645754175629042,-0.4666998712158976,-0.28665106169144244,-0.4587407756823103,-0.58475601520244,-0.4635210479006337,1.6188159924436452,-0.4571440177477062,-1.473916066615929,1.473916066615929,-0.7594141025684279,2.273250242860796,-0.4872228839185013,-0.45073946463777664,-0.35317776428217007,-0.4872228839185013,-1.0156218808582498
0.9462674388351247,-1.162745438757326,0.05657731126539871,1.376361117008251,0.8640479160870435,"No",0.9243550627349376,-0.9243550627349376,-0.9816679202752047,0.9816679202752049,-0.6636876283399649,-0.6001530417063533,-0.4666998712158976,3.48507343424859,-0.4587407756823103,-0.58475601520244,2.1552419345888225,-0.6171176987768593,-0.4571440177477062,0.6777862204146242,-0.6777862204146242,-0.7594141025684279,-0.4394588774981491,2.0503963031570267,-0.45073946463777664,-0.35317776428217007,2.0503963031570267,-1.0156218808582498
-1.1768466418333579,-1.162745438757326,-1.173364237982398,0.4872389483982698,-1.6902221722436654,"No",-1.080753533219374,1.0807535332193738,1.0176557462730738,-1.017655746273074,-0.6636876283399649,-0.6001530417063533,-0.4666998712158976,3.48507343424859,-0.4587407756823103,-0.58475601520244,-0.4635210479006337,-0.6171176987768593,-0.4571440177477062,-1.473916066615929,1.473916066615929,1.3154878170174407,-0.4394588774981491,-0.4872228839185013,-0.45073946463777664,-0.35317776428217007,-0.4872228839185013,-1.0156218808582498
-0.7336351231876869,-1.4844790964101555,-0.5583934633584997,-1.2910053888216928,0.3355782426393106,"No",-1.080753533219374,1.0807535332193738,-0.9816679202752047,0.9816679202752049,1.5052261897644954,-0.6001530417063533,-0.4666998712158976,-0.28665106169144244,-0.4587407756823103,-0.58475601520244,-0.4635210479006337,-0.6171176987768593,-0.4571440177477062,0.6777862204146242,-0.6777862204146242,1.3154878170174407,-0.4394588774981491,-0.4872228839185013,-0.45073946463777664,-0.35317776428217007,-0.4872228839185013,-1.0156218808582498
0.4549945867329399,-1.4844790964101555,-1.173364237982398,-0.4018832202117115,-1.60214389333571,"Yes",-1.080753533219374,1.0807535332193738,-0.9816679202752047,0.9816679202752049,-0.6636876283399649,1.6645754175629042,-0.4666998712158976,-0.28665106169144244,-0.4587407756823103,-0.58475601520244,-0.4635210479006337,-0.6171176987768593,-0.4571440177477062,0.6777862204146242,-0.6777862204146242,-0.7594141025684279,-0.4394588774981491,-0.4872228839185013,2.2163579592543923,-0.35317776428217007,2.0503963031570267,-1.0156218808582498
1.4455816813599947,0.1241891918539922,-0.5583934633584997,-0.4018832202117115,-0.10481315190046682,"Yes",0.9243550627349376,-0.9243550627349376,-0.9816679202752047,0.9816679202752049,1.5052261897644954,-0.6001530417063533,-0.4666998712158976,-0.28665106169144244,-0.4587407756823103,-0.58475601520244,-0.4635210479006337,1.6188159924436452,-0.4571440177477062,0.6777862204146242,-0.6777862204146242,-0.7594141025684279,-0.4394588774981491,2.0503963031570267,-0.45073946463777664,-0.35317776428217007,2.0503963031570267,-1.0156218808582498
0.9999390446795583,-1.4844790964101555,-1.173364237982398,0.4872389483982698,-0.8094393831641107,"No",-1.080753533219374,1.0807535332193738,-0.9816679202752047,0.9816679202752049,-0.6636876283399649,-0.6001530417063533,-0.4666998712158976,3.48507343424859,-0.4587407756823103,-0.58475601520244,-0.4635210479006337,-0.6171176987768593,-0.4571440177477062,-1.473916066615929,1.473916066615929,-0.7594141025684279,-0.4394588774981491,-0.4872228839185013,2.2163579592543923,-0.35317776428217007,-0.4872228839185013,-1.0156218808582498
-1.1506653706897318,-0.8410117811044965,0.6715480858892972,-1.2910053888216928,-0.1928914308084223,"No",0.9243550627349376,-0.9243550627349376,1.0176557462730738,-1.017655746273074,-0.6636876283399649,1.6645754175629042,-0.4666998712158976,-0.28665106169144244,-0.4587407756823103,-0.58475601520244,2.1552419345888225,-0.6171176987768593,-0.4571440177477062,-1.473916066615929,1.473916066615929,1.3154878170174407,-0.4394588774981491,-0.4872228839185013,-0.45073946463777664,-0.35317776428217007,-0.4872228839185013,-1.0156218808582498
-0.23469489882201153,0.44592284950682176,1.901489635137094,2.2654832856182323,-0.45712626753228874,"No",-1.080753533219374,1.0807535332193738,1.0176557462730738,-1.017655746273074,1.5052261897644954,-0.6001530417063533,-0.4666998712158976,-0.28665106169144244,-0.4587407756823103,-0.58475601520244,-0.4635210479006337,1.6188159924436452,-0.4571440177477062,0.6777862204146242,-0.6777862204146242,-0.7594141025684279,-0.4394588774981491,-0.4872228839185013,-0.45073946463777664,2.8286038959175603,2.0503963031570267,-1.0156218808582498
-0.05909337308011906,-0.8410117811044965,0.05657731126539871,0.4872389483982698,2.0090655418904646,"No",0.9243550627349376,-0.9243550627349376,1.0176557462730738,-1.017655746273074,-0.6636876283399649,1.6645754175629042,-0.4666998712158976,-0.28665106169144244,-0.4587407756823103,-0.58475601520244,2.1552419345888225,-0.6171176987768593,-0.4571440177477062,-1.473916066615929,1.473916066615929,1.3154878170174407,-0.4394588774981491,-0.4872228839185013,-0.45073946463777664,-0.35317776428217007,2.0503963031570267,-1.0156218808582498
-1.0904484470593916,-1.162745438757326,-0.5583934633584997,-1.2910053888216928,1.6567524262586428,"No",0.9243550627349376,-0.9243550627349376,-0.9816679202752047,0.9816679202752049,-0.6636876283399649,1.6645754175629042,-0.4666998712158976,-0.28665106169144244,-0.4587407756823103,-0.58475601520244,-0.4635210479006337,-0.6171176987768593,-0.4571440177477062,0.6777862204146242,-0.6777862204146242,-0.7594141025684279,-0.4394588774981491,-0.4872228839185013,2.2163579592543923,-0.35317776428217007,-0.4872228839185013,-1.0156218808582498
-1.3339342686951148,-1.162745438757326,0.6715480858892972,-0.4018832202117115,-0.1928914308084223,"Yes",-1.080753533219374,1.0807535332193738,1.0176557462730738,-1.017655746273074,-0.6636876283399649,-0.6001530417063533,2.1405619791522454,-0.28665106169144244,-0.4587407756823103,-0.58475601520244,-0.4635210479006337,-0.6171176987768593,-0.4571440177477062,0.6777862204146242,-0.6777862204146242,1.3154878170174407,-0.4394588774981491,-0.4872228839185013,-0.45073946463777664,-0.35317776428217007,-0.4872228839185013,-1.0156218808582498
1.2871849909410564,-1.4844790964101555,0.6715480858892972,0.4872389483982698,-0.10481315190046682,"No",0.9243550627349376,-0.9243550627349376,-0.9816679202752047,0.9816679202752049,-0.6636876283399649,-0.6001530417063533,-0.4666998712158976,3.48507343424859,-0.4587407756823103,-0.58475601520244,-0.4635210479006337,-0.6171176987768593,-0.4571440177477062,0.6777862204146242,-0.6777862204146242,1.3154878170174407,-0.4394588774981491,-0.4872228839185013,-0.45073946463777664,-0.35317776428217007,-0.4872228839185013,-1.0156218808582498
0.18626253935157733,-1.162745438757326,-0.5583934633584997,-1.2910053888216928,0.07134340591544414,"No",0.9243550627349376,-0.9243550627349376,1.0176557462730738,-1.017655746273074,-0.6636876283399649,-0.6001530417063533,-0.4666998712158976,-0.28665106169144244,2.1777004638711976,-0.58475601520244,2.1552419345888225,-0.6171176987768593,-0.4571440177477062,0.6777862204146242,-0.6777862204146242,1.3154878170174407,-0.4394588774981491,-0.4872228839185013,-0.45073946463777664,-0.35317776428217007,-0.4872228839185013,-1.0156218808582498
1.6735457493891395,0.7676565071596513,1.901489635137094,1.376361117008251,1.1282827528109098,"No",-1.080753533219374,1.0807535332193738,-0.9816679202752047,0.9816679202752049,-0.6636876283399649,-0.6001530417063533,2.1405619791522454,-0.28665106169144244,-0.4587407756823103,-0.58475601520244,-0.4635210479006337,-0.6171176987768593,2.185306951892214,0.6777862204146242,-0.6777862204146242,-0.7594141025684279,-0.4394588774981491,-0.4872228839185013,-0.45073946463777664,2.8286038959175603,-0.4872228839185013,-1.0156218808582498
0.5355955000393889,2.0545911377709696,1.2865188605131956,1.376361117008251,1.0402044739029543,"No",0.9243550627349376,-0.9243550627349376,-0.9816679202752047,0.9816679202752049,-0.6636876283399649,1.6645754175629042,-0.4666998712158976,-0.28665106169144244,-0.4587407756823103,-0.58475601520244,-0.4635210479006337,-0.6171176987768593,2.185306951892214,0.6777862204146242,-0.6777862204146242,-0.7594141025684279,-0.4394588774981491,-0.4872228839185013,-0.45073946463777664,2.8286038959175603,-0.4872228839185013,-1.0156218808582498
-0.9703886179579061,-0.5192781234516669,-1.173364237982398,-1.2910053888216928,-0.5452045464402442,"Yes",0.9243550627349376,-0.9243550627349376,1.0176557462730738,-1.017655746273074,1.5052261897644954,-0.6001530417063533,-0.4666998712158976,-0.28665106169144244,-0.4587407756823103,-0.58475601520244,2.1552419345888225,-0.6171176987768593,-0.4571440177477062,0.6777862204146242,-0.6777862204146242,1.3154878170174407,-0.4394588774981491,-0.4872228839185013,-0.45073946463777664,-0.35317776428217007,-0.4872228839185013,-1.0156218808582498
-1.3791904659576686,-0.8410117811044965,1.2865188605131956,-1.2910053888216928,0.07134340591544414,"No",0.9243550627349376,-0.9243550627349376,1.0176557462730738,-1.017655746273074,-0.6636876283399649,-0.6001530417063533,-0.4666998712158976,-0.28665106169144244,2.1777004638711976,-0.58475601520244,2.1552419345888225,-0.6171176987768593,-0.4571440177477062,0.6777862204146242,-0.6777862204146242,1.3154878170174407,-0.4394588774981491,-0.4872228839185013,-0.45073946463777664,-0.35317776428217007,-0.4872228839185013,-1.0156218808582498
0.7869357030181999,-1.162745438757326,-1.173364237982398,-1.2910053888216928,-1.5140656144277544,"Yes",0.9243550627349376,-0.9243550627349376,-0.9816679202752047,0.9816679202752049,1.5052261897644954,-0.6001530417063533,-0.4666998712158976,-0.28665106169144244,-0.4587407756823103,-0.58475601520244,2.1552419345888225,-0.6171176987768593,-0.4571440177477062,0.6777862204146242,-0.6777862204146242,1.3154878170174407,-0.4394588774981491,-0.4872228839185013,-0.45073946463777664,-0.35317776428217007,2.0503963031570267,-1.0156218808582498
0.8686586708022329,1.0893901648124809,-1.173364237982398,2.2654832856182323,-0.8094393831641107,"Yes",-1.080753533219374,1.0807535332193738,-0.9816679202752047,0.9816679202752049,1.5052261897644954,-0.6001530417063533,-0.4666998712158976,-0.28665106169144244,-0.4587407756823103,-0.58475601520244,-0.4635210479006337,1.6188159924436452,-0.4571440177477062,-1.473916066615929,1.473916066615929,-0.7594141025684279,-0.4394588774981491,-0.4872228839185013,-0.45073946463777664,2.8286038959175603,2.0503963031570267,-1.0156218808582498
-1.6131388245339278,-1.4844790964101555,-0.5583934633584997,-1.2910053888216928,2.2733003786143313,"Yes",0.9243550627349376,-0.9243550627349376,1.0176557462730738,-1.017655746273074,-0.6636876283399649,-0.6001530417063533,-0.4666998712158976,-0.28665106169144244,2.1777004638711976,-0.58475601520244,2.1552419345888225,-0.6171176987768593,-0.4571440177477062,0.6777862204146242,-0.6777862204146242,1.3154878170174407,-0.4394588774981491,-0.4872228839185013,-0.45073946463777664,-0.35317776428217007,-0.4872228839185013,-1.0156218808582498
1.0710024949265435,-0.8410117811044965,1.901489635137094,-1.2910053888216928,-0.016734872992511342,"Yes",-1.080753533219374,1.0807535332193738,1.0176557462730738,-1.017655746273074,-0.6636876283399649,-0.6001530417063533,-0.4666998712158976,-0.28665106169144244,2.1777004638711976,-0.58475601520244,2.1552419345888225,-0.6171176987768593,-0.4571440177477062,0.6777862204146242,-0.6777862204146242,1.3154878170174407,-0.4394588774981491,-0.4872228839185013,-0.45073946463777664,-0.35317776428217007,-0.4872228839185013,-1.0156218808582498
1.045195241942112,-1.4844790964101555,-1.173364237982398,-0.4018832202117115,-1.60214389333571,"Yes",0.9243550627349376,-0.9243550627349376,1.0176557462730738,-1.017655746273074,-0.6636876283399649,1.6645754175629042,-0.4666998712158976,-0.28665106169144244,-0.4587407756823103,-0.58475601520244,-0.4635210479006337,-0.6171176987768593,-0.4571440177477062,-1.473916066615929,1.473916066615929,1.3154878170174407,-0.4394588774981491,-0.4872228839185013,-0.45073946463777664,-0.35317776428217007,2.0503963031570267,-1.0156218808582498
0.3815000184511894,0.44592284950682176,1.901489635137094,1.376361117008251,0.1594216848233996,"No",0.9243550627349376,-0.9243550627349376,-0.9816679202752047,0.9816679202752049,-0.6636876283399649,1.6645754175629042,-0.4666998712158976,-0.28665106169144244,-0.4587407756823103,1.7084048287286975,-0.4635210479006337,-0.6171176987768593,-0.4571440177477062,0.6777862204146242,-0.6777862204146242,-0.7594141025684279,-0.4394588774981491,2.0503963031570267,-0.45073946463777664,-0.35317776428217007,2.0503963031570267,-1.0156218808582498
0.017580349554786063,-0.8410117811044965,-1.173364237982398,-0.4018832202117115,-0.8975176620720662,"Yes",-1.080753533219374,1.0807535332193738,1.0176557462730738,-1.017655746273074,-0.6636876283399649,-0.6001530417063533,2.1405619791522454,-0.28665106169144244,-0.4587407756823103,-0.58475601520244,-0.4635210479006337,-0.6171176987768593,-0.4571440177477062,-1.473916066615929,1.473916066615929,-0.7594141025684279,2.273250242860796,-0.4872228839185013,-0.45073946463777664,-0.35317776428217007,-0.4872228839185013,-1.0156218808582498
-0.4233870601357171,-1.4844790964101555,-0.5583934633584997,-1.2910053888216928,-0.6332828253481997,"No",0.9243550627349376,-0.9243550627349376,-0.9816679202752047,0.9816679202752049,-0.6636876283399649,-0.6001530417063533,-0.4666998712158976,-0.28665106169144244,2.1777004638711976,-0.58475601520244,-0.4635210479006337,-0.6171176987768593,-0.4571440177477062,0.6777862204146242,-0.6777862204146242,1.3154878170174407,-0.4394588774981491,-0.4872228839185013,-0.45073946463777664,-0.35317776428217007,-0.4872228839185013,-1.0156218808582498
-1.3956472649622336,-0.8410117811044965,0.6715480858892972,0.4872389483982698,-1.5140656144277544,"No",-1.080753533219374,1.0807535332193738,1.0176557462730738,-1.017655746273074,-0.6636876283399649,1.6645754175629042,-0.4666998712158976,-0.28665106169144244,-0.4587407756823103,-0.58475601520244,2.1552419345888225,-0.6171176987768593,-0.4571440177477062,0.6777862204146242,-0.6777862204146242,1.3154878170174407,-0.4394588774981491,-0.4872228839185013,-0.45073946463777664,-0.35317776428217007,-0.4872228839185013,-1.0156218808582498
0.7371912878453103,-0.8410117811044965,-0.5583934633584997,-0.4018832202117115,-0.45712626753228874,"Yes",-1.080753533219374,1.0807535332193738,-0.9816679202752047,0.9816679202752049,1.5052261897644954,-0.6001530417063533,-0.4666998712158976,-0.28665106169144244,-0.4587407756823103,-0.58475601520244,2.1552419345888225,-0.6171176987768593,-0.4571440177477062,-1.473916066615929,1.473916066615929,1.3154878170174407,-0.4394588774981491,-0.4872228839185013,-0.45073946463777664,-0.35317776428217007,-0.4872228839185013,-1.0156218808582498
0.4789317489213981,-1.162745438757326,-1.173364237982398,-0.4018832202117115,-1.3379090566118435,"No",-1.080753533219374,1.0807535332193738,1.0176557462730738,-1.017655746273074,-0.6636876283399649,-0.6001530417063533,2.1405619791522454,-0.28665106169144244,-0.4587407756823103,-0.58475601520244,-0.4635210479006337,-0.6171176987768593,-0.4571440177477062,-1.473916066615929,1.473916066615929,-0.7594141025684279,2.273250242860796,-0.4872228839185013,-0.45073946463777664,-0.35317776428217007,-0.4872228839185013,-1.0156218808582498
-0.1699897572813355,2.0545911377709696,0.6715480858892972,0.4872389483982698,0.6878913582711325,"Yes",0.9243550627349376,-0.9243550627349376,1.0176557462730738,-1.017655746273074,1.5052261897644954,-0.6001530417063533,-0.4666998712158976,-0.28665106169144244,-0.4587407756823103,-0.58475601520244,-0.4635210479006337,-0.6171176987768593,2.185306951892214,-1.473916066615929,1.473916066615929,-0.7594141025684279,-0.4394588774981491,-0.4872228839185013,-0.45073946463777664,2.8286038959175603,-0.4872228839185013,-1.0156218808582498
-0.27527586909463203,1.73285748011814,1.901489635137094,2.2654832856182323,0.3355782426393106,"Yes",0.9243550627349376,-0.9243550627349376,-0.9816679202752047,0.9816679202752049,1.5052261897644954,-0.6001530417063533,-0.4666998712158976,-0.28665106169144244,-0.4587407756823103,-0.58475601520244,-0.4635210479006337,-0.6171176987768593,2.185306951892214,0.6777862204146242,-0.6777862204146242,-0.7594141025684279,2.273250242860796,-0.4872228839185013,-0.45073946463777664,-0.35317776428217007,2.0503963031570267,-1.0156218808582498
-1.6301566507772847,2.376324795423799,0.6715480858892972,1.376361117008251,0.5998130793631771,"Yes",0.9243550627349376,-0.9243550627349376,1.0176557462730738,-1.017655746273074,-0.6636876283399649,1.6645754175629042,-0.4666998712158976,-0.28665106169144244,-0.4587407756823103,-0.58475601520244,-0.4635210479006337,1.6188159924436452,-0.4571440177477062,0.6777862204146242,-0.6777862204146242,1.3154878170174407,-0.4394588774981491,-0.4872228839185013,-0.45073946463777664,-0.35317776428217007,-0.4872228839185013,-1.0156218808582498
0.29959004158755903,1.4111238224653104,-1.173364237982398,2.2654832856182323,-0.8975176620720662,"Yes",0.9243550627349376,-0.9243550627349376,1.0176557462730738,-1.017655746273074,-0.6636876283399649,-0.6001530417063533,2.1405619791522454,-0.28665106169144244,-0.4587407756823103,-0.58475601520244,-0.4635210479006337,-0.6171176987768593,2.185306951892214,0.6777862204146242,-0.6777862204146242,-0.7594141025684279,-0.4394588774981491,-0.4872228839185013,-0.45073946463777664,2.8286038959175603,2.0503963031570267,-1.0156218808582498
-1.1192478453173804,-1.4844790964101555,1.901489635137094,1.376361117008251,1.5686741473506873,"No",0.9243550627349376,-0.9243550627349376,1.0176557462730738,-1.017655746273074,-0.6636876283399649,-0.6001530417063533,2.1405619791522454,-0.28665106169144244,-0.4587407756823103,1.7084048287286975,-0.4635210479006337,-0.6171176987768593,-0.4571440177477062,-1.473916066615929,1.473916066615929,-0.7594141025684279,-0.4394588774981491,-0.4872228839185013,2.2163579592543923,-0.35317776428217007,2.0503963031570267,-1.0156218808582498
0.6481749659569813,0.44592284950682176,-1.173364237982398,-0.4018832202117115,-0.6332828253481997,"Yes",-1.080753533219374,1.0807535332193738,-0.9816679202752047,0.9816679202752049,1.5052261897644954,-0.6001530417063533,-0.4666998712158976,-0.28665106169144244,-0.4587407756823103,-0.58475601520244,-0.4635210479006337,1.6188159924436452,-0.4571440177477062,0.6777862204146242,-0.6777862204146242,-0.7594141025684279,-0.4394588774981491,2.0503963031570267,-0.45073946463777664,-0.35317776428217007,2.0503963031570267,-1.0156218808582498
0.5544834170787193,1.4111238224653104,1.901489635137094,-0.4018832202117115,2.977926609877975,"Yes",0.9243550627349376,-0.9243550627349376,-0.9816679202752047,0.9816679202752049,-0.6636876283399649,-0.6001530417063533,-0.4666998712158976,-0.28665106169144244,2.1777004638711976,-0.58475601520244,-0.4635210479006337,-0.6171176987768593,2.185306951892214,-1.473916066615929,1.473916066615929,-0.7594141025684279,-0.4394588774981491,-0.4872228839185013,2.2163579592543923,-0.35317776428217007,2.0503963031570267,-1.0156218808582498
-0.3354927927249722,2.376324795423799,1.2865188605131956,1.376361117008251,0.952126194994999,"No",0.9243550627349376,-0.9243550627349376,-0.9816679202752047,0.9816679202752049,-0.6636876283399649,-0.6001530417063533,2.1405619791522454,-0.28665106169144244,-0.4587407756823103,-0.58475601520244,-0.4635210479006337,1.6188159924436452,-0.4571440177477062,0.6777862204146242,-0.6777862204146242,1.3154878170174407,-0.4394588774981491,-0.4872228839185013,-0.45073946463777664,-0.35317776428217007,-0.4872228839185013,-1.0156218808582498
-1.3651647849878688,0.1241891918539922,-1.173364237982398,2.2654832856182323,-1.1617524987959327,"No",-1.080753533219374,1.0807535332193738,-0.9816679202752047,0.9816679202752049,1.5052261897644954,-0.6001530417063533,-0.4666998712158976,-0.28665106169144244,-0.4587407756823103,-0.58475601520244,-0.4635210479006337,1.6188159924436452,-0.4571440177477062,-1.473916066615929,1.473916066615929,-0.7594141025684279,2.273250242860796,-0.4872228839185013,-0.45073946463777664,-0.35317776428217007,2.0503963031570267,-1.0156218808582498
0.11819123437814937,1.4111238224653104,0.6715480858892972,-1.2910053888216928,1.3044393106268208,"Yes",0.9243550627349376,-0.9243550627349376,-0.9816679202752047,0.9816679202752049,-0.6636876283399649,-0.6001530417063533,-0.4666998712158976,3.48507343424859,-0.4587407756823103,-0.58475601520244,-0.4635210479006337,1.6188159924436452,-0.4571440177477062,0.6777862204146242,-0.6777862204146242,-0.7594141025684279,-0.4394588774981491,-0.4872228839185013,-0.45073946463777664,2.8286038959175603,-0.4872228839185013,-1.0156218808582498
0.26349728922527443,-1.162745438757326,0.05657731126539871,0.4872389483982698,1.1282827528109098,"No",-1.080753533219374,1.0807535332193738,-0.9816679202752047,0.9816679202752049,-0.6636876283399649,-0.6001530417063533,-0.4666998712158976,3.48507343424859,-0.4587407756823103,-0.58475601520244,2.1552419345888225,-0.6171176987768593,-0.4571440177477062,0.6777862204146242,-0.6777862204146242,-0.7594141025684279,-0.4394588774981491,2.0503963031570267,-0.45073946463777664,-0.35317776428217007,2.0503963031570267,-1.0156218808582498
0.1632604225611058,-0.8410117811044965,0.6715480858892972,-1.2910053888216928,0.2474999637313551,"Yes",-1.080753533219374,1.0807535332193738,1.0176557462730738,-1.017655746273074,-0.6636876283399649,-0.6001530417063533,-0.4666998712158976,-0.28665106169144244,2.1777004638711976,-0.58475601520244,2.1552419345888225,-0.6171176987768593,-0.4571440177477062,0.6777862204146242,-0.6777862204146242,1.3154878170174407,-0.4394588774981491,-0.4872228839185013,-0.45073946463777664,-0.35317776428217007,-0.4872228839185013,-1.0156218808582498
0.3313815851191051,-1.162745438757326,-0.5583934633584997,-1.2910053888216928,-0.10481315190046682,"No",0.9243550627349376,-0.9243550627349376,-0.9816679202752047,0.9816679202752049,-0.6636876283399649,-0.6001530417063533,-0.4666998712158976,-0.28665106169144244,2.1777004638711976,-0.58475601520244,2.1552419345888225,-0.6171176987768593,-0.4571440177477062,0.6777862204146242,-0.6777862204146242,1.3154878170174407,-0.4394588774981491,-0.4872228839185013,-0.45073946463777664,-0.35317776428217007,-0.4872228839185013,-1.0156218808582498
-1.0850251837510692,-0.19754446579883733,-1.173364237982398,-1.2910053888216928,-0.7213611042561552,"Yes",-1.080753533219374,1.0807535332193738,1.0176557462730738,-1.017655746273074,-0.6636876283399649,-0.6001530417063533,-0.4666998712158976,-0.28665106169144244,2.1777004638711976,1.7084048287286975,-0.4635210479006337,-0.6171176987768593,-0.4571440177477062,0.6777862204146242,-0.6777862204146242,1.3154878170174407,-0.4394588774981491,-0.4872228839185013,-0.45073946463777664,-0.35317776428217007,-0.4872228839185013,-1.0156218808582498
-1.0796019204427465,1.4111238224653104,0.6715480858892972,2.2654832856182323,1.0402044739029543,"No",-1.080753533219374,1.0807535332193738,1.0176557462730738,-1.017655746273074,-0.6636876283399649,1.6645754175629042,-0.4666998712158976,-0.28665106169144244,-0.4587407756823103,-0.58475601520244,-0.4635210479006337,-0.6171176987768593,2.185306951892214,0.6777862204146242,-0.6777862204146242,-0.7594141025684279,-0.4394588774981491,-0.4872228839185013,-0.45073946463777664,2.8286038959175603,-0.4872228839185013,-1.0156218808582498
-1.3578714308835729,3.0197921107294583,-1.173364237982398,2.2654832856182323,-0.6332828253481997,"Yes",0.9243550627349376,-0.9243550627349376,-0.9816679202752047,0.9816679202752049,1.5052261897644954,-0.6001530417063533,-0.4666998712158976,-0.28665106169144244,-0.4587407756823103,-0.58475601520244,-0.4635210479006337,-0.6171176987768593,2.185306951892214,0.6777862204146242,-0.6777862204146242,1.3154878170174407,-0.4394588774981491,-0.4872228839185013,-0.45073946463777664,-0.35317776428217007,2.0503963031570267,-1.0156218808582498
0.5060480654630108,-0.8410117811044965,0.05657731126539871,-1.2910053888216928,-0.10481315190046682,"No",-1.080753533219374,1.0807535332193738,1.0176557462730738,-1.017655746273074,-0.6636876283399649,1.6645754175629042,-0.4666998712158976,-0.28665106169144244,-0.4587407756823103,-0.58475601520244,2.1552419345888225,-0.6171176987768593,-0.4571440177477062,0.6777862204146242,-0.6777862204146242,1.3154878170174407,-0.4394588774981491,-0.4872228839185013,-0.45073946463777664,-0.35317776428217007,-0.4872228839185013,-1.0156218808582498
1.169369270794739,-0.5192781234516669,-0.5583934633584997,-0.4018832202117115,-0.9855959409800217,"Yes",0.9243550627349376,-0.9243550627349376,1.0176557462730738,-1.017655746273074,1.5052261897644954,-0.6001530417063533,-0.4666998712158976,-0.28665106169144244,-0.4587407756823103,1.7084048287286975,-0.4635210479006337,-0.6171176987768593,-0.4571440177477062,0.6777862204146242,-0.6777862204146242,-0.7594141025684279,-0.4394588774981491,-0.4872228839185013,2.2163579592543923,-0.35317776428217007,-0.4872228839185013,-1.0156218808582498
1.589952690809133,-1.4844790964101555,0.05657731126539871,-1.2910053888216928,0.5998130793631771,"No",0.9243550627349376,-0.9243550627349376,1.0176557462730738,-1.017655746273074,-0.6636876283399649,1.6645754175629042,-0.4666998712158976,-0.28665106169144244,-0.4587407756823103,-0.58475601520244,-0.4635210479006337,-0.6171176987768593,-0.4571440177477062,0.6777862204146242,-0.6777862204146242,-0.7594141025684279,-0.4394588774981491,-0.4872228839185013,2.2163579592543923,-0.35317776428217007,-0.4872228839185013,-1.0156218808582498
0.6457438479222161,0.44592284950682176,1.901489635137094,1.376361117008251,-0.45712626753228874,"No",-1.080753533219374,1.0807535332193738,1.0176557462730738,-1.017655746273074,1.5052261897644954,-0.6001530417063533,-0.4666998712158976,-0.28665106169144244,-0.4587407756823103,-0.58475601520244,-0.4635210479006337,1.6188159924436452,-0.4571440177477062,0.6777862204146242,-0.6777862204146242,-0.7594141025684279,-0.4394588774981491,-0.4872228839185013,-0.45073946463777664,2.8286038959175603,2.0503963031570267,-1.0156218808582498
-0.3743906812812167,-0.5192781234516669,-1.173364237982398,-1.2910053888216928,-0.6332828253481997,"Yes",0.9243550627349376,-0.9243550627349376,-0.9816679202752047,0.9816679202752049,-0.6636876283399649,-0.6001530417063533,-0.4666998712158976,-0.28665106169144244,2.1777004638711976,-0.58475601520244,2.1552419345888225,-0.6171176987768593,-0.4571440177477062,0.6777862204146242,-0.6777862204146242,1.3154878170174407,-0.4394588774981491,-0.4872228839185013,-0.45073946463777664,-0.35317776428217007,-0.4872228839185013,-1.0156218808582498
0.17822114892889215,-0.8410117811044965,0.05657731126539871,0.4872389483982698,-0.1928914308084223,"No",-1.080753533219374,1.0807535332193738,1.0176557462730738,-1.017655746273074,-0.6636876283399649,1.6645754175629042,-0.4666998712158976,-0.28665106169144244,-0.4587407756823103,-0.58475601520244,2.1552419345888225,-0.6171176987768593,-0.4571440177477062,0.6777862204146242,-0.6777862204146242,1.3154878170174407,-0.4394588774981491,-0.4872228839185013,-0.45073946463777664,-0.35317776428217007,-0.4872228839185013,-1.0156218808582498
0.1797172215656708,-1.162745438757326,1.901489635137094,0.4872389483982698,-1.5140656144277544,"No",-1.080753533219374,1.0807535332193738,1.0176557462730738,-1.017655746273074,-0.6636876283399649,-0.6001530417063533,2.1405619791522454,-0.28665106169144244,-0.4587407756823103,-0.58475601520244,-0.4635210479006337,-0.6171176987768593,-0.4571440177477062,0.6777862204146242,-0.6777862204146242,1.3154878170174407,-0.4394588774981491,-0.4872228839185013,-0.45073946463777664,-0.35317776428217007,-0.4872228839185013,-1.0156218808582498
-1.2778315448159159,1.4111238224653104,1.901489635137094,-0.4018832202117115,0.2474999637313551,"Yes",-1.080753533219374,1.0807535332193738,-0.9816679202752047,0.9816679202752049,1.5052261897644954,-0.6001530417063533,-0.4666998712158976,-0.28665106169144244,-0.4587407756823103,-0.58475601520244,-0.4635210479006337,1.6188159924436452,-0.4571440177477062,0.6777862204146242,-0.6777862204146242,-0.7594141025684279,-0.4394588774981491,2.0503963031570267,-0.45073946463777664,-0.35317776428217007,2.0503963031570267,-1.0156218808582498
-0.06358159099045498,0.44592284950682176,1.901489635137094,1.376361117008251,0.07134340591544414,"No",0.9243550627349376,-0.9243550627349376,-0.9816679202752047,0.9816679202752049,-0.6636876283399649,1.6645754175629042,-0.4666998712158976,-0.28665106169144244,-0.4587407756823103,1.7084048287286975,-0.4635210479006337,-0.6171176987768593,-0.4571440177477062,0.6777862204146242,-0.6777862204146242,-0.7594141025684279,-0.4394588774981491,2.0503963031570267,-0.45073946463777664,-0.35317776428217007,2.0503963031570267,-1.0156218808582498
0.20066223848057171,-0.19754446579883733,-1.173364237982398,-1.2910053888216928,-0.6332828253481997,"Yes",-1.080753533219374,1.0807535332193738,1.0176557462730738,-1.017655746273074,-0.6636876283399649,-0.6001530417063533,-0.4666998712158976,-0.28665106169144244,2.1777004638711976,1.7084048287286975,-0.4635210479006337,-0.6171176987768593,-0.4571440177477062,-1.473916066615929,1.473916066615929,1.3154878170174407,-0.4394588774981491,-0.4872228839185013,-0.45073946463777664,-0.35317776428217007,-0.4872228839185013,-1.0156218808582498
-1.446513734612707,-1.4844790964101555,0.05657731126539871,-1.2910053888216928,0.5998130793631771,"Yes",-1.080753533219374,1.0807535332193738,1.0176557462730738,-1.017655746273074,-0.6636876283399649,1.6645754175629042,-0.4666998712158976,-0.28665106169144244,-0.4587407756823103,-0.58475601520244,-0.4635210479006337,-0.6171176987768593,-0.4571440177477062,0.6777862204146242,-0.6777862204146242,1.3154878170174407,-0.4394588774981491,-0.4872228839185013,-0.45073946463777664,-0.35317776428217007,-0.4872228839185013,-1.0156218808582498
1.0657662406978183,-1.162745438757326,-1.173364237982398,-0.4018832202117115,-1.425987335519799,"No",-1.080753533219374,1.0807535332193738,1.0176557462730738,-1.017655746273074,-0.6636876283399649,-0.6001530417063533,2.1405619791522454,-0.28665106169144244,-0.4587407756823103,-0.58475601520244,-0.4635210479006337,-0.6171176987768593,-0.4571440177477062,-1.473916066615929,1.473916066615929,-0.7594141025684279,-0.4394588774981491,-0.4872228839185013,2.2163579592543923,-0.35317776428217007,-0.4872228839185013,-1.0156218808582498
0.7658036770237017,-1.4844790964101555,1.2865188605131956,-0.4018832202117115,-0.36904798862433325,"Yes",0.9243550627349376,-0.9243550627349376,-0.9816679202752047,0.9816679202752049,-0.6636876283399649,-0.6001530417063533,-0.4666998712158976,3.48507343424859,-0.4587407756823103,-0.58475601520244,-0.4635210479006337,-0.6171176987768593,-0.4571440177477062,0.6777862204146242,-0.6777862204146242,1.3154878170174407,-0.4394588774981491,-0.4872228839185013,-0.45073946463777664,-0.35317776428217007,-0.4872228839185013,-1.0156218808582498
1.2927952633289763,-1.162745438757326,-1.173364237982398,-0.4018832202117115,-1.2498307777038882,"No",-1.080753533219374,1.0807535332193738,1.0176557462730738,-1.017655746273074,-0.6636876283399649,-0.6001530417063533,2.1405619791522454,-0.28665106169144244,-0.4587407756823103,-0.58475601520244,-0.4635210479006337,-0.6171176987768593,-0.4571440177477062,-1.473916066615929,1.473916066615929,-0.7594141025684279,2.273250242860796,-0.4872228839185013,-0.45073946463777664,-0.35317776428217007,-0.4872228839185013,-1.0156218808582498
-1.4366022533940486,-0.8410117811044965,-1.173364237982398,-1.2910053888216928,-0.7213611042561552,"Yes",0.9243550627349376,-0.9243550627349376,1.0176557462730738,-1.017655746273074,1.5052261897644954,-0.6001530417063533,-0.4666998712158976,-0.28665106169144244,-0.4587407756823103,-0.58475601520244,2.1552419345888225,-0.6171176987768593,-0.4571440177477062,-1.473916066615929,1.473916066615929,1.3154878170174407,-0.4394588774981491,-0.4872228839185013,-0.45073946463777664,-0.35317776428217007,-0.4872228839185013,-1.0156218808582498
1.2507182204195773,1.0893901648124809,-0.5583934633584997,-1.2910053888216928,-0.6332828253481997,"Yes",0.9243550627349376,-0.9243550627349376,1.0176557462730738,-1.017655746273074,-0.6636876283399649,-0.6001530417063533,-0.4666998712158976,-0.28665106169144244,2.1777004638711976,-0.58475601520244,-0.4635210479006337,-0.6171176987768593,2.185306951892214,0.6777862204146242,-0.6777862204146242,1.3154878170174407,-0.4394588774981491,-0.4872228839185013,-0.45073946463777664,-0.35317776428217007,2.0503963031570267,-1.0156218808582498
-1.0137747244244866,-1.4844790964101555,0.05657731126539871,-1.2910053888216928,0.4236565215472661,"No",0.9243550627349376,-0.9243550627349376,1.0176557462730738,-1.017655746273074,-0.6636876283399649,1.6645754175629042,-0.4666998712158976,-0.28665106169144244,-0.4587407756823103,-0.58475601520244,-0.4635210479006337,-0.6171176987768593,-0.4571440177477062,0.6777862204146242,-0.6777862204146242,-0.7594141025684279,-0.4394588774981491,-0.4872228839185013,2.2163579592543923,-0.35317776428217007,-0.4872228839185013,-1.0156218808582498
0.7919849481673278,-1.4844790964101555,0.05657731126539871,-1.2910053888216928,-0.6332828253481997,"Yes",0.9243550627349376,-0.9243550627349376,1.0176557462730738,-1.017655746273074,-0.6636876283399649,-0.6001530417063533,2.1405619791522454,-0.28665106169144244,-0.4587407756823103,-0.58475601520244,-0.4635210479006337,-0.6171176987768593,-0.4571440177477062,0.6777862204146242,-0.6777862204146242,1.3154878170174407,-0.4394588774981491,-0.4872228839185013,-0.45073946463777664,-0.35317776428217007,-0.4872228839185013,-1.0156218808582498
0.12324047952727726,1.4111238224653104,-1.173364237982398,1.376361117008251,-0.8094393831641107,"Yes",0.9243550627349376,-0.9243550627349376,-0.9816679202752047,0.9816679202752049,-0.6636876283399649,-0.6001530417063533,2.1405619791522454,-0.28665106169144244,-0.4587407756823103,-0.58475601520244,-0.4635210479006337,-0.6171176987768593,2.185306951892214,0.6777862204146242,-0.6777862204146242,-0.7594141025684279,-0.4394588774981491,-0.4872228839185013,-0.45073946463777664,2.8286038959175603,2.0503963031570267,-1.0156218808582498
-0.6687429725674134,-0.8410117811044965,-0.5583934633584997,-1.2910053888216928,-0.5452045464402442,"Yes",-1.080753533219374,1.0807535332193738,-0.9816679202752047,0.9816679202752049,1.5052261897644954,-0.6001530417063533,-0.4666998712158976,-0.28665106169144244,-0.4587407756823103,-0.58475601520244,2.1552419345888225,-0.6171176987768593,-0.4571440177477062,-1.473916066615929,1.473916066615929,1.3154878170174407,-0.4394588774981491,-0.4872228839185013,-0.45073946463777664,-0.35317776428217007,-0.4872228839185013,-1.0156218808582498
-0.9653393728087781,-1.4844790964101555,0.6715480858892972,0.4872389483982698,-0.10481315190046682,"No",-1.080753533219374,1.0807535332193738,1.0176557462730738,-1.017655746273074,-0.6636876283399649,-0.6001530417063533,-0.4666998712158976,3.48507343424859,-0.4587407756823103,-0.58475601520244,-0.4635210479006337,-0.6171176987768593,-0.4571440177477062,0.6777862204146242,-0.6777862204146242,1.3154878170174407,-0.4394588774981491,-0.4872228839185013,-0.45073946463777664,-0.35317776428217007,-0.4872228839185013,-1.0156218808582498
-1.37208412093297,-1.162745438757326,-0.5583934633584997,-1.2910053888216928,-0.6332828253481997,"No",-1.080753533219374,1.0807535332193738,-0.9816679202752047,0.9816679202752049,-0.6636876283399649,1.6645754175629042,-0.4666998712158976,-0.28665106169144244,-0.4587407756823103,-0.58475601520244,-0.4635210479006337,-0.6171176987768593,-0.4571440177477062,-1.473916066615929,1.473916066615929,1.3154878170174407,-0.4394588774981491,-0.4872228839185013,-0.45073946463777664,-0.35317776428217007,-0.4872228839185013,-1.0156218808582498
-0.9855363534052898,-1.4844790964101555,-1.173364237982398,0.4872389483982698,-0.8975176620720662,"No",-1.080753533219374,1.0807535332193738,-0.9816679202752047,0.9816679202752049,-0.6636876283399649,-0.6001530417063533,-0.4666998712158976,3.48507343424859,-0.4587407756823103,-0.58475601520244,-0.4635210479006337,-0.6171176987768593,-0.4571440177477062,-1.473916066615929,1.473916066615929,1.3154878170174407,-0.4394588774981491,-0.4872228839185013,-0.45073946463777664,-0.35317776428217007,-0.4872228839185013,-1.0156218808582498
0.38131300937159207,0.44592284950682176,1.901489635137094,1.376361117008251,0.1594216848233996,"No",0.9243550627349376,-0.9243550627349376,1.0176557462730738,-1.017655746273074,-0.6636876283399649,1.6645754175629042,-0.4666998712158976,-0.28665106169144244,-0.4587407756823103,1.7084048287286975,-0.4635210479006337,-0.6171176987768593,-0.4571440177477062,-1.473916066615929,1.473916066615929,-0.7594141025684279,-0.4394588774981491,2.0503963031570267,-0.45073946463777664,-0.35317776428217007,2.0503963031570267,-1.0156218808582498
-1.0139617335040838,-1.4844790964101555,-0.5583934633584997,-1.2910053888216928,0.4236565215472661,"No",-1.080753533219374,1.0807535332193738,-0.9816679202752047,0.9816679202752049,-0.6636876283399649,1.6645754175629042,-0.4666998712158976,-0.28665106169144244,-0.4587407756823103,-0.58475601520244,-0.4635210479006337,-0.6171176987768593,-0.4571440177477062,0.6777862204146242,-0.6777862204146242,1.3154878170174407,-0.4394588774981491,-0.4872228839185013,-0.45073946463777664,-0.35317776428217007,-0.4872228839185013,-1.0156218808582498
-1.0573478399706644,0.1241891918539922,-0.5583934633584997,-0.4018832202117115,0.07134340591544414,"No",0.9243550627349376,-0.9243550627349376,1.0176557462730738,-1.017655746273074,-0.6636876283399649,1.6645754175629042,-0.4666998712158976,-0.28665106169144244,-0.4587407756823103,1.7084048287286975,-0.4635210479006337,-0.6171176987768593,-0.4571440177477062,0.6777862204146242,-0.6777862204146242,-0.7594141025684279,-0.4394588774981491,2.0503963031570267,-0.45073946463777664,-0.35317776428217007,2.0503963031570267,-1.0156218808582498
1.7118826107065919,1.4111238224653104,-0.5583934633584997,2.2654832856182323,0.3355782426393106,"No",-1.080753533219374,1.0807535332193738,1.0176557462730738,-1.017655746273074,1.5052261897644954,-0.6001530417063533,-0.4666998712158976,-0.28665106169144244,-0.4587407756823103,-0.58475601520244,-0.4635210479006337,-0.6171176987768593,2.185306951892214,0.6777862204146242,-0.6777862204146242,-0.7594141025684279,2.273250242860796,-0.4872228839185013,-0.45073946463777664,-0.35317776428217007,2.0503963031570267,-1.0156218808582498
0.7893668210529652,-0.8410117811044965,0.6715480858892972,-1.2910053888216928,0.1594216848233996,"Yes",-1.080753533219374,1.0807535332193738,1.0176557462730738,-1.017655746273074,-0.6636876283399649,-0.6001530417063533,-0.4666998712158976,-0.28665106169144244,2.1777004638711976,-0.58475601520244,2.1552419345888225,-0.6171176987768593,-0.4571440177477062,-1.473916066615929,1.473916066615929,1.3154878170174407,-0.4394588774981491,-0.4872228839185013,-0.45073946463777664,-0.35317776428217007,-0.4872228839185013,-1.0156218808582498
-0.7869327108729257,2.376324795423799,-1.173364237982398,-1.2910053888216928,0.3355782426393106,"No",0.9243550627349376,-0.9243550627349376,-0.9816679202752047,0.9816679202752049,-0.6636876283399649,-0.6001530417063533,-0.4666998712158976,-0.28665106169144244,2.1777004638711976,-0.58475601520244,-0.4635210479006337,-0.6171176987768593,2.185306951892214,0.6777862204146242,-0.6777862204146242,-0.7594141025684279,-0.4394588774981491,2.0503963031570267,-0.45073946463777664,-0.35317776428217007,2.0503963031570267,-1.0156218808582498
1.7070203746370614,-0.8410117811044965,0.6715480858892972,0.4872389483982698,0.8640479160870435,"Yes",0.9243550627349376,-0.9243550627349376,-0.9816679202752047,0.9816679202752049,-0.6636876283399649,-0.6001530417063533,2.1405619791522454,-0.28665106169144244,-0.4587407756823103,1.7084048287286975,-0.4635210479006337,-0.6171176987768593,-0.4571440177477062,0.6777862204146242,-0.6777862204146242,-0.7594141025684279,-0.4394588774981491,2.0503963031570267,-0.45073946463777664,-0.35317776428217007,2.0503963031570267,-1.0156218808582498
1.562088337949131,0.1241891918539922,-0.5583934633584997,-0.4018832202117115,0.1594216848233996,"Yes",-1.080753533219374,1.0807535332193738,1.0176557462730738,-1.017655746273074,-0.6636876283399649,1.6645754175629042,-0.4666998712158976,-0.28665106169144244,-0.4587407756823103,1.7084048287286975,-0.4635210479006337,-0.6171176987768593,-0.4571440177477062,-1.473916066615929,1.473916066615929,1.3154878170174407,-0.4394588774981491,-0.4872228839185013,-0.45073946463777664,-0.35317776428217007,2.0503963031570267,-1.0156218808582498
-0.6657508272938562,-0.5192781234516669,-1.173364237982398,-1.2910053888216928,-0.5452045464402442,"Yes",0.9243550627349376,-0.9243550627349376,-0.9816679202752047,0.9816679202752049,1.5052261897644954,-0.6001530417063533,-0.4666998712158976,-0.28665106169144244,-0.4587407756823103,-0.58475601520244,2.1552419345888225,-0.6171176987768593,-0.4571440177477062,-1.473916066615929,1.473916066615929,1.3154878170174407,-0.4394588774981491,-0.4872228839185013,-0.45073946463777664,-0.35317776428217007,-0.4872228839185013,-1.0156218808582498
0.17896918524728148,-0.5192781234516669,-0.5583934633584997,-1.2910053888216928,-0.1928914308084223,"Yes",0.9243550627349376,-0.9243550627349376,1.0176557462730738,-1.017655746273074,1.5052261897644954,-0.6001530417063533,-0.4666998712158976,-0.28665106169144244,-0.4587407756823103,1.7084048287286975,-0.4635210479006337,-0.6171176987768593,-0.4571440177477062,0.6777862204146242,-0.6777862204146242,1.3154878170174407,-0.4394588774981491,-0.4872228839185013,-0.45073946463777664,-0.35317776428217007,-0.4872228839185013,-1.0156218808582498
-1.6060324795092293,-1.4844790964101555,-0.5583934633584997,-0.4018832202117115,0.1594216848233996,"Yes",-1.080753533219374,1.0807535332193738,1.0176557462730738,-1.017655746273074,-0.6636876283399649,-0.6001530417063533,2.1405619791522454,-0.28665106169144244,-0.4587407756823103,-0.58475601520244,-0.4635210479006337,-0.6171176987768593,-0.4571440177477062,-1.473916066615929,1.473916066615929,-0.7594141025684279,2.273250242860796,-0.4872228839185013,-0.45073946463777664,-0.35317776428217007,-0.4872228839185013,-1.0156218808582498
0.16550453151627376,-1.162745438757326,-1.173364237982398,-0.4018832202117115,-0.7213611042561552,"Yes",-1.080753533219374,1.0807535332193738,-0.9816679202752047,0.9816679202752049,-0.6636876283399649,1.6645754175629042,-0.4666998712158976,-0.28665106169144244,-0.4587407756823103,-0.58475601520244,-0.4635210479006337,-0.6171176987768593,-0.4571440177477062,-1.473916066615929,1.473916066615929,-0.7594141025684279,2.273250242860796,-0.4872228839185013,-0.45073946463777664,-0.35317776428217007,-0.4872228839185013,-1.0156218808582498
0.2975329417119884,1.73285748011814,-1.173364237982398,1.376361117008251,-1.0736742198879772,"Yes",-1.080753533219374,1.0807535332193738,1.0176557462730738,-1.017655746273074,-0.6636876283399649,1.6645754175629042,-0.4666998712158976,-0.28665106169144244,-0.4587407756823103,-0.58475601520244,-0.4635210479006337,-0.6171176987768593,2.185306951892214,0.6777862204146242,-0.6777862204146242,-0.7594141025684279,-0.4394588774981491,-0.4872228839185013,-0.45073946463777664,2.8286038959175603,2.0503963031570267,-1.0156218808582498
1.2524013021359532,0.1241891918539922,0.05657731126539871,-0.4018832202117115,-0.45712626753228874,"Yes",-1.080753533219374,1.0807535332193738,1.0176557462730738,-1.017655746273074,1.5052261897644954,-0.6001530417063533,-0.4666998712158976,-0.28665106169144244,-0.4587407756823103,-0.58475601520244,-0.4635210479006337,1.6188159924436452,-0.4571440177477062,-1.473916066615929,1.473916066615929,1.3154878170174407,-0.4394588774981491,-0.4872228839185013,-0.45073946463777664,-0.35317776428217007,2.0503963031570267,-1.0156218808582498
-1.5091617762778125,1.4111238224653104,-0.5583934633584997,-1.2910053888216928,-0.7213611042561552,"Yes",0.9243550627349376,-0.9243550627349376,-0.9816679202752047,0.9816679202752049,-0.6636876283399649,-0.6001530417063533,-0.4666998712158976,-0.28665106169144244,2.1777004638711976,-0.58475601520244,-0.4635210479006337,-0.6171176987768593,2.185306951892214,0.6777862204146242,-0.6777862204146242,-0.7594141025684279,2.273250242860796,-0.4872228839185013,-0.45073946463777664,-0.35317776428217007,2.0503963031570267,-1.0156218808582498
-1.0803499567611359,1.0893901648124809,1.2865188605131956,0.4872389483982698,0.8640479160870435,"Yes",0.9243550627349376,-0.9243550627349376,1.0176557462730738,-1.017655746273074,-0.6636876283399649,-0.6001530417063533,2.1405619791522454,-0.28665106169144244,-0.4587407756823103,-0.58475601520244,-0.4635210479006337,1.6188159924436452,-0.4571440177477062,-1.473916066615929,1.473916066615929,-0.7594141025684279,2.273250242860796,-0.4872228839185013,-0.45073946463777664,-0.35317776428217007,-0.4872228839185013,-1.0156218808582498
-1.277270517577124,-0.8410117811044965,0.05657731126539871,0.4872389483982698,2.1852220997063756,"No",0.9243550627349376,-0.9243550627349376,1.0176557462730738,-1.017655746273074,-0.6636876283399649,1.6645754175629042,-0.4666998712158976,-0.28665106169144244,-0.4587407756823103,-0.58475601520244,2.1552419345888225,-0.6171176987768593,-0.4571440177477062,-1.473916066615929,1.473916066615929,-0.7594141025684279,-0.4394588774981491,2.0503963031570267,-0.45073946463777664,-0.35317776428217007,2.0503963031570267,-1.0156218808582498
1.1108354288807747,-1.4844790964101555,1.901489635137094,0.4872389483982698,1.5686741473506873,"No",-1.080753533219374,1.0807535332193738,1.0176557462730738,-1.017655746273074,-0.6636876283399649,-0.6001530417063533,2.1405619791522454,-0.28665106169144244,-0.4587407756823103,1.7084048287286975,-0.4635210479006337,-0.6171176987768593,-0.4571440177477062,-1.473916066615929,1.473916066615929,-0.7594141025684279,-0.4394588774981491,-0.4872228839185013,2.2163579592543923,-0.35317776428217007,2.0503963031570267,-1.0156218808582498
-0.38149702630591525,-1.162745438757326,-1.173364237982398,-1.2910053888216928,-1.425987335519799,"Yes",0.9243550627349376,-0.9243550627349376,1.0176557462730738,-1.017655746273074,1.5052261897644954,-0.6001530417063533,-0.4666998712158976,-0.28665106169144244,-0.4587407756823103,-0.58475601520244,2.1552419345888225,-0.6171176987768593,-0.4571440177477062,-1.473916066615929,1.473916066615929,1.3154878170174407,-0.4394588774981491,-0.4872228839185013,-0.45073946463777664,-0.35317776428217007,2.0503963031570267,-1.0156218808582498
1.3019587082292456,-0.8410117811044965,-0.5583934633584997,-1.2910053888216928,1.5686741473506873,"Yes",-1.080753533219374,1.0807535332193738,-0.9816679202752047,0.9816679202752049,1.5052261897644954,-0.6001530417063533,-0.4666998712158976,-0.28665106169144244,-0.4587407756823103,-0.58475601520244,2.1552419345888225,-0.6171176987768593,-0.4571440177477062,0.6777862204146242,-0.6777862204146242,1.3154878170174407,-0.4394588774981491,-0.4872228839185013,-0.45073946463777664,-0.35317776428217007,-0.4872228839185013,-1.0156218808582498
0.1741069491777509,-0.8410117811044965,-0.5583934633584997,0.4872389483982698,-0.36904798862433325,"No",0.9243550627349376,-0.9243550627349376,1.0176557462730738,-1.017655746273074,1.5052261897644954,-0.6001530417063533,-0.4666998712158976,-0.28665106169144244,-0.4587407756823103,1.7084048287286975,-0.4635210479006337,-0.6171176987768593,-0.4571440177477062,0.6777862204146242,-0.6777862204146242,1.3154878170174407,-0.4394588774981491,-0.4872228839185013,-0.45073946463777664,-0.35317776428217007,-0.4872228839185013,-1.0156218808582498
1.54114332103423,0.7676565071596513,1.2865188605131956,-0.4018832202117115,-0.7213611042561552,"Yes",0.9243550627349376,-0.9243550627349376,-0.9816679202752047,0.9816679202752049,-0.6636876283399649,-0.6001530417063533,-0.4666998712158976,-0.28665106169144244,2.1777004638711976,-0.58475601520244,-0.4635210479006337,-0.6171176987768593,2.185306951892214,0.6777862204146242,-0.6777862204146242,1.3154878170174407,-0.4394588774981491,-0.4872228839185013,-0.45073946463777664,-0.35317776428217007,2.0503963031570267,-1.0156218808582498
1.1140145832339294,-1.4844790964101555,0.05657731126539871,0.4872389483982698,1.2163610317188653,"No",-1.080753533219374,1.0807535332193738,-0.9816679202752047,0.9816679202752049,-0.6636876283399649,-0.6001530417063533,-0.4666998712158976,3.48507343424859,-0.4587407756823103,-0.58475601520244,2.1552419345888225,-0.6171176987768593,-0.4571440177477062,0.6777862204146242,-0.6777862204146242,-0.7594141025684279,-0.4394588774981491,2.0503963031570267,-0.45073946463777664,-0.35317776428217007,2.0503963031570267,-1.0156218808582498
-1.6767219115970198,1.0893901648124809,0.05657731126539871,-1.2910053888216928,-0.36904798862433325,"Yes",0.9243550627349376,-0.9243550627349376,-0.9816679202752047,0.9816679202752049,1.5052261897644954,-0.6001530417063533,-0.4666998712158976,-0.28665106169144244,-0.4587407756823103,-0.58475601520244,-0.4635210479006337,1.6188159924436452,-0.4571440177477062,0.6777862204146242,-0.6777862204146242,-0.7594141025684279,-0.4394588774981491,-0.4872228839185013,2.2163579592543923,-0.35317776428217007,2.0503963031570267,-1.0156218808582498
0.1885066483067453,-1.4844790964101555,0.05657731126539871,-0.4018832202117115,1.9209872629825093,"No",0.9243550627349376,-0.9243550627349376,-0.9816679202752047,0.9816679202752049,1.5052261897644954,-0.6001530417063533,-0.4666998712158976,-0.28665106169144244,-0.4587407756823103,-0.58475601520244,2.1552419345888225,-0.6171176987768593,-0.4571440177477062,0.6777862204146242,-0.6777862204146242,1.3154878170174407,-0.4394588774981491,-0.4872228839185013,-0.45073946463777664,-0.35317776428217007,-0.4872228839185013,-1.0156218808582498
1.6441853238923587,-0.5192781234516669,0.05657731126539871,-0.4018832202117115,-0.8094393831641107,"Yes",0.9243550627349376,-0.9243550627349376,-0.9816679202752047,0.9816679202752049,-0.6636876283399649,1.6645754175629042,-0.4666998712158976,-0.28665106169144244,-0.4587407756823103,-0.58475601520244,2.1552419345888225,-0.6171176987768593,-0.4571440177477062,0.6777862204146242,-0.6777862204146242,-0.7594141025684279,-0.4394588774981491,-0.4872228839185013,2.2163579592543923,-0.35317776428217007,-0.4872228839185013,-1.0156218808582498
-1.6054714522704372,-1.162745438757326,0.05657731126539871,-0.4018832202117115,0.2474999637313551,"Yes",0.9243550627349376,-0.9243550627349376,1.0176557462730738,-1.017655746273074,-0.6636876283399649,1.6645754175629042,-0.4666998712158976,-0.28665106169144244,-0.4587407756823103,-0.58475601520244,-0.4635210479006337,-0.6171176987768593,-0.4571440177477062,0.6777862204146242,-0.6777862204146242,-0.7594141025684279,2.273250242860796,-0.4872228839185013,-0.45073946463777664,-0.35317776428217007,-0.4872228839185013,-1.0156218808582498
-0.45704869446323637,2.0545911377709696,1.2865188605131956,-0.4018832202117115,0.2474999637313551,"No",0.9243550627349376,-0.9243550627349376,-0.9816679202752047,0.9816679202752049,1.5052261897644954,-0.6001530417063533,-0.4666998712158976,-0.28665106169144244,-0.4587407756823103,-0.58475601520244,-0.4635210479006337,-0.6171176987768593,2.185306951892214,0.6777862204146242,-0.6777862204146242,-0.7594141025684279,2.273250242860796,-0.4872228839185013,-0.45073946463777664,-0.35317776428217007,2.0503963031570267,-1.0156218808582498
0.2320797638529231,0.1241891918539922,-0.5583934633584997,-0.4018832202117115,0.1594216848233996,"No",0.9243550627349376,-0.9243550627349376,-0.9816679202752047,0.9816679202752049,-0.6636876283399649,1.6645754175629042,-0.4666998712158976,-0.28665106169144244,-0.4587407756823103,1.7084048287286975,-0.4635210479006337,-0.6171176987768593,-0.4571440177477062,0.6777862204146242,-0.6777862204146242,-0.7594141025684279,-0.4394588774981491,2.0503963031570267,-0.45073946463777664,-0.35317776428217007,2.0503963031570267,-1.0156218808582498
1.5215073676765105,-1.162745438757326,1.2865188605131956,0.4872389483982698,1.2163610317188653,"Yes",0.9243550627349376,-0.9243550627349376,-0.9816679202752047,0.9816679202752049,-0.6636876283399649,-0.6001530417063533,2.1405619791522454,-0.28665106169144244,-0.4587407756823103,1.7084048287286975,-0.4635210479006337,-0.6171176987768593,-0.4571440177477062,0.6777862204146242,-0.6777862204146242,-0.7594141025684279,-0.4394588774981491,2.0503963031570267,-0.45073946463777664,-0.35317776428217007,2.0503963031570267,-1.0156218808582498
0.5870229969286546,-0.5192781234516669,0.6715480858892972,0.4872389483982698,0.6878913582711325,"Yes",-1.080753533219374,1.0807535332193738,-0.9816679202752047,0.9816679202752049,-0.6636876283399649,-0.6001530417063533,-0.4666998712158976,3.48507343424859,-0.4587407756823103,-0.58475601520244,2.1552419345888225,-0.6171176987768593,-0.4571440177477062,-1.473916066615929,1.473916066615929,-0.7594141025684279,-0.4394588774981491,2.0503963031570267,-0.45073946463777664,-0.35317776428217007,2.0503963031570267,-1.0156218808582498
-0.22927163551368898,0.7676565071596513,1.901489635137094,-0.4018832202117115,0.2474999637313551,"Yes",0.9243550627349376,-0.9243550627349376,-0.9816679202752047,0.9816679202752049,1.5052261897644954,-0.6001530417063533,-0.4666998712158976,-0.28665106169144244,-0.4587407756823103,-0.58475601520244,-0.4635210479006337,1.6188159924436452,-0.4571440177477062,-1.473916066615929,1.473916066615929,1.3154878170174407,-0.4394588774981491,-0.4872228839185013,-0.45073946463777664,-0.35317776428217007,2.0503963031570267,-1.0156218808582498
0.23320181833050704,0.44592284950682176,-1.173364237982398,-0.4018832202117115,-0.2809697097163778,"No",-1.080753533219374,1.0807535332193738,-0.9816679202752047,0.9816679202752049,1.5052261897644954,-0.6001530417063533,-0.4666998712158976,-0.28665106169144244,-0.4587407756823103,-0.58475601520244,-0.4635210479006337,1.6188159924436452,-0.4571440177477062,-1.473916066615929,1.473916066615929,-0.7594141025684279,-0.4394588774981491,2.0503963031570267,-0.45073946463777664,-0.35317776428217007,2.0503963031570267,-1.0156218808582498
-0.48884023799478243,-0.19754446579883733,0.05657731126539871,-0.4018832202117115,1.7448307051665983,"Yes",0.9243550627349376,-0.9243550627349376,-0.9816679202752047,0.9816679202752049,-0.6636876283399649,-0.6001530417063533,-0.4666998712158976,-0.28665106169144244,2.1777004638711976,-0.58475601520244,-0.4635210479006337,-0.6171176987768593,2.185306951892214,0.6777862204146242,-0.6777862204146242,-0.7594141025684279,-0.4394588774981491,2.0503963031570267,-0.45073946463777664,-0.35317776428217007,2.0503963031570267,-1.0156218808582498
-1.0868952745470424,-0.8410117811044965,-1.173364237982398,-1.2910053888216928,-0.8094393831641107,"Yes",0.9243550627349376,-0.9243550627349376,-0.9816679202752047,0.9816679202752049,1.5052261897644954,-0.6001530417063533,-0.4666998712158976,-0.28665106169144244,-0.4587407756823103,-0.58475601520244,2.1552419345888225,-0.6171176987768593,-0.4571440177477062,0.6777862204146242,-0.6777862204146242,1.3154878170174407,-0.4394588774981491,-0.4872228839185013,-0.45073946463777664,-0.35317776428217007,-0.4872228839185013,-1.0156218808582498
-0.16830667556495954,2.376324795423799,1.2865188605131956,1.376361117008251,0.8640479160870435,"No",0.9243550627349376,-0.9243550627349376,-0.9816679202752047,0.9816679202752049,-0.6636876283399649,1.6645754175629042,-0.4666998712158976,-0.28665106169144244,-0.4587407756823103,-0.58475601520244,-0.4635210479006337,1.6188159924436452,-0.4571440177477062,-1.473916066615929,1.473916066615929,-0.7594141025684279,-0.4394588774981491,-0.4872228839185013,-0.45073946463777664,2.8286038959175603,-0.4872228839185013,-1.0156218808582498
-1.6045364068724506,-0.8410117811044965,0.6715480858892972,-1.2910053888216928,0.07134340591544414,"No",0.9243550627349376,-0.9243550627349376,1.0176557462730738,-1.017655746273074,1.5052261897644954,-0.6001530417063533,-0.4666998712158976,-0.28665106169144244,-0.4587407756823103,-0.58475601520244,2.1552419345888225,-0.6171176987768593,-0.4571440177477062,0.6777862204146242,-0.6777862204146242,1.3154878170174407,-0.4394588774981491,-0.4872228839185013,-0.45073946463777664,-0.35317776428217007,-0.4872228839185013,-1.0156218808582498
0.04899787492713743,1.4111238224653104,-1.173364237982398,-1.2910053888216928,-0.36904798862433325,"Yes",0.9243550627349376,-0.9243550627349376,-0.9816679202752047,0.9816679202752049,-0.6636876283399649,-0.6001530417063533,-0.4666998712158976,-0.28665106169144244,2.1777004638711976,-0.58475601520244,-0.4635210479006337,-0.6171176987768593,2.185306951892214,0.6777862204146242,-0.6777862204146242,-0.7594141025684279,2.273250242860796,-0.4872228839185013,-0.45073946463777664,-0.35317776428217007,2.0503963031570267,-1.0156218808582498
-0.6154453848821745,3.341525768382288,-1.173364237982398,1.376361117008251,0.2474999637313551,"Yes",-1.080753533219374,1.0807535332193738,1.0176557462730738,-1.017655746273074,-0.6636876283399649,-0.6001530417063533,-0.4666998712158976,-0.28665106169144244,2.1777004638711976,-0.58475601520244,-0.4635210479006337,-0.6171176987768593,2.185306951892214,-1.473916066615929,1.473916066615929,1.3154878170174407,-0.4394588774981491,-0.4872228839185013,-0.45073946463777664,-0.35317776428217007,2.0503963031570267,-1.0156218808582498
-0.6650027909754669,-1.4844790964101555,1.2865188605131956,0.4872389483982698,-0.2809697097163778,"Yes",-1.080753533219374,1.0807535332193738,1.0176557462730738,-1.017655746273074,-0.6636876283399649,-0.6001530417063533,-0.4666998712158976,3.48507343424859,-0.4587407756823103,-0.58475601520244,-0.4635210479006337,-0.6171176987768593,-0.4571440177477062,0.6777862204146242,-0.6777862204146242,1.3154878170174407,-0.4394588774981491,-0.4872228839185013,-0.45073946463777664,-0.35317776428217007,-0.4872228839185013,-1.0156218808582498
1.4575502624542238,-0.5192781234516669,-1.173364237982398,-1.2910053888216928,-0.6332828253481997,"Yes",-1.080753533219374,1.0807535332193738,1.0176557462730738,-1.017655746273074,-0.6636876283399649,-0.6001530417063533,-0.4666998712158976,-0.28665106169144244,2.1777004638711976,-0.58475601520244,2.1552419345888225,-0.6171176987768593,-0.4571440177477062,-1.473916066615929,1.473916066615929,1.3154878170174407,-0.4394588774981491,-0.4872228839185013,-0.45073946463777664,-0.35317776428217007,-0.4872228839185013,-1.0156218808582498
0.5542964079991219,1.0893901648124809,1.2865188605131956,-1.2910053888216928,-0.5452045464402442,"Yes",0.9243550627349376,-0.9243550627349376,-0.9816679202752047,0.9816679202752049,1.5052261897644954,-0.6001530417063533,-0.4666998712158976,-0.28665106169144244,-0.4587407756823103,-0.58475601520244,-0.4635210479006337,1.6188159924436452,-0.4571440177477062,0.6777862204146242,-0.6777862204146242,-0.7594141025684279,-0.4394588774981491,-0.4872228839185013,2.2163579592543923,-0.35317776428217007,2.0503963031570267,-1.0156218808582498
0.7132541256568521,-0.5192781234516669,0.05657731126539871,0.4872389483982698,-0.7213611042561552,"Yes",-1.080753533219374,1.0807535332193738,-0.9816679202752047,0.9816679202752049,-0.6636876283399649,1.6645754175629042,-0.4666998712158976,-0.28665106169144244,-0.4587407756823103,-0.58475601520244,2.1552419345888225,-0.6171176987768593,-0.4571440177477062,-1.473916066615929,1.473916066615929,1.3154878170174407,-0.4394588774981491,-0.4872228839185013,-0.45073946463777664,-0.35317776428217007,-0.4872228839185013,-1.0156218808582498
0.19224682989869188,-1.162745438757326,-1.173364237982398,-1.2910053888216928,-1.60214389333571,"Yes",0.9243550627349376,-0.9243550627349376,1.0176557462730738,-1.017655746273074,1.5052261897644954,-0.6001530417063533,-0.4666998712158976,-0.28665106169144244,-0.4587407756823103,-0.58475601520244,2.1552419345888225,-0.6171176987768593,-0.4571440177477062,-1.473916066615929,1.473916066615929,1.3154878170174407,-0.4394588774981491,-0.4872228839185013,-0.45073946463777664,-0.35317776428217007,2.0503963031570267,-1.0156218808582498
1.5733088827249708,-0.8410117811044965,-0.5583934633584997,0.4872389483982698,-0.36904798862433325,"No",0.9243550627349376,-0.9243550627349376,-0.9816679202752047,0.9816679202752049,1.5052261897644954,-0.6001530417063533,-0.4666998712158976,-0.28665106169144244,-0.4587407756823103,1.7084048287286975,-0.4635210479006337,-0.6171176987768593,-0.4571440177477062,0.6777862204146242,-0.6777862204146242,1.3154878170174407,-0.4394588774981491,-0.4872228839185013,-0.45073946463777664,-0.35317776428217007,-0.4872228839185013,-1.0156218808582498
-0.953931818953341,-0.5192781234516669,0.05657731126539871,0.4872389483982698,-0.7213611042561552,"No",-1.080753533219374,1.0807535332193738,-0.9816679202752047,0.9816679202752049,-0.6636876283399649,1.6645754175629042,-0.4666998712158976,-0.28665106169144244,-0.4587407756823103,-0.58475601520244,2.1552419345888225,-0.6171176987768593,-0.4571440177477062,0.6777862204146242,-0.6777862204146242,-0.7594141025684279,-0.4394588774981491,-0.4872228839185013,2.2163579592543923,-0.35317776428217007,-0.4872228839185013,-1.0156218808582498
-1.3657258122266607,1.0893901648124809,1.901489635137094,0.4872389483982698,1.3044393106268208,"No",0.9243550627349376,-0.9243550627349376,1.0176557462730738,-1.017655746273074,-0.6636876283399649,-0.6001530417063533,-0.4666998712158976,3.48507343424859,-0.4587407756823103,1.7084048287286975,-0.4635210479006337,-0.6171176987768593,-0.4571440177477062,0.6777862204146242,-0.6777862204146242,-0.7594141025684279,-0.4394588774981491,-0.4872228839185013,-0.45073946463777664,2.8286038959175603,-0.4872228839185013,-1.0156218808582498
0.9223302766466666,0.7676565071596513,-1.173364237982398,1.376361117008251,-1.0736742198879772,"No",-1.080753533219374,1.0807535332193738,1.0176557462730738,-1.017655746273074,1.5052261897644954,-0.6001530417063533,-0.4666998712158976,-0.28665106169144244,-0.4587407756823103,-0.58475601520244,-0.4635210479006337,1.6188159924436452,-0.4571440177477062,0.6777862204146242,-0.6777862204146242,-0.7594141025684279,-0.4394588774981491,-0.4872228839185013,-0.45073946463777664,2.8286038959175603,2.0503963031570267,-1.0156218808582498
-0.08564866238293986,-1.4844790964101555,-1.173364237982398,0.4872389483982698,-1.2498307777038882,"No",0.9243550627349376,-0.9243550627349376,-0.9816679202752047,0.9816679202752049,-0.6636876283399649,-0.6001530417063533,-0.4666998712158976,3.48507343424859,-0.4587407756823103,-0.58475601520244,-0.4635210479006337,-0.6171176987768593,-0.4571440177477062,-1.473916066615929,1.473916066615929,1.3154878170174407,-0.4394588774981491,-0.4872228839185013,-0.45073946463777664,-0.35317776428217007,-0.4872228839185013,-1.0156218808582498
-1.5852744716739258,-1.162745438757326,-1.173364237982398,0.4872389483982698,-0.8094393831641107,"Yes",-1.080753533219374,1.0807535332193738,1.0176557462730738,-1.017655746273074,-0.6636876283399649,-0.6001530417063533,-0.4666998712158976,3.48507343424859,-0.4587407756823103,-0.58475601520244,-0.4635210479006337,-0.6171176987768593,-0.4571440177477062,-1.473916066615929,1.473916066615929,-0.7594141025684279,-0.4394588774981491,-0.4872228839185013,2.2163579592543923,-0.35317776428217007,-0.4872228839185013,-1.0156218808582498
-0.33773690168014014,2.376324795423799,0.6715480858892972,2.2654832856182323,0.5998130793631771,"Yes",0.9243550627349376,-0.9243550627349376,-0.9816679202752047,0.9816679202752049,-0.6636876283399649,-0.6001530417063533,2.1405619791522454,-0.28665106169144244,-0.4587407756823103,-0.58475601520244,-0.4635210479006337,1.6188159924436452,-0.4571440177477062,0.6777862204146242,-0.6777862204146242,-0.7594141025684279,-0.4394588774981491,2.0503963031570267,-0.45073946463777664,-0.35317776428217007,-0.4872228839185013,-1.0156218808582498
0.9864743909485506,1.0893901648124809,0.05657731126539871,-0.4018832202117115,0.2474999637313551,"No",0.9243550627349376,-0.9243550627349376,-0.9816679202752047,0.9816679202752049,1.5052261897644954,-0.6001530417063533,-0.4666998712158976,-0.28665106169144244,-0.4587407756823103,-0.58475601520244,-0.4635210479006337,1.6188159924436452,-0.4571440177477062,0.6777862204146242,-0.6777862204146242,-0.7594141025684279,-0.4394588774981491,2.0503963031570267,-0.45073946463777664,-0.35317776428217007,2.0503963031570267,-1.0156218808582498
0.8234024735396792,0.7676565071596513,1.901489635137094,0.4872389483982698,-0.45712626753228874,"No",0.9243550627349376,-0.9243550627349376,1.0176557462730738,-1.017655746273074,-0.6636876283399649,-0.6001530417063533,-0.4666998712158976,-0.28665106169144244,2.1777004638711976,-0.58475601520244,-0.4635210479006337,-0.6171176987768593,2.185306951892214,-1.473916066615929,1.473916066615929,1.3154878170174407,-0.4394588774981491,-0.4872228839185013,-0.45073946463777664,-0.35317776428217007,2.0503963031570267,-1.0156218808582498
1.3462798600938126,-1.162745438757326,-1.173364237982398,0.4872389483982698,-0.8975176620720662,"No",-1.080753533219374,1.0807535332193738,-0.9816679202752047,0.9816679202752049,-0.6636876283399649,-0.6001530417063533,-0.4666998712158976,3.48507343424859,-0.4587407756823103,-0.58475601520244,-0.4635210479006337,-0.6171176987768593,-0.4571440177477062,-1.473916066615929,1.473916066615929,1.3154878170174407,-0.4394588774981491,-0.4872228839185013,-0.45073946463777664,-0.35317776428217007,-0.4872228839185013,-1.0156218808582498
1.7687333709041801,-1.4844790964101555,-1.173364237982398,0.4872389483982698,-1.0736742198879772,"No",0.9243550627349376,-0.9243550627349376,-0.9816679202752047,0.9816679202752049,-0.6636876283399649,-0.6001530417063533,-0.4666998712158976,3.48507343424859,-0.4587407756823103,-0.58475601520244,-0.4635210479006337,-0.6171176987768593,-0.4571440177477062,0.6777862204146242,-0.6777862204146242,1.3154878170174407,-0.4394588774981491,-0.4872228839185013,-0.45073946463777664,-0.35317776428217007,-0.4872228839185013,-1.0156218808582498
-0.7555151855005744,2.0545911377709696,0.6715480858892972,2.2654832856182323,0.5117348004552216,"Yes",-1.080753533219374,1.0807535332193738,1.0176557462730738,-1.017655746273074,-0.6636876283399649,-0.6001530417063533,2.1405619791522454,-0.28665106169144244,-0.4587407756823103,-0.58475601520244,-0.4635210479006337,1.6188159924436452,-0.4571440177477062,0.6777862204146242,-0.6777862204146242,-0.7594141025684279,-0.4394588774981491,2.0503963031570267,-0.45073946463777664,-0.35317776428217007,-0.4872228839185013,-1.0156218808582498
-1.0120916427081106,-1.162745438757326,-0.5583934633584997,-1.2910053888216928,1.9209872629825093,"No",0.9243550627349376,-0.9243550627349376,-0.9816679202752047,0.9816679202752049,1.5052261897644954,-0.6001530417063533,-0.4666998712158976,-0.28665106169144244,-0.4587407756823103,-0.58475601520244,2.1552419345888225,-0.6171176987768593,-0.4571440177477062,0.6777862204146242,-0.6777862204146242,1.3154878170174407,-0.4394588774981491,-0.4872228839185013,-0.45073946463777664,-0.35317776428217007,-0.4872228839185013,-1.0156218808582498
-0.6541562643588218,-0.8410117811044965,-1.173364237982398,-0.4018832202117115,-1.2498307777038882,"No",-1.080753533219374,1.0807535332193738,-0.9816679202752047,0.9816679202752049,-0.6636876283399649,1.6645754175629042,-0.4666998712158976,-0.28665106169144244,-0.4587407756823103,-0.58475601520244,2.1552419345888225,-0.6171176987768593,-0.4571440177477062,0.6777862204146242,-0.6777862204146242,-0.7594141025684279,2.273250242860796,-0.4872228839185013,-0.45073946463777664,-0.35317776428217007,-0.4872228839185013,-1.0156218808582498
-0.14810969496844795,-0.8410117811044965,-1.173364237982398,-0.4018832202117115,-1.0736742198879772,"Yes",-1.080753533219374,1.0807535332193738,1.0176557462730738,-1.017655746273074,-0.6636876283399649,-0.6001530417063533,2.1405619791522454,-0.28665106169144244,-0.4587407756823103,-0.58475601520244,-0.4635210479006337,-0.6171176987768593,-0.4571440177477062,-1.473916066615929,1.473916066615929,-0.7594141025684279,2.273250242860796,-0.4872228839185013,-0.45073946463777664,-0.35317776428217007,-0.4872228839185013,-1.0156218808582498
-0.14642661325207196,-1.4844790964101555,-1.173364237982398,0.4872389483982698,-0.8094393831641107,"No",-1.080753533219374,1.0807535332193738,-0.9816679202752047,0.9816679202752049,-0.6636876283399649,-0.6001530417063533,-0.4666998712158976,3.48507343424859,-0.4587407756823103,-0.58475601520244,-0.4635210479006337,-0.6171176987768593,-0.4571440177477062,0.6777862204146242,-0.6777862204146242,-0.7594141025684279,-0.4394588774981491,-0.4872228839185013,2.2163579592543923,-0.35317776428217007,-0.4872228839185013,-1.0156218808582498
-1.1749765510373846,-0.8410117811044965,-1.173364237982398,-0.4018832202117115,-1.0736742198879772,"No",-1.080753533219374,1.0807535332193738,1.0176557462730738,-1.017655746273074,-0.6636876283399649,-0.6001530417063533,2.1405619791522454,-0.28665106169144244,-0.4587407756823103,-0.58475601520244,-0.4635210479006337,-0.6171176987768593,-0.4571440177477062,-1.473916066615929,1.473916066615929,-0.7594141025684279,2.273250242860796,-0.4872228839185013,-0.45073946463777664,-0.35317776428217007,-0.4872228839185013,-1.0156218808582498
-0.39608373451450696,-0.8410117811044965,-1.173364237982398,-0.4018832202117115,-1.1617524987959327,"Yes",-1.080753533219374,1.0807535332193738,-0.9816679202752047,0.9816679202752049,-0.6636876283399649,1.6645754175629042,-0.4666998712158976,-0.28665106169144244,-0.4587407756823103,-0.58475601520244,2.1552419345888225,-0.6171176987768593,-0.4571440177477062,-1.473916066615929,1.473916066615929,-0.7594141025684279,2.273250242860796,-0.4872228839185013,-0.45073946463777664,-0.35317776428217007,-0.4872228839185013,-1.0156218808582498
-0.3874813168530298,-1.162745438757326,-0.5583934633584997,-1.2910053888216928,0.5117348004552216,"Yes",0.9243550627349376,-0.9243550627349376,1.0176557462730738,-1.017655746273074,1.5052261897644954,-0.6001530417063533,-0.4666998712158976,-0.28665106169144244,-0.4587407756823103,-0.58475601520244,2.1552419345888225,-0.6171176987768593,-0.4571440177477062,0.6777862204146242,-0.6777862204146242,1.3154878170174407,-0.4394588774981491,-0.4872228839185013,-0.45073946463777664,-0.35317776428217007,-0.4872228839185013,-1.0156218808582498
1.0631481135834557,-0.5192781234516669,-0.5583934633584997,-1.2910053888216928,-0.10481315190046682,"Yes",0.9243550627349376,-0.9243550627349376,-0.9816679202752047,0.9816679202752049,1.5052261897644954,-0.6001530417063533,-0.4666998712158976,-0.28665106169144244,-0.4587407756823103,1.7084048287286975,-0.4635210479006337,-0.6171176987768593,-0.4571440177477062,-1.473916066615929,1.473916066615929,1.3154878170174407,-0.4394588774981491,-0.4872228839185013,-0.45073946463777664,-0.35317776428217007,-0.4872228839185013,-1.0156218808582498
0.5554184624767059,0.1241891918539922,-0.5583934633584997,-0.4018832202117115,0.07134340591544414,"Yes",-1.080753533219374,1.0807535332193738,1.0176557462730738,-1.017655746273074,-0.6636876283399649,1.6645754175629042,-0.4666998712158976,-0.28665106169144244,-0.4587407756823103,1.7084048287286975,-0.4635210479006337,-0.6171176987768593,-0.4571440177477062,-1.473916066615929,1.473916066615929,1.3154878170174407,-0.4394588774981491,-0.4872228839185013,-0.45073946463777664,-0.35317776428217007,2.0503963031570267,-1.0156218808582498
0.7385003514024916,-1.162745438757326,0.05657731126539871,0.4872389483982698,-0.1928914308084223,"No",0.9243550627349376,-0.9243550627349376,-0.9816679202752047,0.9816679202752049,-0.6636876283399649,-0.6001530417063533,2.1405619791522454,-0.28665106169144244,-0.4587407756823103,-0.58475601520244,-0.4635210479006337,-0.6171176987768593,-0.4571440177477062,0.6777862204146242,-0.6777862204146242,1.3154878170174407,-0.4394588774981491,-0.4872228839185013,-0.45073946463777664,-0.35317776428217007,-0.4872228839185013,-1.0156218808582498
0.7770242217995414,-0.8410117811044965,-1.173364237982398,-0.4018832202117115,-1.3379090566118435,"Yes",-1.080753533219374,1.0807535332193738,1.0176557462730738,-1.017655746273074,-0.6636876283399649,1.6645754175629042,-0.4666998712158976,-0.28665106169144244,-0.4587407756823103,-0.58475601520244,2.1552419345888225,-0.6171176987768593,-0.4571440177477062,-1.473916066615929,1.473916066615929,1.3154878170174407,-0.4394588774981491,-0.4872228839185013,-0.45073946463777664,-0.35317776428217007,-0.4872228839185013,-1.0156218808582498
1.4796173338467087,-1.162745438757326,-1.173364237982398,-1.2910053888216928,-1.425987335519799,"Yes",-1.080753533219374,1.0807535332193738,-0.9816679202752047,0.9816679202752049,-0.6636876283399649,1.6645754175629042,-0.4666998712158976,-0.28665106169144244,-0.4587407756823103,-0.58475601520244,-0.4635210479006337,-0.6171176987768593,-0.4571440177477062,-1.473916066615929,1.473916066615929,1.3154878170174407,-0.4394588774981491,-0.4872228839185013,-0.45073946463777664,-0.35317776428217007,2.0503963031570267,-1.0156218808582498
-1.1957345588726882,-1.4844790964101555,0.6715480858892972,-1.2910053888216928,-0.6332828253481997,"Yes",-1.080753533219374,1.0807535332193738,-0.9816679202752047,0.9816679202752049,-0.6636876283399649,-0.6001530417063533,2.1405619791522454,-0.28665106169144244,-0.4587407756823103,-0.58475601520244,-0.4635210479006337,-0.6171176987768593,-0.4571440177477062,0.6777862204146242,-0.6777862204146242,1.3154878170174407,-0.4394588774981491,-0.4872228839185013,-0.45073946463777664,-0.35317776428217007,-0.4872228839185013,-1.0156218808582498
1.4913989058613404,0.7676565071596513,1.2865188605131956,0.4872389483982698,0.775969637179088,"No",0.9243550627349376,-0.9243550627349376,1.0176557462730738,-1.017655746273074,-0.6636876283399649,1.6645754175629042,-0.4666998712158976,-0.28665106169144244,-0.4587407756823103,-0.58475601520244,-0.4635210479006337,1.6188159924436452,-0.4571440177477062,0.6777862204146242,-0.6777862204146242,-0.7594141025684279,2.273250242860796,-0.4872228839185013,-0.45073946463777664,-0.35317776428217007,-0.4872228839185013,-1.0156218808582498
1.1946154965403784,-0.5192781234516669,-1.173364237982398,-1.2910053888216928,-0.5452045464402442,"Yes",-1.080753533219374,1.0807535332193738,-0.9816679202752047,0.9816679202752049,-0.6636876283399649,-0.6001530417063533,-0.4666998712158976,-0.28665106169144244,2.1777004638711976,-0.58475601520244,2.1552419345888225,-0.6171176987768593,-0.4571440177477062,-1.473916066615929,1.473916066615929,1.3154878170174407,-0.4394588774981491,-0.4872228839185013,-0.45073946463777664,-0.35317776428217007,-0.4872228839185013,-1.0156218808582498
-0.9688925453211275,-0.8410117811044965,-0.5583934633584997,-0.4018832202117115,-0.45712626753228874,"No",-1.080753533219374,1.0807535332193738,-0.9816679202752047,0.9816679202752049,1.5052261897644954,-0.6001530417063533,-0.4666998712158976,-0.28665106169144244,-0.4587407756823103,-0.58475601520244,2.1552419345888225,-0.6171176987768593,-0.4571440177477062,-1.473916066615929,1.473916066615929,-0.7594141025684279,-0.4394588774981491,-0.4872228839185013,2.2163579592543923,-0.35317776428217007,-0.4872228839185013,-1.0156218808582498
-0.510159273068878,0.7676565071596513,-1.173364237982398,1.376361117008251,-1.0736742198879772,"No",-1.080753533219374,1.0807535332193738,-0.9816679202752047,0.9816679202752049,1.5052261897644954,-0.6001530417063533,-0.4666998712158976,-0.28665106169144244,-0.4587407756823103,-0.58475601520244,-0.4635210479006337,1.6188159924436452,-0.4571440177477062,0.6777862204146242,-0.6777862204146242,-0.7594141025684279,-0.4394588774981491,-0.4872228839185013,-0.45073946463777664,2.8286038959175603,2.0503963031570267,-1.0156218808582498
0.6810885639661114,3.0197921107294583,0.6715480858892972,1.376361117008251,0.5998130793631771,"Yes",0.9243550627349376,-0.9243550627349376,1.0176557462730738,-1.017655746273074,-0.6636876283399649,-0.6001530417063533,2.1405619791522454,-0.28665106169144244,-0.4587407756823103,-0.58475601520244,-0.4635210479006337,1.6188159924436452,-0.4571440177477062,0.6777862204146242,-0.6777862204146242,1.3154878170174407,-0.4394588774981491,-0.4872228839185013,-0.45073946463777664,-0.35317776428217007,-0.4872228839185013,-1.0156218808582498
0.48098884879696874,-1.4844790964101555,-1.173364237982398,0.4872389483982698,-0.9855959409800217,"No",-1.080753533219374,1.0807535332193738,1.0176557462730738,-1.017655746273074,-0.6636876283399649,-0.6001530417063533,-0.4666998712158976,3.48507343424859,-0.4587407756823103,-0.58475601520244,-0.4635210479006337,-0.6171176987768593,-0.4571440177477062,0.6777862204146242,-0.6777862204146242,-0.7594141025684279,-0.4394588774981491,-0.4872228839185013,2.2163579592543923,-0.35317776428217007,-0.4872228839185013,-1.0156218808582498
-1.427625817573377,1.0893901648124809,1.2865188605131956,1.376361117008251,1.2163610317188653,"Yes",0.9243550627349376,-0.9243550627349376,-0.9816679202752047,0.9816679202752049,-0.6636876283399649,-0.6001530417063533,2.1405619791522454,-0.28665106169144244,-0.4587407756823103,-0.58475601520244,-0.4635210479006337,-0.6171176987768593,2.185306951892214,0.6777862204146242,-0.6777862204146242,-0.7594141025684279,-0.4394588774981491,2.0503963031570267,-0.45073946463777664,-0.35317776428217007,-0.4872228839185013,-1.0156218808582498
-0.5116553457056566,0.7676565071596513,-1.173364237982398,1.376361117008251,-1.2498307777038882,"No",0.9243550627349376,-0.9243550627349376,-0.9816679202752047,0.9816679202752049,1.5052261897644954,-0.6001530417063533,-0.4666998712158976,-0.28665106169144244,-0.4587407756823103,-0.58475601520244,-0.4635210479006337,1.6188159924436452,-0.4571440177477062,0.6777862204146242,-0.6777862204146242,-0.7594141025684279,-0.4394588774981491,-0.4872228839185013,-0.45073946463777664,2.8286038959175603,2.0503963031570267,-1.0156218808582498
-1.2873690078753797,2.376324795423799,-1.173364237982398,-1.2910053888216928,0.3355782426393106,"Yes",-1.080753533219374,1.0807535332193738,-0.9816679202752047,0.9816679202752049,-0.6636876283399649,-0.6001530417063533,-0.4666998712158976,-0.28665106169144244,2.1777004638711976,-0.58475601520244,-0.4635210479006337,-0.6171176987768593,2.185306951892214,0.6777862204146242,-0.6777862204146242,-0.7594141025684279,2.273250242860796,-0.4872228839185013,-0.45073946463777664,-0.35317776428217007,2.0503963031570267,-1.0156218808582498
0.4772486672050221,-0.8410117811044965,0.6715480858892972,0.4872389483982698,-1.5140656144277544,"Yes",-1.080753533219374,1.0807535332193738,1.0176557462730738,-1.017655746273074,-0.6636876283399649,1.6645754175629042,-0.4666998712158976,-0.28665106169144244,-0.4587407756823103,-0.58475601520244,2.1552419345888225,-0.6171176987768593,-0.4571440177477062,-1.473916066615929,1.473916066615929,1.3154878170174407,-0.4394588774981491,-0.4872228839185013,-0.45073946463777664,-0.35317776428217007,-0.4872228839185013,-1.0156218808582498
-1.1742285147189953,-0.5192781234516669,-0.5583934633584997,-0.4018832202117115,-0.9855959409800217,"Yes",0.9243550627349376,-0.9243550627349376,-0.9816679202752047,0.9816679202752049,1.5052261897644954,-0.6001530417063533,-0.4666998712158976,-0.28665106169144244,-0.4587407756823103,1.7084048287286975,-0.4635210479006337,-0.6171176987768593,-0.4571440177477062,0.6777862204146242,-0.6777862204146242,1.3154878170174407,-0.4394588774981491,-0.4872228839185013,-0.45073946463777664,-0.35317776428217007,-0.4872228839185013,-1.0156218808582498
0.6741692280210102,-0.5192781234516669,0.05657731126539871,0.4872389483982698,1.9209872629825093,"Yes",0.9243550627349376,-0.9243550627349376,1.0176557462730738,-1.017655746273074,1.5052261897644954,-0.6001530417063533,-0.4666998712158976,-0.28665106169144244,-0.4587407756823103,-0.58475601520244,-0.4635210479006337,-0.6171176987768593,2.185306951892214,0.6777862204146242,-0.6777862204146242,1.3154878170174407,-0.4394588774981491,-0.4872228839185013,-0.45073946463777664,-0.35317776428217007,2.0503963031570267,-1.0156218808582498
-0.12361150554119776,-1.4844790964101555,0.05657731126539871,-0.4018832202117115,-0.5452045464402442,"Yes",-1.080753533219374,1.0807535332193738,1.0176557462730738,-1.017655746273074,-0.6636876283399649,-0.6001530417063533,2.1405619791522454,-0.28665106169144244,-0.4587407756823103,-0.58475601520244,-0.4635210479006337,-0.6171176987768593,-0.4571440177477062,0.6777862204146242,-0.6777862204146242,1.3154878170174407,-0.4394588774981491,-0.4872228839185013,-0.45073946463777664,-0.35317776428217007,-0.4872228839185013,-1.0156218808582498
0.49931573859750705,-0.5192781234516669,-1.173364237982398,-1.2910053888216928,-0.5452045464402442,"Yes",-1.080753533219374,1.0807535332193738,1.0176557462730738,-1.017655746273074,1.5052261897644954,-0.6001530417063533,-0.4666998712158976,-0.28665106169144244,-0.4587407756823103,-0.58475601520244,2.1552419345888225,-0.6171176987768593,-0.4571440177477062,-1.473916066615929,1.473916066615929,1.3154878170174407,-0.4394588774981491,-0.4872228839185013,-0.45073946463777664,-0.35317776428217007,-0.4872228839185013,-1.0156218808582498
-0.49669461933787024,0.1241891918539922,-0.5583934633584997,-0.4018832202117115,0.07134340591544414,"Yes",0.9243550627349376,-0.9243550627349376,-0.9816679202752047,0.9816679202752049,-0.6636876283399649,1.6645754175629042,-0.4666998712158976,-0.28665106169144244,-0.4587407756823103,1.7084048287286975,-0.4635210479006337,-0.6171176987768593,-0.4571440177477062,0.6777862204146242,-0.6777862204146242,1.3154878170174407,-0.4394588774981491,-0.4872228839185013,-0.45073946463777664,-0.35317776428217007,2.0503963031570267,-1.0156218808582498
-1.4648406244132455,2.376324795423799,0.6715480858892972,1.376361117008251,0.5117348004552216,"Yes",0.9243550627349376,-0.9243550627349376,1.0176557462730738,-1.017655746273074,-0.6636876283399649,1.6645754175629042,-0.4666998712158976,-0.28665106169144244,-0.4587407756823103,-0.58475601520244,-0.4635210479006337,1.6188159924436452,-0.4571440177477062,0.6777862204146242,-0.6777862204146242,-0.7594141025684279,-0.4394588774981491,2.0503963031570267,-0.45073946463777664,-0.35317776428217007,-0.4872228839185013,-1.0156218808582498
1.1130795378359426,-0.8410117811044965,0.05657731126539871,0.4872389483982698,1.3925175895347763,"Yes",-1.080753533219374,1.0807535332193738,1.0176557462730738,-1.017655746273074,-0.6636876283399649,1.6645754175629042,-0.4666998712158976,-0.28665106169144244,-0.4587407756823103,-0.58475601520244,2.1552419345888225,-0.6171176987768593,-0.4571440177477062,-1.473916066615929,1.473916066615929,-0.7594141025684279,-0.4394588774981491,2.0503963031570267,-0.45073946463777664,-0.35317776428217007,2.0503963031570267,-1.0156218808582498
1.0820360306227859,-1.162745438757326,0.05657731126539871,-0.4018832202117115,0.775969637179088,"Yes",-1.080753533219374,1.0807535332193738,1.0176557462730738,-1.017655746273074,-0.6636876283399649,1.6645754175629042,-0.4666998712158976,-0.28665106169144244,-0.4587407756823103,-0.58475601520244,-0.4635210479006337,-0.6171176987768593,-0.4571440177477062,-1.473916066615929,1.473916066615929,1.3154878170174407,-0.4394588774981491,-0.4872228839185013,-0.45073946463777664,-0.35317776428217007,-0.4872228839185013,-1.0156218808582498
-0.49407649222350764,1.4111238224653104,1.2865188605131956,-0.4018832202117115,0.1594216848233996,"No",0.9243550627349376,-0.9243550627349376,1.0176557462730738,-1.017655746273074,1.5052261897644954,-0.6001530417063533,-0.4666998712158976,-0.28665106169144244,-0.4587407756823103,-0.58475601520244,-0.4635210479006337,1.6188159924436452,-0.4571440177477062,0.6777862204146242,-0.6777862204146242,-0.7594141025684279,-0.4394588774981491,-0.4872228839185013,-0.45073946463777664,2.8286038959175603,2.0503963031570267,-1.0156218808582498
0.5520522990439539,0.7676565071596513,1.901489635137094,1.376361117008251,-0.36904798862433325,"No",-1.080753533219374,1.0807535332193738,-0.9816679202752047,0.9816679202752049,-0.6636876283399649,-0.6001530417063533,-0.4666998712158976,-0.28665106169144244,2.1777004638711976,-0.58475601520244,-0.4635210479006337,-0.6171176987768593,2.185306951892214,0.6777862204146242,-0.6777862204146242,1.3154878170174407,-0.4394588774981491,-0.4872228839185013,-0.45073946463777664,-0.35317776428217007,2.0503963031570267,-1.0156218808582498
-1.3943382014050523,-0.5192781234516669,-0.5583934633584997,-0.4018832202117115,-0.10481315190046682,"Yes",0.9243550627349376,-0.9243550627349376,-0.9816679202752047,0.9816679202752049,1.5052261897644954,-0.6001530417063533,-0.4666998712158976,-0.28665106169144244,-0.4587407756823103,1.7084048287286975,-0.4635210479006337,-0.6171176987768593,-0.4571440177477062,0.6777862204146242,-0.6777862204146242,1.3154878170174407,-0.4394588774981491,-0.4872228839185013,-0.45073946463777664,-0.35317776428217007,-0.4872228839185013,-1.0156218808582498
1.037153851519427,-1.162745438757326,-1.173364237982398,-0.4018832202117115,-1.2498307777038882,"No",-1.080753533219374,1.0807535332193738,-0.9816679202752047,0.9816679202752049,-0.6636876283399649,-0.6001530417063533,2.1405619791522454,-0.28665106169144244,-0.4587407756823103,-0.58475601520244,-0.4635210479006337,-0.6171176987768593,-0.4571440177477062,-1.473916066615929,1.473916066615929,-0.7594141025684279,2.273250242860796,-0.4872228839185013,-0.45073946463777664,-0.35317776428217007,-0.4872228839185013,-1.0156218808582498
-0.70820188836245,0.7676565071596513,1.901489635137094,2.2654832856182323,-0.5452045464402442,"No",-1.080753533219374,1.0807535332193738,1.0176557462730738,-1.017655746273074,1.5052261897644954,-0.6001530417063533,-0.4666998712158976,-0.28665106169144244,-0.4587407756823103,-0.58475601520244,-0.4635210479006337,1.6188159924436452,-0.4571440177477062,0.6777862204146242,-0.6777862204146242,-0.7594141025684279,-0.4394588774981491,-0.4872228839185013,2.2163579592543923,-0.35317776428217007,2.0503963031570267,-1.0156218808582498
-0.8112438912205786,-0.5192781234516669,-0.5583934633584997,-0.4018832202117115,3.946787677865485,"No",0.9243550627349376,-0.9243550627349376,1.0176557462730738,-1.017655746273074,1.5052261897644954,-0.6001530417063533,-0.4666998712158976,-0.28665106169144244,-0.4587407756823103,1.7084048287286975,-0.4635210479006337,-0.6171176987768593,-0.4571440177477062,0.6777862204146242,-0.6777862204146242,1.3154878170174407,-0.4394588774981491,-0.4872228839185013,-0.45073946463777664,-0.35317776428217007,-0.4872228839185013,-1.0156218808582498
0.18906767554553727,-1.162745438757326,-0.5583934633584997,-1.2910053888216928,1.7448307051665983,"Yes",0.9243550627349376,-0.9243550627349376,-0.9816679202752047,0.9816679202752049,1.5052261897644954,-0.6001530417063533,-0.4666998712158976,-0.28665106169144244,-0.4587407756823103,-0.58475601520244,2.1552419345888225,-0.6171176987768593,-0.4571440177477062,0.6777862204146242,-0.6777862204146242,1.3154878170174407,-0.4394588774981491,-0.4872228839185013,-0.45073946463777664,-0.35317776428217007,-0.4872228839185013,-1.0156218808582498
-0.3414770832720867,2.376324795423799,0.6715480858892972,1.376361117008251,0.5998130793631771,"Yes",0.9243550627349376,-0.9243550627349376,-0.9816679202752047,0.9816679202752049,-0.6636876283399649,1.6645754175629042,-0.4666998712158976,-0.28665106169144244,-0.4587407756823103,-0.58475601520244,-0.4635210479006337,1.6188159924436452,-0.4571440177477062,-1.473916066615929,1.473916066615929,-0.7594141025684279,-0.4394588774981491,2.0503963031570267,-0.45073946463777664,-0.35317776428217007,-0.4872228839185013,-1.0156218808582498
0.08434259097103272,-0.8410117811044965,0.6715480858892972,0.4872389483982698,1.0402044739029543,"No",0.9243550627349376,-0.9243550627349376,-0.9816679202752047,0.9816679202752049,-0.6636876283399649,1.6645754175629042,-0.4666998712158976,-0.28665106169144244,-0.4587407756823103,-0.58475601520244,2.1552419345888225,-0.6171176987768593,-0.4571440177477062,-1.473916066615929,1.473916066615929,-0.7594141025684279,-0.4394588774981491,2.0503963031570267,-0.45073946463777664,-0.35317776428217007,2.0503963031570267,-1.0156218808582498
-0.31772693016322584,0.1241891918539922,0.6715480858892972,0.4872389483982698,-0.10481315190046682,"No",0.9243550627349376,-0.9243550627349376,-0.9816679202752047,0.9816679202752049,1.5052261897644954,-0.6001530417063533,-0.4666998712158976,-0.28665106169144244,-0.4587407756823103,-0.58475601520244,-0.4635210479006337,1.6188159924436452,-0.4571440177477062,0.6777862204146242,-0.6777862204146242,-0.7594141025684279,-0.4394588774981491,2.0503963031570267,-0.45073946463777664,-0.35317776428217007,2.0503963031570267,-1.0156218808582498
-1.1867581230520163,0.44592284950682176,-1.173364237982398,1.376361117008251,-1.2498307777038882,"Yes",-1.080753533219374,1.0807535332193738,-0.9816679202752047,0.9816679202752049,1.5052261897644954,-0.6001530417063533,-0.4666998712158976,-0.28665106169144244,-0.4587407756823103,-0.58475601520244,-0.4635210479006337,1.6188159924436452,-0.4571440177477062,-1.473916066615929,1.473916066615929,-0.7594141025684279,-0.4394588774981491,-0.4872228839185013,-0.45073946463777664,2.8286038959175603,2.0503963031570267,-1.0156218808582498
0.5625248075014044,-0.8410117811044965,0.05657731126539871,0.4872389483982698,2.1852220997063756,"No",0.9243550627349376,-0.9243550627349376,1.0176557462730738,-1.017655746273074,-0.6636876283399649,1.6645754175629042,-0.4666998712158976,-0.28665106169144244,-0.4587407756823103,-0.58475601520244,2.1552419345888225,-0.6171176987768593,-0.4571440177477062,0.6777862204146242,-0.6777862204146242,-0.7594141025684279,-0.4394588774981491,2.0503963031570267,-0.45073946463777664,-0.35317776428217007,2.0503963031570267,-1.0156218808582498
-1.1931164317583256,0.7676565071596513,1.2865188605131956,0.4872389483982698,0.775969637179088,"No",0.9243550627349376,-0.9243550627349376,-0.9816679202752047,0.9816679202752049,-0.6636876283399649,1.6645754175629042,-0.4666998712158976,-0.28665106169144244,-0.4587407756823103,-0.58475601520244,-0.4635210479006337,1.6188159924436452,-0.4571440177477062,0.6777862204146242,-0.6777862204146242,-0.7594141025684279,-0.4394588774981491,-0.4872228839185013,-0.45073946463777664,2.8286038959175603,-0.4872228839185013,-1.0156218808582498
-0.3717725541668541,-0.5192781234516669,-1.173364237982398,-1.2910053888216928,-0.6332828253481997,"Yes",0.9243550627349376,-0.9243550627349376,-0.9816679202752047,0.9816679202752049,-0.6636876283399649,-0.6001530417063533,-0.4666998712158976,-0.28665106169144244,2.1777004638711976,-0.58475601520244,2.1552419345888225,-0.6171176987768593,-0.4571440177477062,0.6777862204146242,-0.6777862204146242,1.3154878170174407,-0.4394588774981491,-0.4872228839185013,-0.45073946463777664,-0.35317776428217007,-0.4872228839185013,-1.0156218808582498
-1.3810605567536418,-1.4844790964101555,-1.173364237982398,-0.4018832202117115,-1.425987335519799,"Yes",-1.080753533219374,1.0807535332193738,1.0176557462730738,-1.017655746273074,-0.6636876283399649,1.6645754175629042,-0.4666998712158976,-0.28665106169144244,-0.4587407756823103,-0.58475601520244,-0.4635210479006337,-0.6171176987768593,-0.4571440177477062,-1.473916066615929,1.473916066615929,1.3154878170174407,-0.4394588774981491,-0.4872228839185013,-0.45073946463777664,-0.35317776428217007,2.0503963031570267,-1.0156218808582498
-0.3642921909829609,-0.8410117811044965,0.6715480858892972,-1.2910053888216928,-0.10481315190046682,"No",-1.080753533219374,1.0807535332193738,-0.9816679202752047,0.9816679202752049,-0.6636876283399649,1.6645754175629042,-0.4666998712158976,-0.28665106169144244,-0.4587407756823103,-0.58475601520244,2.1552419345888225,-0.6171176987768593,-0.4571440177477062,0.6777862204146242,-0.6777862204146242,1.3154878170174407,-0.4394588774981491,-0.4872228839185013,-0.45073946463777664,-0.35317776428217007,-0.4872228839185013,-1.0156218808582498
1.6814001307322273,2.0545911377709696,-1.173364237982398,2.2654832856182323,-0.8975176620720662,"Yes",-1.080753533219374,1.0807535332193738,1.0176557462730738,-1.017655746273074,-0.6636876283399649,-0.6001530417063533,-0.4666998712158976,3.48507343424859,-0.4587407756823103,-0.58475601520244,-0.4635210479006337,1.6188159924436452,-0.4571440177477062,0.6777862204146242,-0.6777862204146242,-0.7594141025684279,-0.4394588774981491,-0.4872228839185013,-0.45073946463777664,2.8286038959175603,2.0503963031570267,-1.0156218808582498
-1.1736674874802033,-1.162745438757326,-1.173364237982398,0.4872389483982698,-0.8975176620720662,"Yes",-1.080753533219374,1.0807535332193738,1.0176557462730738,-1.017655746273074,-0.6636876283399649,-0.6001530417063533,-0.4666998712158976,3.48507343424859,-0.4587407756823103,-0.58475601520244,-0.4635210479006337,-0.6171176987768593,-0.4571440177477062,-1.473916066615929,1.473916066615929,-0.7594141025684279,-0.4394588774981491,-0.4872228839185013,2.2163579592543923,-0.35317776428217007,-0.4872228839185013,-1.0156218808582498
-1.3834916747884072,-0.8410117811044965,-0.5583934633584997,-1.2910053888216928,1.7448307051665983,"No",0.9243550627349376,-0.9243550627349376,1.0176557462730738,-1.017655746273074,1.5052261897644954,-0.6001530417063533,-0.4666998712158976,-0.28665106169144244,-0.4587407756823103,-0.58475601520244,2.1552419345888225,-0.6171176987768593,-0.4571440177477062,0.6777862204146242,-0.6777862204146242,1.3154878170174407,-0.4394588774981491,-0.4872228839185013,-0.45073946463777664,-0.35317776428217007,-0.4872228839185013,-1.0156218808582498
-1.2798886446914866,0.7676565071596513,-1.173364237982398,-0.4018832202117115,-0.2809697097163778,"Yes",0.9243550627349376,-0.9243550627349376,1.0176557462730738,-1.017655746273074,1.5052261897644954,-0.6001530417063533,-0.4666998712158976,-0.28665106169144244,-0.4587407756823103,-0.58475601520244,-0.4635210479006337,1.6188159924436452,-0.4571440177477062,0.6777862204146242,-0.6777862204146242,-0.7594141025684279,-0.4394588774981491,-0.4872228839185013,2.2163579592543923,-0.35317776428217007,2.0503963031570267,-1.0156218808582498
0.2277785550221845,0.44592284950682176,-1.173364237982398,-0.4018832202117115,-0.5452045464402442,"No",-1.080753533219374,1.0807535332193738,-0.9816679202752047,0.9816679202752049,1.5052261897644954,-0.6001530417063533,-0.4666998712158976,-0.28665106169144244,-0.4587407756823103,-0.58475601520244,-0.4635210479006337,1.6188159924436452,-0.4571440177477062,-1.473916066615929,1.473916066615929,-0.7594141025684279,-0.4394588774981491,2.0503963031570267,-0.45073946463777664,-0.35317776428217007,2.0503963031570267,-1.0156218808582498
1.1564656443025232,0.44592284950682176,-1.173364237982398,-0.4018832202117115,-0.2809697097163778,"Yes",-1.080753533219374,1.0807535332193738,1.0176557462730738,-1.017655746273074,1.5052261897644954,-0.6001530417063533,-0.4666998712158976,-0.28665106169144244,-0.4587407756823103,-0.58475601520244,-0.4635210479006337,1.6188159924436452,-0.4571440177477062,-1.473916066615929,1.473916066615929,1.3154878170174407,-0.4394588774981491,-0.4872228839185013,-0.45073946463777664,-0.35317776428217007,2.0503963031570267,-1.0156218808582498
0.7826344941874613,-1.162745438757326,-0.5583934633584997,-1.2910053888216928,0.5998130793631771,"No",-1.080753533219374,1.0807535332193738,-0.9816679202752047,0.9816679202752049,1.5052261897644954,-0.6001530417063533,-0.4666998712158976,-0.28665106169144244,-0.4587407756823103,-0.58475601520244,2.1552419345888225,-0.6171176987768593,-0.4571440177477062,-1.473916066615929,1.473916066615929,1.3154878170174407,-0.4394588774981491,-0.4872228839185013,-0.45073946463777664,-0.35317776428217007,-0.4872228839185013,-1.0156218808582498
0.747289778143566,-1.4844790964101555,-1.173364237982398,0.4872389483982698,-1.0736742198879772,"No",0.9243550627349376,-0.9243550627349376,1.0176557462730738,-1.017655746273074,-0.6636876283399649,-0.6001530417063533,-0.4666998712158976,3.48507343424859,-0.4587407756823103,-0.58475601520244,-0.4635210479006337,-0.6171176987768593,-0.4571440177477062,0.6777862204146242,-0.6777862204146242,-0.7594141025684279,-0.4394588774981491,-0.4872228839185013,2.2163579592543923,-0.35317776428217007,-0.4872228839185013,-1.0156218808582498
-0.40636923389236007,-0.5192781234516669,-1.173364237982398,-1.2910053888216928,-0.5452045464402442,"Yes",0.9243550627349376,-0.9243550627349376,1.0176557462730738,-1.017655746273074,1.5052261897644954,-0.6001530417063533,-0.4666998712158976,-0.28665106169144244,-0.4587407756823103,-0.58475601520244,2.1552419345888225,-0.6171176987768593,-0.4571440177477062,0.6777862204146242,-0.6777862204146242,1.3154878170174407,-0.4394588774981491,-0.4872228839185013,-0.45073946463777664,-0.35317776428217007,-0.4872228839185013,-1.0156218808582498
-0.942524265097904,-0.8410117811044965,-0.5583934633584997,-1.2910053888216928,-0.5452045464402442,"Yes",0.9243550627349376,-0.9243550627349376,-0.9816679202752047,0.9816679202752049,1.5052261897644954,-0.6001530417063533,-0.4666998712158976,-0.28665106169144244,-0.4587407756823103,-0.58475601520244,2.1552419345888225,-0.6171176987768593,-0.4571440177477062,0.6777862204146242,-0.6777862204146242,1.3154878170174407,-0.4394588774981491,-0.4872228839185013,-0.45073946463777664,-0.35317776428217007,-0.4872228839185013,-1.0156218808582498
-0.7111940336360073,0.1241891918539922,0.05657731126539871,-0.4018832202117115,-0.5452045464402442,"Yes",-1.080753533219374,1.0807535332193738,-0.9816679202752047,0.9816679202752049,1.5052261897644954,-0.6001530417063533,-0.4666998712158976,-0.28665106169144244,-0.4587407756823103,-0.58475601520244,-0.4635210479006337,1.6188159924436452,-0.4571440177477062,0.6777862204146242,-0.6777862204146242,-0.7594141025684279,2.273250242860796,-0.4872228839185013,-0.45073946463777664,-0.35317776428217007,2.0503963031570267,-1.0156218808582498
0.26162719842930116,-1.4844790964101555,0.05657731126539871,0.4872389483982698,1.2163610317188653,"No",0.9243550627349376,-0.9243550627349376,1.0176557462730738,-1.017655746273074,-0.6636876283399649,-0.6001530417063533,-0.4666998712158976,3.48507343424859,-0.4587407756823103,-0.58475601520244,2.1552419345888225,-0.6171176987768593,-0.4571440177477062,0.6777862204146242,-0.6777862204146242,-0.7594141025684279,-0.4394588774981491,2.0503963031570267,-0.45073946463777664,-0.35317776428217007,2.0503963031570267,-1.0156218808582498
1.4596073623297943,-0.8410117811044965,-0.5583934633584997,-0.4018832202117115,-0.45712626753228874,"Yes",-1.080753533219374,1.0807535332193738,-0.9816679202752047,0.9816679202752049,1.5052261897644954,-0.6001530417063533,-0.4666998712158976,-0.28665106169144244,-0.4587407756823103,-0.58475601520244,2.1552419345888225,-0.6171176987768593,-0.4571440177477062,0.6777862204146242,-0.6777862204146242,-0.7594141025684279,-0.4394588774981491,-0.4872228839185013,2.2163579592543923,-0.35317776428217007,-0.4872228839185013,-1.0156218808582498
1.1596447986556777,-0.5192781234516669,0.05657731126539871,-0.4018832202117115,0.775969637179088,"Yes",-1.080753533219374,1.0807535332193738,1.0176557462730738,-1.017655746273074,1.5052261897644954,-0.6001530417063533,-0.4666998712158976,-0.28665106169144244,-0.4587407756823103,-0.58475601520244,-0.4635210479006337,-0.6171176987768593,2.185306951892214,-1.473916066615929,1.473916066615929,-0.7594141025684279,-0.4394588774981491,2.0503963031570267,-0.45073946463777664,-0.35317776428217007,2.0503963031570267,-1.0156218808582498
1.0895163938066792,1.73285748011814,0.6715480858892972,2.2654832856182323,0.775969637179088,"No",-1.080753533219374,1.0807535332193738,1.0176557462730738,-1.017655746273074,1.5052261897644954,-0.6001530417063533,-0.4666998712158976,-0.28665106169144244,-0.4587407756823103,-0.58475601520244,-0.4635210479006337,-0.6171176987768593,2.185306951892214,0.6777862204146242,-0.6777862204146242,-0.7594141025684279,-0.4394588774981491,-0.4872228839185013,-0.45073946463777664,2.8286038959175603,-0.4872228839185013,-1.0156218808582498
-1.572931872420502,-0.5192781234516669,-0.5583934633584997,-1.2910053888216928,3.154083167693886,"No",0.9243550627349376,-0.9243550627349376,1.0176557462730738,-1.017655746273074,1.5052261897644954,-0.6001530417063533,-0.4666998712158976,-0.28665106169144244,-0.4587407756823103,-0.58475601520244,2.1552419345888225,-0.6171176987768593,-0.4571440177477062,0.6777862204146242,-0.6777862204146242,1.3154878170174407,-0.4394588774981491,-0.4872228839185013,-0.45073946463777664,-0.35317776428217007,-0.4872228839185013,-1.0156218808582498
0.451628423300188,-1.4844790964101555,-0.5583934633584997,-1.2910053888216928,-0.016734872992511342,"No",0.9243550627349376,-0.9243550627349376,-0.9816679202752047,0.9816679202752049,-0.6636876283399649,-0.6001530417063533,-0.4666998712158976,-0.28665106169144244,2.1777004638711976,-0.58475601520244,-0.4635210479006337,-0.6171176987768593,-0.4571440177477062,0.6777862204146242,-0.6777862204146242,1.3154878170174407,-0.4394588774981491,-0.4872228839185013,-0.45073946463777664,-0.35317776428217007,-0.4872228839185013,-1.0156218808582498
-0.38972542580819775,-1.162745438757326,-0.5583934633584997,-1.2910053888216928,-0.016734872992511342,"No",0.9243550627349376,-0.9243550627349376,-0.9816679202752047,0.9816679202752049,-0.6636876283399649,-0.6001530417063533,-0.4666998712158976,-0.28665106169144244,2.1777004638711976,-0.58475601520244,2.1552419345888225,-0.6171176987768593,-0.4571440177477062,0.6777862204146242,-0.6777862204146242,1.3154878170174407,-0.4394588774981491,-0.4872228839185013,-0.45073946463777664,-0.35317776428217007,-0.4872228839185013,-1.0156218808582498
0.4129175438235408,-0.8410117811044965,0.6715480858892972,0.4872389483982698,0.8640479160870435,"Yes",0.9243550627349376,-0.9243550627349376,-0.9816679202752047,0.9816679202752049,-0.6636876283399649,-0.6001530417063533,2.1405619791522454,-0.28665106169144244,-0.4587407756823103,1.7084048287286975,-0.4635210479006337,-0.6171176987768593,-0.4571440177477062,0.6777862204146242,-0.6777862204146242,-0.7594141025684279,-0.4394588774981491,2.0503963031570267,-0.45073946463777664,-0.35317776428217007,2.0503963031570267,-1.0156218808582498
0.46247494991683313,-0.8410117811044965,-1.173364237982398,-1.2910053888216928,-0.6332828253481997,"Yes",0.9243550627349376,-0.9243550627349376,1.0176557462730738,-1.017655746273074,1.5052261897644954,-0.6001530417063533,-0.4666998712158976,-0.28665106169144244,-0.4587407756823103,-0.58475601520244,2.1552419345888225,-0.6171176987768593,-0.4571440177477062,0.6777862204146242,-0.6777862204146242,1.3154878170174407,-0.4394588774981491,-0.4872228839185013,-0.45073946463777664,-0.35317776428217007,-0.4872228839185013,-1.0156218808582498
-0.3654142454605449,-0.5192781234516669,-0.5583934633584997,-1.2910053888216928,-0.2809697097163778,"No",0.9243550627349376,-0.9243550627349376,1.0176557462730738,-1.017655746273074,1.5052261897644954,-0.6001530417063533,-0.4666998712158976,-0.28665106169144244,-0.4587407756823103,1.7084048287286975,-0.4635210479006337,-0.6171176987768593,-0.4571440177477062,0.6777862204146242,-0.6777862204146242,1.3154878170174407,-0.4394588774981491,-0.4872228839185013,-0.45073946463777664,-0.35317776428217007,-0.4872228839185013,-1.0156218808582498
1.4242626462858992,1.0893901648124809,0.05657731126539871,-1.2910053888216928,-0.7213611042561552,"Yes",-1.080753533219374,1.0807535332193738,1.0176557462730738,-1.017655746273074,1.5052261897644954,-0.6001530417063533,-0.4666998712158976,-0.28665106169144244,-0.4587407756823103,-0.58475601520244,-0.4635210479006337,1.6188159924436452,-0.4571440177477062,-1.473916066615929,1.473916066615929,1.3154878170174407,-0.4394588774981491,-0.4872228839185013,-0.45073946463777664,-0.35317776428217007,2.0503963031570267,-1.0156218808582498
-1.350578076779277,-0.5192781234516669,0.05657731126539871,-1.2910053888216928,-0.9855959409800217,"No",-1.080753533219374,1.0807535332193738,1.0176557462730738,-1.017655746273074,-0.6636876283399649,1.6645754175629042,-0.4666998712158976,-0.28665106169144244,-0.4587407756823103,-0.58475601520244,2.1552419345888225,-0.6171176987768593,-0.4571440177477062,0.6777862204146242,-0.6777862204146242,1.3154878170174407,-0.4394588774981491,-0.4872228839185013,-0.45073946463777664,-0.35317776428217007,-0.4872228839185013,-1.0156218808582498
0.533912418323013,2.376324795423799,0.6715480858892972,2.2654832856182323,0.6878913582711325,"No",0.9243550627349376,-0.9243550627349376,1.0176557462730738,-1.017655746273074,-0.6636876283399649,1.6645754175629042,-0.4666998712158976,-0.28665106169144244,-0.4587407756823103,-0.58475601520244,-0.4635210479006337,1.6188159924436452,-0.4571440177477062,0.6777862204146242,-0.6777862204146242,1.3154878170174407,-0.4394588774981491,-0.4872228839185013,-0.45073946463777664,-0.35317776428217007,-0.4872228839185013,-1.0156218808582498
0.038338357390089645,-1.162745438757326,0.05657731126539871,-0.4018832202117115,0.1594216848233996,"Yes",0.9243550627349376,-0.9243550627349376,1.0176557462730738,-1.017655746273074,-0.6636876283399649,1.6645754175629042,-0.4666998712158976,-0.28665106169144244,-0.4587407756823103,-0.58475601520244,-0.4635210479006337,-0.6171176987768593,-0.4571440177477062,0.6777862204146242,-0.6777862204146242,1.3154878170174407,-0.4394588774981491,-0.4872228839185013,-0.45073946463777664,-0.35317776428217007,-0.4872228839185013,-1.0156218808582498
-1.6550288583637296,0.44592284950682176,1.901489635137094,0.4872389483982698,-0.10481315190046682,"No",0.9243550627349376,-0.9243550627349376,-0.9816679202752047,0.9816679202752049,-0.6636876283399649,1.6645754175629042,-0.4666998712158976,-0.28665106169144244,-0.4587407756823103,1.7084048287286975,-0.4635210479006337,-0.6171176987768593,-0.4571440177477062,0.6777862204146242,-0.6777862204146242,-0.7594141025684279,-0.4394588774981491,2.0503963031570267,-0.45073946463777664,-0.35317776428217007,2.0503963031570267,-1.0156218808582498
0.016271285997604756,-0.5192781234516669,0.05657731126539871,-1.2910053888216928,-0.8975176620720662,"No",-1.080753533219374,1.0807535332193738,-0.9816679202752047,0.9816679202752049,-0.6636876283399649,1.6645754175629042,-0.4666998712158976,-0.28665106169144244,-0.4587407756823103,-0.58475601520244,2.1552419345888225,-0.6171176987768593,-0.4571440177477062,0.6777862204146242,-0.6777862204146242,1.3154878170174407,-0.4394588774981491,-0.4872228839185013,-0.45073946463777664,-0.35317776428217007,-0.4872228839185013,-1.0156218808582498
0.9911496179384838,-0.8410117811044965,0.05657731126539871,0.4872389483982698,2.0090655418904646,"No",-1.080753533219374,1.0807535332193738,1.0176557462730738,-1.017655746273074,-0.6636876283399649,1.6645754175629042,-0.4666998712158976,-0.28665106169144244,-0.4587407756823103,-0.58475601520244,2.1552419345888225,-0.6171176987768593,-0.4571440177477062,-1.473916066615929,1.473916066615929,-0.7594141025684279,-0.4394588774981491,2.0503963031570267,-0.45073946463777664,-0.35317776428217007,2.0503963031570267,-1.0156218808582498
-0.37513871759960604,-0.5192781234516669,-1.173364237982398,-1.2910053888216928,-0.8094393831641107,"Yes",0.9243550627349376,-0.9243550627349376,1.0176557462730738,-1.017655746273074,-0.6636876283399649,-0.6001530417063533,-0.4666998712158976,-0.28665106169144244,2.1777004638711976,-0.58475601520244,2.1552419345888225,-0.6171176987768593,-0.4571440177477062,0.6777862204146242,-0.6777862204146242,1.3154878170174407,-0.4394588774981491,-0.4872228839185013,-0.45073946463777664,-0.35317776428217007,-0.4872228839185013,-1.0156218808582498
-1.122988026909327,0.7676565071596513,1.901489635137094,1.376361117008251,-0.36904798862433325,"No",0.9243550627349376,-0.9243550627349376,1.0176557462730738,-1.017655746273074,-0.6636876283399649,-0.6001530417063533,-0.4666998712158976,-0.28665106169144244,2.1777004638711976,-0.58475601520244,-0.4635210479006337,-0.6171176987768593,2.185306951892214,0.6777862204146242,-0.6777862204146242,1.3154878170174407,-0.4394588774981491,-0.4872228839185013,-0.45073946463777664,-0.35317776428217007,2.0503963031570267,-1.0156218808582498
-1.5089747671982152,0.1241891918539922,0.05657731126539871,-0.4018832202117115,-0.6332828253481997,"Yes",-1.080753533219374,1.0807535332193738,-0.9816679202752047,0.9816679202752049,1.5052261897644954,-0.6001530417063533,-0.4666998712158976,-0.28665106169144244,-0.4587407756823103,-0.58475601520244,-0.4635210479006337,1.6188159924436452,-0.4571440177477062,-1.473916066615929,1.473916066615929,1.3154878170174407,-0.4394588774981491,-0.4872228839185013,-0.45073946463777664,-0.35317776428217007,2.0503963031570267,-1.0156218808582498
-1.650727649532991,-0.8410117811044965,0.05657731126539871,0.4872389483982698,2.0090655418904646,"No",-1.080753533219374,1.0807535332193738,1.0176557462730738,-1.017655746273074,-0.6636876283399649,1.6645754175629042,-0.4666998712158976,-0.28665106169144244,-0.4587407756823103,-0.58475601520244,2.1552419345888225,-0.6171176987768593,-0.4571440177477062,-1.473916066615929,1.473916066615929,-0.7594141025684279,-0.4394588774981491,2.0503963031570267,-0.45073946463777664,-0.35317776428217007,2.0503963031570267,-1.0156218808582498
-1.569004681748958,-0.8410117811044965,-0.5583934633584997,0.4872389483982698,-0.2809697097163778,"Yes",0.9243550627349376,-0.9243550627349376,-0.9816679202752047,0.9816679202752049,1.5052261897644954,-0.6001530417063533,-0.4666998712158976,-0.28665106169144244,-0.4587407756823103,1.7084048287286975,-0.4635210479006337,-0.6171176987768593,-0.4571440177477062,0.6777862204146242,-0.6777862204146242,1.3154878170174407,-0.4394588774981491,-0.4872228839185013,-0.45073946463777664,-0.35317776428217007,-0.4872228839185013,-1.0156218808582498
-0.13296195952106424,-1.4844790964101555,0.05657731126539871,-0.4018832202117115,0.5998130793631771,"Yes",-1.080753533219374,1.0807535332193738,-0.9816679202752047,0.9816679202752049,-0.6636876283399649,1.6645754175629042,-0.4666998712158976,-0.28665106169144244,-0.4587407756823103,-0.58475601520244,-0.4635210479006337,-0.6171176987768593,-0.4571440177477062,0.6777862204146242,-0.6777862204146242,1.3154878170174407,-0.4394588774981491,-0.4872228839185013,-0.45073946463777664,-0.35317776428217007,-0.4872228839185013,-1.0156218808582498
-0.33904596523732144,1.4111238224653104,0.05657731126539871,2.2654832856182323,1.3044393106268208,"No",0.9243550627349376,-0.9243550627349376,1.0176557462730738,-1.017655746273074,1.5052261897644954,-0.6001530417063533,-0.4666998712158976,-0.28665106169144244,-0.4587407756823103,-0.58475601520244,-0.4635210479006337,-0.6171176987768593,2.185306951892214,0.6777862204146242,-0.6777862204146242,-0.7594141025684279,-0.4394588774981491,-0.4872228839185013,-0.45073946463777664,2.8286038959175603,-0.4872228839185013,-1.0156218808582498
-1.0134007062652919,-1.4844790964101555,0.05657731126539871,-1.2910053888216928,0.5998130793631771,"No",0.9243550627349376,-0.9243550627349376,-0.9816679202752047,0.9816679202752049,-0.6636876283399649,1.6645754175629042,-0.4666998712158976,-0.28665106169144244,-0.4587407756823103,-0.58475601520244,-0.4635210479006337,-0.6171176987768593,-0.4571440177477062,0.6777862204146242,-0.6777862204146242,-0.7594141025684279,-0.4394588774981491,-0.4872228839185013,2.2163579592543923,-0.35317776428217007,-0.4872228839185013,-1.0156218808582498
0.9228913038854585,1.73285748011814,-1.173364237982398,1.376361117008251,-1.0736742198879772,"Yes",-1.080753533219374,1.0807535332193738,-0.9816679202752047,0.9816679202752049,-0.6636876283399649,1.6645754175629042,-0.4666998712158976,-0.28665106169144244,-0.4587407756823103,-0.58475601520244,-0.4635210479006337,-0.6171176987768593,2.185306951892214,-1.473916066615929,1.473916066615929,-0.7594141025684279,-0.4394588774981491,-0.4872228839185013,-0.45073946463777664,2.8286038959175603,2.0503963031570267,-1.0156218808582498
1.347027896412202,-0.8410117811044965,-1.173364237982398,-0.4018832202117115,-0.8975176620720662,"Yes",-1.080753533219374,1.0807535332193738,-0.9816679202752047,0.9816679202752049,-0.6636876283399649,-0.6001530417063533,2.1405619791522454,-0.28665106169144244,-0.4587407756823103,-0.58475601520244,-0.4635210479006337,-0.6171176987768593,-0.4571440177477062,0.6777862204146242,-0.6777862204146242,-0.7594141025684279,2.273250242860796,-0.4872228839185013,-0.45073946463777664,-0.35317776428217007,-0.4872228839185013,-1.0156218808582498
-0.9651523637291808,-1.4844790964101555,0.6715480858892972,0.4872389483982698,-0.10481315190046682,"No",-1.080753533219374,1.0807535332193738,1.0176557462730738,-1.017655746273074,-0.6636876283399649,-0.6001530417063533,-0.4666998712158976,3.48507343424859,-0.4587407756823103,-0.58475601520244,-0.4635210479006337,-0.6171176987768593,-0.4571440177477062,0.6777862204146242,-0.6777862204146242,1.3154878170174407,-0.4394588774981491,-0.4872228839185013,-0.45073946463777664,-0.35317776428217007,-0.4872228839185013,-1.0156218808582498
-0.7749641297786967,-0.5192781234516669,0.05657731126539871,0.4872389483982698,2.0090655418904646,"No",0.9243550627349376,-0.9243550627349376,-0.9816679202752047,0.9816679202752049,1.5052261897644954,-0.6001530417063533,-0.4666998712158976,-0.28665106169144244,-0.4587407756823103,-0.58475601520244,-0.4635210479006337,-0.6171176987768593,2.185306951892214,0.6777862204146242,-0.6777862204146242,1.3154878170174407,-0.4394588774981491,-0.4872228839185013,-0.45073946463777664,-0.35317776428217007,2.0503963031570267,-1.0156218808582498
-0.10790274285502208,-0.8410117811044965,-1.173364237982398,-0.4018832202117115,-1.425987335519799,"No",-1.080753533219374,1.0807535332193738,-0.9816679202752047,0.9816679202752049,-0.6636876283399649,1.6645754175629042,-0.4666998712158976,-0.28665106169144244,-0.4587407756823103,-0.58475601520244,2.1552419345888225,-0.6171176987768593,-0.4571440177477062,-1.473916066615929,1.473916066615929,-0.7594141025684279,2.273250242860796,-0.4872228839185013,-0.45073946463777664,-0.35317776428217007,-0.4872228839185013,-1.0156218808582498
-0.5456909981923705,1.0893901648124809,-0.5583934633584997,-1.2910053888216928,-0.7213611042561552,"Yes",-1.080753533219374,1.0807535332193738,1.0176557462730738,-1.017655746273074,-0.6636876283399649,-0.6001530417063533,-0.4666998712158976,-0.28665106169144244,2.1777004638711976,-0.58475601520244,-0.4635210479006337,-0.6171176987768593,2.185306951892214,0.6777862204146242,-0.6777862204146242,1.3154878170174407,-0.4394588774981491,-0.4872228839185013,-0.45073946463777664,-0.35317776428217007,2.0503963031570267,-1.0156218808582498
0.4185278162114607,1.73285748011814,1.2865188605131956,1.376361117008251,0.3355782426393106,"No",0.9243550627349376,-0.9243550627349376,-0.9816679202752047,0.9816679202752049,1.5052261897644954,-0.6001530417063533,-0.4666998712158976,-0.28665106169144244,-0.4587407756823103,-0.58475601520244,-0.4635210479006337,-0.6171176987768593,2.185306951892214,0.6777862204146242,-0.6777862204146242,-0.7594141025684279,2.273250242860796,-0.4872228839185013,-0.45073946463777664,-0.35317776428217007,2.0503963031570267,-1.0156218808582498
-1.3554403128488077,-0.8410117811044965,-1.173364237982398,-0.4018832202117115,-1.1617524987959327,"No",-1.080753533219374,1.0807535332193738,1.0176557462730738,-1.017655746273074,-0.6636876283399649,1.6645754175629042,-0.4666998712158976,-0.28665106169144244,-0.4587407756823103,-0.58475601520244,2.1552419345888225,-0.6171176987768593,-0.4571440177477062,0.6777862204146242,-0.6777862204146242,-0.7594141025684279,2.273250242860796,-0.4872228839185013,-0.45073946463777664,-0.35317776428217007,-0.4872228839185013,-1.0156218808582498
-0.9251324206953523,-0.8410117811044965,0.6715480858892972,0.4872389483982698,0.952126194994999,"No",-1.080753533219374,1.0807535332193738,1.0176557462730738,-1.017655746273074,-0.6636876283399649,-0.6001530417063533,2.1405619791522454,-0.28665106169144244,-0.4587407756823103,1.7084048287286975,-0.4635210479006337,-0.6171176987768593,-0.4571440177477062,0.6777862204146242,-0.6777862204146242,-0.7594141025684279,-0.4394588774981491,2.0503963031570267,-0.45073946463777664,-0.35317776428217007,2.0503963031570267,-1.0156218808582498
1.5936928724010797,-1.162745438757326,-1.173364237982398,-1.2910053888216928,-1.425987335519799,"Yes",-1.080753533219374,1.0807535332193738,-0.9816679202752047,0.9816679202752049,-0.6636876283399649,1.6645754175629042,-0.4666998712158976,-0.28665106169144244,-0.4587407756823103,-0.58475601520244,-0.4635210479006337,-0.6171176987768593,-0.4571440177477062,0.6777862204146242,-0.6777862204146242,1.3154878170174407,-0.4394588774981491,-0.4872228839185013,-0.45073946463777664,-0.35317776428217007,2.0503963031570267,-1.0156218808582498
0.3599939742974965,1.73285748011814,-1.173364237982398,1.376361117008251,-0.8975176620720662,"Yes",0.9243550627349376,-0.9243550627349376,1.0176557462730738,-1.017655746273074,-0.6636876283399649,-0.6001530417063533,2.1405619791522454,-0.28665106169144244,-0.4587407756823103,-0.58475601520244,-0.4635210479006337,-0.6171176987768593,2.185306951892214,0.6777862204146242,-0.6777862204146242,-0.7594141025684279,-0.4394588774981491,-0.4872228839185013,-0.45073946463777664,2.8286038959175603,2.0503963031570267,-1.0156218808582498
1.4676487527524795,-0.8410117811044965,0.6715480858892972,-0.4018832202117115,-1.60214389333571,"No",-1.080753533219374,1.0807535332193738,1.0176557462730738,-1.017655746273074,-0.6636876283399649,1.6645754175629042,-0.4666998712158976,-0.28665106169144244,-0.4587407756823103,-0.58475601520244,2.1552419345888225,-0.6171176987768593,-0.4571440177477062,-1.473916066615929,1.473916066615929,1.3154878170174407,-0.4394588774981491,-0.4872228839185013,-0.45073946463777664,-0.35317776428217007,-0.4872228839185013,-1.0156218808582498
0.4131045529031381,-0.8410117811044965,0.6715480858892972,0.4872389483982698,0.775969637179088,"Yes",0.9243550627349376,-0.9243550627349376,1.0176557462730738,-1.017655746273074,-0.6636876283399649,-0.6001530417063533,2.1405619791522454,-0.28665106169144244,-0.4587407756823103,1.7084048287286975,-0.4635210479006337,-0.6171176987768593,-0.4571440177477062,0.6777862204146242,-0.6777862204146242,-0.7594141025684279,-0.4394588774981491,2.0503963031570267,-0.45073946463777664,-0.35317776428217007,2.0503963031570267,-1.0156218808582498
1.7730345797349187,-1.4844790964101555,0.05657731126539871,-0.4018832202117115,2.0971438207984203,"No",-1.080753533219374,1.0807535332193738,1.0176557462730738,-1.017655746273074,1.5052261897644954,-0.6001530417063533,-0.4666998712158976,-0.28665106169144244,-0.4587407756823103,-0.58475601520244,2.1552419345888225,-0.6171176987768593,-0.4571440177477062,-1.473916066615929,1.473916066615929,-0.7594141025684279,2.273250242860796,-0.4872228839185013,-0.45073946463777664,-0.35317776428217007,-0.4872228839185013,-1.0156218808582498
-0.0340341564140769,0.7676565071596513,0.05657731126539871,0.4872389483982698,0.5117348004552216,"Yes",0.9243550627349376,-0.9243550627349376,1.0176557462730738,-1.017655746273074,-0.6636876283399649,-0.6001530417063533,2.1405619791522454,-0.28665106169144244,-0.4587407756823103,1.7084048287286975,-0.4635210479006337,-0.6171176987768593,-0.4571440177477062,0.6777862204146242,-0.6777862204146242,-0.7594141025684279,-0.4394588774981491,2.0503963031570267,-0.45073946463777664,-0.35317776428217007,2.0503963031570267,-1.0156218808582498
1.4695188435484527,-0.8410117811044965,0.6715480858892972,0.4872389483982698,-1.425987335519799,"Yes",-1.080753533219374,1.0807535332193738,1.0176557462730738,-1.017655746273074,-0.6636876283399649,1.6645754175629042,-0.4666998712158976,-0.28665106169144244,-0.4587407756823103,-0.58475601520244,2.1552419345888225,-0.6171176987768593,-0.4571440177477062,0.6777862204146242,-0.6777862204146242,1.3154878170174407,-0.4394588774981491,-0.4872228839185013,-0.45073946463777664,-0.35317776428217007,-0.4872228839185013,-1.0156218808582498
0.7717879675708162,0.7676565071596513,-1.173364237982398,-1.2910053888216928,-0.36904798862433325,"Yes",-1.080753533219374,1.0807535332193738,1.0176557462730738,-1.017655746273074,-0.6636876283399649,-0.6001530417063533,-0.4666998712158976,-0.28665106169144244,2.1777004638711976,1.7084048287286975,-0.4635210479006337,-0.6171176987768593,-0.4571440177477062,-1.473916066615929,1.473916066615929,1.3154878170174407,-0.4394588774981491,-0.4872228839185013,-0.45073946463777664,-0.35317776428217007,-0.4872228839185013,-1.0156218808582498
-0.0650776636272336,0.44592284950682176,1.901489635137094,0.4872389483982698,-0.016734872992511342,"No",0.9243550627349376,-0.9243550627349376,-0.9816679202752047,0.9816679202752049,-0.6636876283399649,1.6645754175629042,-0.4666998712158976,-0.28665106169144244,-0.4587407756823103,1.7084048287286975,-0.4635210479006337,-0.6171176987768593,-0.4571440177477062,0.6777862204146242,-0.6777862204146242,1.3154878170174407,-0.4394588774981491,-0.4872228839185013,-0.45073946463777664,-0.35317776428217007,2.0503963031570267,-1.0156218808582498
0.29828097803037773,1.0893901648124809,-1.173364237982398,1.376361117008251,-0.8975176620720662,"Yes",-1.080753533219374,1.0807535332193738,-0.9816679202752047,0.9816679202752049,1.5052261897644954,-0.6001530417063533,-0.4666998712158976,-0.28665106169144244,-0.4587407756823103,-0.58475601520244,-0.4635210479006337,1.6188159924436452,-0.4571440177477062,-1.473916066615929,1.473916066615929,-0.7594141025684279,-0.4394588774981491,-0.4872228839185013,-0.45073946463777664,2.8286038959175603,2.0503963031570267,-1.0156218808582498
-1.6653143577415828,0.7676565071596513,0.05657731126539871,0.4872389483982698,0.6878913582711325,"Yes",0.9243550627349376,-0.9243550627349376,-0.9816679202752047,0.9816679202752049,-0.6636876283399649,1.6645754175629042,-0.4666998712158976,-0.28665106169144244,-0.4587407756823103,1.7084048287286975,-0.4635210479006337,-0.6171176987768593,-0.4571440177477062,0.6777862204146242,-0.6777862204146242,-0.7594141025684279,-0.4394588774981491,2.0503963031570267,-0.45073946463777664,-0.35317776428217007,2.0503963031570267,-1.0156218808582498
1.2501571931807853,0.7676565071596513,1.2865188605131956,-1.2910053888216928,-0.7213611042561552,"Yes",-1.080753533219374,1.0807535332193738,-0.9816679202752047,0.9816679202752049,-0.6636876283399649,-0.6001530417063533,-0.4666998712158976,-0.28665106169144244,2.1777004638711976,-0.58475601520244,-0.4635210479006337,-0.6171176987768593,2.185306951892214,0.6777862204146242,-0.6777862204146242,1.3154878170174407,-0.4394588774981491,-0.4872228839185013,-0.45073946463777664,-0.35317776428217007,2.0503963031570267,-1.0156218808582498
0.21356586497278746,-0.5192781234516669,-0.5583934633584997,-0.4018832202117115,-0.10481315190046682,"Yes",0.9243550627349376,-0.9243550627349376,1.0176557462730738,-1.017655746273074,1.5052261897644954,-0.6001530417063533,-0.4666998712158976,-0.28665106169144244,-0.4587407756823103,1.7084048287286975,-0.4635210479006337,-0.6171176987768593,-0.4571440177477062,0.6777862204146242,-0.6777862204146242,1.3154878170174407,-0.4394588774981491,-0.4872228839185013,-0.45073946463777664,-0.35317776428217007,-0.4872228839185013,-1.0156218808582498
-1.3530091948140424,-0.8410117811044965,-1.173364237982398,-0.4018832202117115,-1.0736742198879772,"No",-1.080753533219374,1.0807535332193738,-0.9816679202752047,0.9816679202752049,-0.6636876283399649,-0.6001530417063533,2.1405619791522454,-0.28665106169144244,-0.4587407756823103,-0.58475601520244,-0.4635210479006337,-0.6171176987768593,-0.4571440177477062,-1.473916066615929,1.473916066615929,-0.7594141025684279,-0.4394588774981491,-0.4872228839185013,2.2163579592543923,-0.35317776428217007,-0.4872228839185013,-1.0156218808582498
0.9988169902019743,-0.5192781234516669,-0.5583934633584997,-0.4018832202117115,-1.0736742198879772,"Yes",0.9243550627349376,-0.9243550627349376,1.0176557462730738,-1.017655746273074,1.5052261897644954,-0.6001530417063533,-0.4666998712158976,-0.28665106169144244,-0.4587407756823103,1.7084048287286975,-0.4635210479006337,-0.6171176987768593,-0.4571440177477062,0.6777862204146242,-0.6777862204146242,-0.7594141025684279,-0.4394588774981491,-0.4872228839185013,2.2163579592543923,-0.35317776428217007,-0.4872228839185013,-1.0156218808582498
-1.0637061486769734,2.376324795423799,-1.173364237982398,-0.4018832202117115,0.3355782426393106,"No",0.9243550627349376,-0.9243550627349376,1.0176557462730738,-1.017655746273074,-0.6636876283399649,-0.6001530417063533,-0.4666998712158976,-0.28665106169144244,2.1777004638711976,-0.58475601520244,-0.4635210479006337,-0.6171176987768593,2.185306951892214,0.6777862204146242,-0.6777862204146242,-0.7594141025684279,-0.4394588774981491,-0.4872228839185013,-0.45073946463777664,2.8286038959175603,2.0503963031570267,-1.0156218808582498
0.1393232603726476,-0.5192781234516669,-0.5583934633584997,-1.2910053888216928,-1.0736742198879772,"Yes",0.9243550627349376,-0.9243550627349376,1.0176557462730738,-1.017655746273074,1.5052261897644954,-0.6001530417063533,-0.4666998712158976,-0.28665106169144244,-0.4587407756823103,1.7084048287286975,-0.4635210479006337,-0.6171176987768593,-0.4571440177477062,0.6777862204146242,-0.6777862204146242,-0.7594141025684279,-0.4394588774981491,-0.4872228839185013,2.2163579592543923,-0.35317776428217007,-0.4872228839185013,-1.0156218808582498
-1.6050974341112425,-0.8410117811044965,0.6715480858892972,-1.2910053888216928,0.1594216848233996,"No",0.9243550627349376,-0.9243550627349376,1.0176557462730738,-1.017655746273074,-0.6636876283399649,-0.6001530417063533,-0.4666998712158976,-0.28665106169144244,2.1777004638711976,-0.58475601520244,2.1552419345888225,-0.6171176987768593,-0.4571440177477062,0.6777862204146242,-0.6777862204146242,1.3154878170174407,-0.4394588774981491,-0.4872228839185013,-0.45073946463777664,-0.35317776428217007,-0.4872228839185013,-1.0156218808582498
-1.3967693194398174,-0.5192781234516669,-0.5583934633584997,-1.2910053888216928,-0.1928914308084223,"No",0.9243550627349376,-0.9243550627349376,1.0176557462730738,-1.017655746273074,1.5052261897644954,-0.6001530417063533,-0.4666998712158976,-0.28665106169144244,-0.4587407756823103,1.7084048287286975,-0.4635210479006337,-0.6171176987768593,-0.4571440177477062,0.6777862204146242,-0.6777862204146242,1.3154878170174407,-0.4394588774981491,-0.4872228839185013,-0.45073946463777664,-0.35317776428217007,-0.4872228839185013,-1.0156218808582498
-0.6371384381154648,-1.4844790964101555,0.05657731126539871,-1.2910053888216928,-0.7213611042561552,"Yes",-1.080753533219374,1.0807535332193738,1.0176557462730738,-1.017655746273074,-0.6636876283399649,-0.6001530417063533,2.1405619791522454,-0.28665106169144244,-0.4587407756823103,-0.58475601520244,-0.4635210479006337,-0.6171176987768593,-0.4571440177477062,0.6777862204146242,-0.6777862204146242,1.3154878170174407,-0.4394588774981491,-0.4872228839185013,-0.45073946463777664,-0.35317776428217007,-0.4872228839185013,-1.0156218808582498
-1.567321600032582,-0.5192781234516669,-0.5583934633584997,-1.2910053888216928,-0.2809697097163778,"No",0.9243550627349376,-0.9243550627349376,1.0176557462730738,-1.017655746273074,1.5052261897644954,-0.6001530417063533,-0.4666998712158976,-0.28665106169144244,-0.4587407756823103,1.7084048287286975,-0.4635210479006337,-0.6171176987768593,-0.4571440177477062,0.6777862204146242,-0.6777862204146242,1.3154878170174407,-0.4394588774981491,-0.4872228839185013,-0.45073946463777664,-0.35317776428217007,-0.4872228839185013,-1.0156218808582498
0.05816131982740658,-0.8410117811044965,0.05657731126539871,0.4872389483982698,2.1852220997063756,"No",0.9243550627349376,-0.9243550627349376,1.0176557462730738,-1.017655746273074,-0.6636876283399649,1.6645754175629042,-0.4666998712158976,-0.28665106169144244,-0.4587407756823103,-0.58475601520244,2.1552419345888225,-0.6171176987768593,-0.4571440177477062,-1.473916066615929,1.473916066615929,1.3154878170174407,-0.4394588774981491,-0.4872228839185013,-0.45073946463777664,-0.35317776428217007,2.0503963031570267,-1.0156218808582498
1.2714762282548808,0.44592284950682176,1.901489635137094,0.4872389483982698,0.07134340591544414,"No",-1.080753533219374,1.0807535332193738,1.0176557462730738,-1.017655746273074,-0.6636876283399649,1.6645754175629042,-0.4666998712158976,-0.28665106169144244,-0.4587407756823103,1.7084048287286975,-0.4635210479006337,-0.6171176987768593,-0.4571440177477062,0.6777862204146242,-0.6777862204146242,-0.7594141025684279,-0.4394588774981491,2.0503963031570267,-0.45073946463777664,-0.35317776428217007,2.0503963031570267,-1.0156218808582498
-1.416966300036329,-0.8410117811044965,-1.173364237982398,-0.4018832202117115,-0.8975176620720662,"No",-1.080753533219374,1.0807535332193738,-0.9816679202752047,0.9816679202752049,-0.6636876283399649,-0.6001530417063533,2.1405619791522454,-0.28665106169144244,-0.4587407756823103,-0.58475601520244,-0.4635210479006337,-0.6171176987768593,-0.4571440177477062,-1.473916066615929,1.473916066615929,-0.7594141025684279,2.273250242860796,-0.4872228839185013,-0.45073946463777664,-0.35317776428217007,-0.4872228839185013,-1.0156218808582498
-1.1933034408379228,0.7676565071596513,1.2865188605131956,-0.4018832202117115,0.775969637179088,"Yes",0.9243550627349376,-0.9243550627349376,1.0176557462730738,-1.017655746273074,-0.6636876283399649,1.6645754175629042,-0.4666998712158976,-0.28665106169144244,-0.4587407756823103,-0.58475601520244,-0.4635210479006337,1.6188159924436452,-0.4571440177477062,-1.473916066615929,1.473916066615929,-0.7594141025684279,2.273250242860796,-0.4872228839185013,-0.45073946463777664,-0.35317776428217007,-0.4872228839185013,-1.0156218808582498
1.2004127780078957,2.0545911377709696,0.6715480858892972,2.2654832856182323,0.5117348004552216,"No",-1.080753533219374,1.0807535332193738,-0.9816679202752047,0.9816679202752049,-0.6636876283399649,-0.6001530417063533,2.1405619791522454,-0.28665106169144244,-0.4587407756823103,-0.58475601520244,-0.4635210479006337,1.6188159924436452,-0.4571440177477062,-1.473916066615929,1.473916066615929,-0.7594141025684279,-0.4394588774981491,2.0503963031570267,-0.45073946463777664,-0.35317776428217007,-0.4872228839185013,-1.0156218808582498
-1.4455786892147204,-1.162745438757326,-0.5583934633584997,-1.2910053888216928,1.8329089840745538,"No",0.9243550627349376,-0.9243550627349376,1.0176557462730738,-1.017655746273074,-0.6636876283399649,1.6645754175629042,-0.4666998712158976,-0.28665106169144244,-0.4587407756823103,-0.58475601520244,-0.4635210479006337,-0.6171176987768593,-0.4571440177477062,0.6777862204146242,-0.6777862204146242,1.3154878170174407,-0.4394588774981491,-0.4872228839185013,-0.45073946463777664,-0.35317776428217007,-0.4872228839185013,-1.0156218808582498
0.29809396895078044,2.0545911377709696,-1.173364237982398,2.2654832856182323,-1.0736742198879772,"Yes",0.9243550627349376,-0.9243550627349376,-0.9816679202752047,0.9816679202752049,-0.6636876283399649,-0.6001530417063533,-0.4666998712158976,3.48507343424859,-0.4587407756823103,-0.58475601520244,-0.4635210479006337,1.6188159924436452,-0.4571440177477062,0.6777862204146242,-0.6777862204146242,-0.7594141025684279,-0.4394588774981491,-0.4872228839185013,-0.45073946463777664,2.8286038959175603,2.0503963031570267,-1.0156218808582498
0.29697191447319643,0.7676565071596513,-1.173364237982398,1.376361117008251,-0.9855959409800217,"No",-1.080753533219374,1.0807535332193738,1.0176557462730738,-1.017655746273074,1.5052261897644954,-0.6001530417063533,-0.4666998712158976,-0.28665106169144244,-0.4587407756823103,-0.58475601520244,-0.4635210479006337,1.6188159924436452,-0.4571440177477062,-1.473916066615929,1.473916066615929,-0.7594141025684279,-0.4394588774981491,-0.4872228839185013,-0.45073946463777664,2.8286038959175603,2.0503963031570267,-1.0156218808582498
-1.1789037417089285,-1.162745438757326,-1.173364237982398,0.4872389483982698,-1.1617524987959327,"Yes",-1.080753533219374,1.0807535332193738,-0.9816679202752047,0.9816679202752049,-0.6636876283399649,-0.6001530417063533,-0.4666998712158976,3.48507343424859,-0.4587407756823103,-0.58475601520244,-0.4635210479006337,-0.6171176987768593,-0.4571440177477062,0.6777862204146242,-0.6777862204146242,-0.7594141025684279,-0.4394588774981491,-0.4872228839185013,2.2163579592543923,-0.35317776428217007,-0.4872228839185013,-1.0156218808582498
-1.2860599443181984,2.0545911377709696,-0.5583934633584997,0.4872389483982698,0.1594216848233996,"Yes",0.9243550627349376,-0.9243550627349376,1.0176557462730738,-1.017655746273074,1.5052261897644954,-0.6001530417063533,-0.4666998712158976,-0.28665106169144244,-0.4587407756823103,-0.58475601520244,-0.4635210479006337,-0.6171176987768593,2.185306951892214,0.6777862204146242,-0.6777862204146242,1.3154878170174407,-0.4394588774981491,-0.4872228839185013,-0.45073946463777664,-0.35317776428217007,2.0503963031570267,-1.0156218808582498
-0.9677704908435434,-0.5192781234516669,-1.173364237982398,-1.2910053888216928,-0.45712626753228874,"Yes",0.9243550627349376,-0.9243550627349376,1.0176557462730738,-1.017655746273074,1.5052261897644954,-0.6001530417063533,-0.4666998712158976,-0.28665106169144244,-0.4587407756823103,-0.58475601520244,2.1552419345888225,-0.6171176987768593,-0.4571440177477062,0.6777862204146242,-0.6777862204146242,1.3154878170174407,-0.4394588774981491,-0.4872228839185013,-0.45073946463777664,-0.35317776428217007,-0.4872228839185013,-1.0156218808582498
-0.1187492694716672,-1.162745438757326,0.05657731126539871,-0.4018832202117115,-0.36904798862433325,"No",-1.080753533219374,1.0807535332193738,-0.9816679202752047,0.9816679202752049,-0.6636876283399649,-0.6001530417063533,2.1405619791522454,-0.28665106169144244,-0.4587407756823103,-0.58475601520244,-0.4635210479006337,-0.6171176987768593,-0.4571440177477062,0.6777862204146242,-0.6777862204146242,1.3154878170174407,-0.4394588774981491,-0.4872228839185013,-0.45073946463777664,-0.35317776428217007,-0.4872228839185013,-1.0156218808582498
-0.41366258799665595,-0.8410117811044965,0.6715480858892972,-1.2910053888216928,0.1594216848233996,"Yes",-1.080753533219374,1.0807535332193738,1.0176557462730738,-1.017655746273074,1.5052261897644954,-0.6001530417063533,-0.4666998712158976,-0.28665106169144244,-0.4587407756823103,-0.58475601520244,2.1552419345888225,-0.6171176987768593,-0.4571440177477062,0.6777862204146242,-0.6777862204146242,1.3154878170174407,-0.4394588774981491,-0.4872228839185013,-0.45073946463777664,-0.35317776428217007,-0.4872228839185013,-1.0156218808582498
-1.6488575587370178,-0.5192781234516669,0.05657731126539871,0.4872389483982698,1.8329089840745538,"No",0.9243550627349376,-0.9243550627349376,-0.9816679202752047,0.9816679202752049,1.5052261897644954,-0.6001530417063533,-0.4666998712158976,-0.28665106169144244,-0.4587407756823103,-0.58475601520244,-0.4635210479006337,-0.6171176987768593,2.185306951892214,0.6777862204146242,-0.6777862204146242,1.3154878170174407,-0.4394588774981491,-0.4872228839185013,-0.45073946463777664,-0.35317776428217007,2.0503963031570267,-1.0156218808582498
-0.639008528911438,-0.8410117811044965,0.6715480858892972,-1.2910053888216928,0.2474999637313551,"Yes",-1.080753533219374,1.0807535332193738,1.0176557462730738,-1.017655746273074,1.5052261897644954,-0.6001530417063533,-0.4666998712158976,-0.28665106169144244,-0.4587407756823103,-0.58475601520244,2.1552419345888225,-0.6171176987768593,-0.4571440177477062,0.6777862204146242,-0.6777862204146242,1.3154878170174407,-0.4394588774981491,-0.4872228839185013,-0.45073946463777664,-0.35317776428217007,-0.4872228839185013,-1.0156218808582498
0.8114338924454501,1.4111238224653104,-0.5583934633584997,1.376361117008251,0.1594216848233996,"Yes",-1.080753533219374,1.0807535332193738,-0.9816679202752047,0.9816679202752049,1.5052261897644954,-0.6001530417063533,-0.4666998712158976,-0.28665106169144244,-0.4587407756823103,-0.58475601520244,-0.4635210479006337,-0.6171176987768593,2.185306951892214,-1.473916066615929,1.473916066615929,1.3154878170174407,-0.4394588774981491,-0.4872228839185013,-0.45073946463777664,-0.35317776428217007,2.0503963031570267,-1.0156218808582498
-0.3203450572775885,0.7676565071596513,1.901489635137094,1.376361117008251,-0.36904798862433325,"No",0.9243550627349376,-0.9243550627349376,1.0176557462730738,-1.017655746273074,-0.6636876283399649,-0.6001530417063533,-0.4666998712158976,-0.28665106169144244,2.1777004638711976,-0.58475601520244,-0.4635210479006337,-0.6171176987768593,2.185306951892214,0.6777862204146242,-0.6777862204146242,1.3154878170174407,-0.4394588774981491,-0.4872228839185013,-0.45073946463777664,-0.35317776428217007,2.0503963031570267,-1.0156218808582498
0.03385013947975374,-0.8410117811044965,-0.5583934633584997,-1.2910053888216928,1.8329089840745538,"No",0.9243550627349376,-0.9243550627349376,1.0176557462730738,-1.017655746273074,1.5052261897644954,-0.6001530417063533,-0.4666998712158976,-0.28665106169144244,-0.4587407756823103,-0.58475601520244,2.1552419345888225,-0.6171176987768593,-0.4571440177477062,0.6777862204146242,-0.6777862204146242,1.3154878170174407,-0.4394588774981491,-0.4872228839185013,-0.45073946463777664,-0.35317776428217007,-0.4872228839185013,-1.0156218808582498
-0.8142360364941359,-0.8410117811044965,-1.173364237982398,-0.4018832202117115,-1.425987335519799,"No",-1.080753533219374,1.0807535332193738,-0.9816679202752047,0.9816679202752049,-0.6636876283399649,-0.6001530417063533,2.1405619791522454,-0.28665106169144244,-0.4587407756823103,-0.58475601520244,-0.4635210479006337,-0.6171176987768593,-0.4571440177477062,-1.473916066615929,1.473916066615929,-0.7594141025684279,-0.4394588774981491,-0.4872228839185013,2.2163579592543923,-0.35317776428217007,-0.4872228839185013,-1.0156218808582498
1.5628363742675202,0.44592284950682176,-1.173364237982398,0.4872389483982698,-0.10481315190046682,"Yes",-1.080753533219374,1.0807535332193738,-0.9816679202752047,0.9816679202752049,1.5052261897644954,-0.6001530417063533,-0.4666998712158976,-0.28665106169144244,-0.4587407756823103,-0.58475601520244,-0.4635210479006337,1.6188159924436452,-0.4571440177477062,-1.473916066615929,1.473916066615929,-0.7594141025684279,-0.4394588774981491,2.0503963031570267,-0.45073946463777664,-0.35317776428217007,2.0503963031570267,-1.0156218808582498
0.49894172043831236,-0.5192781234516669,-1.173364237982398,-1.2910053888216928,-0.5452045464402442,"Yes",-1.080753533219374,1.0807535332193738,1.0176557462730738,-1.017655746273074,-0.6636876283399649,-0.6001530417063533,-0.4666998712158976,-0.28665106169144244,2.1777004638711976,-0.58475601520244,2.1552419345888225,-0.6171176987768593,-0.4571440177477062,0.6777862204146242,-0.6777862204146242,1.3154878170174407,-0.4394588774981491,-0.4872228839185013,-0.45073946463777664,-0.35317776428217007,-0.4872228839185013,-1.0156218808582498
-0.8043245552754774,-0.8410117811044965,-1.173364237982398,-1.2910053888216928,0.2474999637313551,"Yes",0.9243550627349376,-0.9243550627349376,1.0176557462730738,-1.017655746273074,1.5052261897644954,-0.6001530417063533,-0.4666998712158976,-0.28665106169144244,-0.4587407756823103,-0.58475601520244,2.1552419345888225,-0.6171176987768593,-0.4571440177477062,0.6777862204146242,-0.6777862204146242,1.3154878170174407,-0.4394588774981491,-0.4872228839185013,-0.45073946463777664,-0.35317776428217007,-0.4872228839185013,-1.0156218808582498
1.424823673524691,1.0893901648124809,0.05657731126539871,-1.2910053888216928,-0.7213611042561552,"Yes",0.9243550627349376,-0.9243550627349376,1.0176557462730738,-1.017655746273074,1.5052261897644954,-0.6001530417063533,-0.4666998712158976,-0.28665106169144244,-0.4587407756823103,-0.58475601520244,-0.4635210479006337,1.6188159924436452,-0.4571440177477062,-1.473916066615929,1.473916066615929,1.3154878170174407,-0.4394588774981491,-0.4872228839185013,-0.45073946463777664,-0.35317776428217007,2.0503963031570267,-1.0156218808582498
-0.04076648327958076,-1.162745438757326,1.2865188605131956,0.4872389483982698,1.3925175895347763,"No",0.9243550627349376,-0.9243550627349376,-0.9816679202752047,0.9816679202752049,-0.6636876283399649,-0.6001530417063533,2.1405619791522454,-0.28665106169144244,-0.4587407756823103,1.7084048287286975,-0.4635210479006337,-0.6171176987768593,-0.4571440177477062,-1.473916066615929,1.473916066615929,-0.7594141025684279,-0.4394588774981491,-0.4872228839185013,2.2163579592543923,-0.35317776428217007,2.0503963031570267,-1.0156218808582498
0.37551572790407484,0.44592284950682176,-1.173364237982398,-0.4018832202117115,-0.1928914308084223,"Yes",-1.080753533219374,1.0807535332193738,1.0176557462730738,-1.017655746273074,1.5052261897644954,-0.6001530417063533,-0.4666998712158976,-0.28665106169144244,-0.4587407756823103,-0.58475601520244,-0.4635210479006337,1.6188159924436452,-0.4571440177477062,0.6777862204146242,-0.6777862204146242,-0.7594141025684279,-0.4394588774981491,2.0503963031570267,-0.45073946463777664,-0.35317776428217007,2.0503963031570267,-1.0156218808582498
-1.1097103822579166,0.44592284950682176,0.05657731126539871,0.4872389483982698,0.5117348004552216,"Yes",0.9243550627349376,-0.9243550627349376,-0.9816679202752047,0.9816679202752049,-0.6636876283399649,-0.6001530417063533,2.1405619791522454,-0.28665106169144244,-0.4587407756823103,1.7084048287286975,-0.4635210479006337,-0.6171176987768593,-0.4571440177477062,-1.473916066615929,1.473916066615929,-0.7594141025684279,-0.4394588774981491,-0.4872228839185013,2.2163579592543923,-0.35317776428217007,2.0503963031570267,-1.0156218808582498
0.4944535025279765,-0.8410117811044965,-1.173364237982398,-1.2910053888216928,-0.8094393831641107,"Yes",0.9243550627349376,-0.9243550627349376,-0.9816679202752047,0.9816679202752049,1.5052261897644954,-0.6001530417063533,-0.4666998712158976,-0.28665106169144244,-0.4587407756823103,-0.58475601520244,2.1552419345888225,-0.6171176987768593,-0.4571440177477062,0.6777862204146242,-0.6777862204146242,1.3154878170174407,-0.4394588774981491,-0.4872228839185013,-0.45073946463777664,-0.35317776428217007,-0.4872228839185013,-1.0156218808582498
1.312431216686696,-0.5192781234516669,-0.5583934633584997,-0.4018832202117115,-1.0736742198879772,"Yes",0.9243550627349376,-0.9243550627349376,-0.9816679202752047,0.9816679202752049,1.5052261897644954,-0.6001530417063533,-0.4666998712158976,-0.28665106169144244,-0.4587407756823103,1.7084048287286975,-0.4635210479006337,-0.6171176987768593,-0.4571440177477062,0.6777862204146242,-0.6777862204146242,1.3154878170174407,-0.4394588774981491,-0.4872228839185013,-0.45073946463777664,-0.35317776428217007,-0.4872228839185013,-1.0156218808582498
-0.312677685014098,1.0893901648124809,-0.5583934633584997,-0.4018832202117115,0.1594216848233996,"No",0.9243550627349376,-0.9243550627349376,1.0176557462730738,-1.017655746273074,1.5052261897644954,-0.6001530417063533,-0.4666998712158976,-0.28665106169144244,-0.4587407756823103,-0.58475601520244,-0.4635210479006337,1.6188159924436452,-0.4571440177477062,0.6777862204146242,-0.6777862204146242,-0.7594141025684279,-0.4394588774981491,2.0503963031570267,-0.45073946463777664,-0.35317776428217007,2.0503963031570267,-1.0156218808582498
1.6079055624504768,-0.5192781234516669,0.05657731126539871,-1.2910053888216928,-0.9855959409800217,"Yes",-1.080753533219374,1.0807535332193738,1.0176557462730738,-1.017655746273074,-0.6636876283399649,1.6645754175629042,-0.4666998712158976,-0.28665106169144244,-0.4587407756823103,-0.58475601520244,2.1552419345888225,-0.6171176987768593,-0.4571440177477062,0.6777862204146242,-0.6777862204146242,-0.7594141025684279,-0.4394588774981491,-0.4872228839185013,2.2163579592543923,-0.35317776428217007,-0.4872228839185013,-1.0156218808582498
1.5998641720277915,-0.5192781234516669,-1.173364237982398,-1.2910053888216928,-0.7213611042561552,"Yes",-1.080753533219374,1.0807535332193738,-0.9816679202752047,0.9816679202752049,-0.6636876283399649,-0.6001530417063533,-0.4666998712158976,-0.28665106169144244,2.1777004638711976,-0.58475601520244,2.1552419345888225,-0.6171176987768593,-0.4571440177477062,-1.473916066615929,1.473916066615929,1.3154878170174407,-0.4394588774981491,-0.4872228839185013,-0.45073946463777664,-0.35317776428217007,-0.4872228839185013,-1.0156218808582498
-0.8445315073889033,-1.4844790964101555,-0.5583934633584997,-1.2910053888216928,2.2733003786143313,"No",0.9243550627349376,-0.9243550627349376,-0.9816679202752047,0.9816679202752049,-0.6636876283399649,-0.6001530417063533,-0.4666998712158976,-0.28665106169144244,2.1777004638711976,-0.58475601520244,2.1552419345888225,-0.6171176987768593,-0.4571440177477062,0.6777862204146242,-0.6777862204146242,1.3154878170174407,-0.4394588774981491,-0.4872228839185013,-0.45073946463777664,-0.35317776428217007,-0.4872228839185013,-1.0156218808582498
1.0687583859713756,-0.8410117811044965,-1.173364237982398,-0.4018832202117115,-1.1617524987959327,"Yes",-1.080753533219374,1.0807535332193738,1.0176557462730738,-1.017655746273074,-0.6636876283399649,1.6645754175629042,-0.4666998712158976,-0.28665106169144244,-0.4587407756823103,-0.58475601520244,2.1552419345888225,-0.6171176987768593,-0.4571440177477062,-1.473916066615929,1.473916066615929,-0.7594141025684279,2.273250242860796,-0.4872228839185013,-0.45073946463777664,-0.35317776428217007,-0.4872228839185013,-1.0156218808582498
-0.08882781673609447,-0.8410117811044965,0.05657731126539871,0.4872389483982698,-0.1928914308084223,"No",-1.080753533219374,1.0807535332193738,-0.9816679202752047,0.9816679202752049,-0.6636876283399649,1.6645754175629042,-0.4666998712158976,-0.28665106169144244,-0.4587407756823103,-0.58475601520244,2.1552419345888225,-0.6171176987768593,-0.4571440177477062,0.6777862204146242,-0.6777862204146242,1.3154878170174407,-0.4394588774981491,-0.4872228839185013,-0.45073946463777664,-0.35317776428217007,-0.4872228839185013,-1.0156218808582498
1.2060230503958154,1.0893901648124809,1.2865188605131956,2.2654832856182323,1.2163610317188653,"No",0.9243550627349376,-0.9243550627349376,1.0176557462730738,-1.017655746273074,-0.6636876283399649,-0.6001530417063533,-0.4666998712158976,3.48507343424859,-0.4587407756823103,1.7084048287286975,-0.4635210479006337,-0.6171176987768593,-0.4571440177477062,0.6777862204146242,-0.6777862204146242,-0.7594141025684279,-0.4394588774981491,-0.4872228839185013,-0.45073946463777664,2.8286038959175603,-0.4872228839185013,-1.0156218808582498
-1.3361783776502827,-0.5192781234516669,-1.173364237982398,-1.2910053888216928,-0.45712626753228874,"No",0.9243550627349376,-0.9243550627349376,-0.9816679202752047,0.9816679202752049,1.5052261897644954,-0.6001530417063533,-0.4666998712158976,-0.28665106169144244,-0.4587407756823103,-0.58475601520244,2.1552419345888225,-0.6171176987768593,-0.4571440177477062,0.6777862204146242,-0.6777862204146242,1.3154878170174407,-0.4394588774981491,-0.4872228839185013,-0.45073946463777664,-0.35317776428217007,-0.4872228839185013,-1.0156218808582498
-0.8110568821409813,-1.4844790964101555,-1.173364237982398,0.4872389483982698,-0.8975176620720662,"No",-1.080753533219374,1.0807535332193738,1.0176557462730738,-1.017655746273074,-0.6636876283399649,-0.6001530417063533,-0.4666998712158976,3.48507343424859,-0.4587407756823103,-0.58475601520244,-0.4635210479006337,-0.6171176987768593,-0.4571440177477062,0.6777862204146242,-0.6777862204146242,-0.7594141025684279,-0.4394588774981491,-0.4872228839185013,2.2163579592543923,-0.35317776428217007,-0.4872228839185013,-1.0156218808582498
1.4715759434240234,-1.162745438757326,-1.173364237982398,0.4872389483982698,-1.0736742198879772,"No",0.9243550627349376,-0.9243550627349376,-0.9816679202752047,0.9816679202752049,-0.6636876283399649,-0.6001530417063533,-0.4666998712158976,3.48507343424859,-0.4587407756823103,-0.58475601520244,-0.4635210479006337,-0.6171176987768593,-0.4571440177477062,0.6777862204146242,-0.6777862204146242,1.3154878170174407,-0.4394588774981491,-0.4872228839185013,-0.45073946463777664,-0.35317776428217007,-0.4872228839185013,-1.0156218808582498
-1.5387092108541907,0.1241891918539922,1.2865188605131956,-1.2910053888216928,0.1594216848233996,"No",0.9243550627349376,-0.9243550627349376,-0.9816679202752047,0.9816679202752049,1.5052261897644954,-0.6001530417063533,-0.4666998712158976,-0.28665106169144244,-0.4587407756823103,-0.58475601520244,-0.4635210479006337,1.6188159924436452,-0.4571440177477062,0.6777862204146242,-0.6777862204146242,-0.7594141025684279,2.273250242860796,-0.4872228839185013,-0.45073946463777664,-0.35317776428217007,-0.4872228839185013,0.9836337901225568
0.9535607929394205,0.44592284950682176,0.05657731126539871,0.4872389483982698,0.3355782426393106,"No",0.9243550627349376,-0.9243550627349376,-0.9816679202752047,0.9816679202752049,-0.6636876283399649,-0.6001530417063533,-0.4666998712158976,3.48507343424859,-0.4587407756823103,1.7084048287286975,-0.4635210479006337,-0.6171176987768593,-0.4571440177477062,0.6777862204146242,-0.6777862204146242,-0.7594141025684279,-0.4394588774981491,2.0503963031570267,-0.45073946463777664,-0.35317776428217007,-0.4872228839185013,0.9836337901225568
1.1729224433070882,-0.5192781234516669,0.6715480858892972,-0.4018832202117115,-1.1617524987959327,"Yes",-1.080753533219374,1.0807535332193738,1.0176557462730738,-1.017655746273074,-0.6636876283399649,1.6645754175629042,-0.4666998712158976,-0.28665106169144244,-0.4587407756823103,-0.58475601520244,2.1552419345888225,-0.6171176987768593,-0.4571440177477062,0.6777862204146242,-0.6777862204146242,-0.7594141025684279,-0.4394588774981491,-0.4872228839185013,2.2163579592543923,-0.35317776428217007,-0.4872228839185013,0.9836337901225568
0.699602462846247,0.44592284950682176,1.901489635137094,1.376361117008251,1.3925175895347763,"Yes",-1.080753533219374,1.0807535332193738,-0.9816679202752047,0.9816679202752049,1.5052261897644954,-0.6001530417063533,-0.4666998712158976,-0.28665106169144244,-0.4587407756823103,-0.58475601520244,-0.4635210479006337,-0.6171176987768593,2.185306951892214,0.6777862204146242,-0.6777862204146242,-0.7594141025684279,-0.4394588774981491,-0.4872228839185013,-0.45073946463777664,2.8286038959175603,-0.4872228839185013,0.9836337901225568
1.4369792636985175,0.44592284950682176,1.2865188605131956,-1.2910053888216928,0.5998130793631771,"No",0.9243550627349376,-0.9243550627349376,-0.9816679202752047,0.9816679202752049,-0.6636876283399649,-0.6001530417063533,2.1405619791522454,-0.28665106169144244,-0.4587407756823103,-0.58475601520244,-0.4635210479006337,1.6188159924436452,-0.4571440177477062,0.6777862204146242,-0.6777862204146242,-0.7594141025684279,-0.4394588774981491,2.0503963031570267,-0.45073946463777664,-0.35317776428217007,-0.4872228839185013,0.9836337901225568
0.9378520302532449,0.1241891918539922,0.05657731126539871,0.4872389483982698,1.0402044739029543,"No",0.9243550627349376,-0.9243550627349376,-0.9816679202752047,0.9816679202752049,-0.6636876283399649,1.6645754175629042,-0.4666998712158976,-0.28665106169144244,-0.4587407756823103,-0.58475601520244,-0.4635210479006337,1.6188159924436452,-0.4571440177477062,0.6777862204146242,-0.6777862204146242,-0.7594141025684279,-0.4394588774981491,-0.4872228839185013,-0.45073946463777664,2.8286038959175603,-0.4872228839185013,0.9836337901225568
0.13315196074593574,0.1241891918539922,0.6715480858892972,-0.4018832202117115,-0.36904798862433325,"Yes",-1.080753533219374,1.0807535332193738,1.0176557462730738,-1.017655746273074,1.5052261897644954,-0.6001530417063533,-0.4666998712158976,-0.28665106169144244,-0.4587407756823103,1.7084048287286975,-0.4635210479006337,-0.6171176987768593,-0.4571440177477062,0.6777862204146242,-0.6777862204146242,-0.7594141025684279,2.273250242860796,-0.4872228839185013,-0.45073946463777664,-0.35317776428217007,-0.4872228839185013,0.9836337901225568
-0.872208851169308,0.44592284950682176,-0.5583934633584997,-1.2910053888216928,-0.8975176620720662,"Yes",-1.080753533219374,1.0807535332193738,1.0176557462730738,-1.017655746273074,-0.6636876283399649,-0.6001530417063533,-0.4666998712158976,-0.28665106169144244,2.1777004638711976,-0.58475601520244,-0.4635210479006337,1.6188159924436452,-0.4571440177477062,0.6777862204146242,-0.6777862204146242,-0.7594141025684279,2.273250242860796,-0.4872228839185013,-0.45073946463777664,-0.35317776428217007,-0.4872228839185013,0.9836337901225568
1.1306583913180916,0.7676565071596513,-0.5583934633584997,-0.4018832202117115,0.3355782426393106,"Yes",0.9243550627349376,-0.9243550627349376,-0.9816679202752047,0.9816679202752049,-0.6636876283399649,1.6645754175629042,-0.4666998712158976,-0.28665106169144244,-0.4587407756823103,1.7084048287286975,-0.4635210479006337,-0.6171176987768593,-0.4571440177477062,0.6777862204146242,-0.6777862204146242,-0.7594141025684279,2.273250242860796,-0.4872228839185013,-0.45073946463777664,-0.35317776428217007,-0.4872228839185013,0.9836337901225568
1.2359445031313883,-0.5192781234516669,-1.173364237982398,0.4872389483982698,-1.1617524987959327,"Yes",-1.080753533219374,1.0807535332193738,1.0176557462730738,-1.017655746273074,-0.6636876283399649,-0.6001530417063533,2.1405619791522454,-0.28665106169144244,-0.4587407756823103,1.7084048287286975,-0.4635210479006337,-0.6171176987768593,-0.4571440177477062,-1.473916066615929,1.473916066615929,-0.7594141025684279,-0.4394588774981491,-0.4872228839185013,2.2163579592543923,-0.35317776428217007,-0.4872228839185013,0.9836337901225568
-0.8241475177127944,0.1241891918539922,1.901489635137094,-0.4018832202117115,0.2474999637313551,"No",0.9243550627349376,-0.9243550627349376,-0.9816679202752047,0.9816679202752049,1.5052261897644954,-0.6001530417063533,-0.4666998712158976,-0.28665106169144244,-0.4587407756823103,-0.58475601520244,-0.4635210479006337,1.6188159924436452,-0.4571440177477062,0.6777862204146242,-0.6777862204146242,-0.7594141025684279,2.273250242860796,-0.4872228839185013,-0.45073946463777664,-0.35317776428217007,-0.4872228839185013,0.9836337901225568
-0.13670214111301082,-0.19754446579883733,-1.173364237982398,-1.2910053888216928,-0.8975176620720662,"No",0.9243550627349376,-0.9243550627349376,1.0176557462730738,-1.017655746273074,-0.6636876283399649,-0.6001530417063533,-0.4666998712158976,-0.28665106169144244,2.1777004638711976,1.7084048287286975,-0.4635210479006337,-0.6171176987768593,-0.4571440177477062,0.6777862204146242,-0.6777862204146242,1.3154878170174407,-0.4394588774981491,-0.4872228839185013,-0.45073946463777664,-0.35317776428217007,-0.4872228839185013,0.9836337901225568
-0.8772580963184359,-0.5192781234516669,-1.173364237982398,-0.4018832202117115,-1.3379090566118435,"No",0.9243550627349376,-0.9243550627349376,-0.9816679202752047,0.9816679202752049,-0.6636876283399649,1.6645754175629042,-0.4666998712158976,-0.28665106169144244,-0.4587407756823103,1.7084048287286975,-0.4635210479006337,-0.6171176987768593,-0.4571440177477062,0.6777862204146242,-0.6777862204146242,-0.7594141025684279,-0.4394588774981491,2.0503963031570267,-0.45073946463777664,-0.35317776428217007,-0.4872228839185013,0.9836337901225568
0.06975588276244102,2.376324795423799,-0.5583934633584997,2.2654832856182323,-0.016734872992511342,"Yes",0.9243550627349376,-0.9243550627349376,1.0176557462730738,-1.017655746273074,1.5052261897644954,-0.6001530417063533,-0.4666998712158976,-0.28665106169144244,-0.4587407756823103,-0.58475601520244,-0.4635210479006337,-0.6171176987768593,2.185306951892214,0.6777862204146242,-0.6777862204146242,-0.7594141025684279,2.273250242860796,-0.4872228839185013,-0.45073946463777664,-0.35317776428217007,-0.4872228839185013,0.9836337901225568
1.0171438800025125,0.44592284950682176,0.05657731126539871,-0.4018832202117115,-0.5452045464402442,"Yes",0.9243550627349376,-0.9243550627349376,-0.9816679202752047,0.9816679202752049,1.5052261897644954,-0.6001530417063533,-0.4666998712158976,-0.28665106169144244,-0.4587407756823103,1.7084048287286975,-0.4635210479006337,-0.6171176987768593,-0.4571440177477062,0.6777862204146242,-0.6777862204146242,-0.7594141025684279,2.273250242860796,-0.4872228839185013,-0.45073946463777664,-0.35317776428217007,-0.4872228839185013,0.9836337901225568
-0.7528970583862118,1.4111238224653104,1.2865188605131956,2.2654832856182323,-0.36904798862433325,"No",0.9243550627349376,-0.9243550627349376,-0.9816679202752047,0.9816679202752049,-0.6636876283399649,1.6645754175629042,-0.4666998712158976,-0.28665106169144244,-0.4587407756823103,-0.58475601520244,-0.4635210479006337,1.6188159924436452,-0.4571440177477062,0.6777862204146242,-0.6777862204146242,1.3154878170174407,-0.4394588774981491,-0.4872228839185013,-0.45073946463777664,-0.35317776428217007,-0.4872228839185013,0.9836337901225568
0.9552438746557965,0.44592284950682176,1.2865188605131956,0.4872389483982698,-0.1928914308084223,"Yes",0.9243550627349376,-0.9243550627349376,1.0176557462730738,-1.017655746273074,1.5052261897644954,-0.6001530417063533,-0.4666998712158976,-0.28665106169144244,-0.4587407756823103,-0.58475601520244,-0.4635210479006337,1.6188159924436452,-0.4571440177477062,0.6777862204146242,-0.6777862204146242,-0.7594141025684279,2.273250242860796,-0.4872228839185013,-0.45073946463777664,-0.35317776428217007,-0.4872228839185013,0.9836337901225568
0.8924088239110938,-0.5192781234516669,-0.5583934633584997,-0.4018832202117115,0.5998130793631771,"Yes",0.9243550627349376,-0.9243550627349376,1.0176557462730738,-1.017655746273074,-0.6636876283399649,1.6645754175629042,-0.4666998712158976,-0.28665106169144244,-0.4587407756823103,-0.58475601520244,2.1552419345888225,-0.6171176987768593,-0.4571440177477062,0.6777862204146242,-0.6777862204146242,-0.7594141025684279,-0.4394588774981491,-0.4872228839185013,2.2163579592543923,-0.35317776428217007,-0.4872228839185013,0.9836337901225568
-0.6786544537860719,0.1241891918539922,-1.173364237982398,0.4872389483982698,-1.3379090566118435,"No",0.9243550627349376,-0.9243550627349376,-0.9816679202752047,0.9816679202752049,-0.6636876283399649,1.6645754175629042,-0.4666998712158976,-0.28665106169144244,-0.4587407756823103,1.7084048287286975,-0.4635210479006337,-0.6171176987768593,-0.4571440177477062,-1.473916066615929,1.473916066615929,-0.7594141025684279,-0.4394588774981491,-0.4872228839185013,2.2163579592543923,-0.35317776428217007,-0.4872228839185013,0.9836337901225568
0.8211583645845112,0.1241891918539922,0.6715480858892972,-0.4018832202117115,0.3355782426393106,"Yes",0.9243550627349376,-0.9243550627349376,-0.9816679202752047,0.9816679202752049,1.5052261897644954,-0.6001530417063533,-0.4666998712158976,-0.28665106169144244,-0.4587407756823103,-0.58475601520244,-0.4635210479006337,1.6188159924436452,-0.4571440177477062,0.6777862204146242,-0.6777862204146242,-0.7594141025684279,2.273250242860796,-0.4872228839185013,-0.45073946463777664,-0.35317776428217007,-0.4872228839185013,0.9836337901225568
-0.2530217886225498,0.44592284950682176,-1.173364237982398,-0.4018832202117115,-0.6332828253481997,"Yes",-1.080753533219374,1.0807535332193738,-0.9816679202752047,0.9816679202752049,1.5052261897644954,-0.6001530417063533,-0.4666998712158976,-0.28665106169144244,-0.4587407756823103,-0.58475601520244,-0.4635210479006337,1.6188159924436452,-0.4571440177477062,-1.473916066615929,1.473916066615929,-0.7594141025684279,2.273250242860796,-0.4872228839185013,-0.45073946463777664,-0.35317776428217007,-0.4872228839185013,0.9836337901225568
-1.451001952523043,0.7676565071596513,1.2865188605131956,0.4872389483982698,1.9209872629825093,"Yes",-1.080753533219374,1.0807535332193738,-0.9816679202752047,0.9816679202752049,1.5052261897644954,-0.6001530417063533,-0.4666998712158976,-0.28665106169144244,-0.4587407756823103,-0.58475601520244,-0.4635210479006337,-0.6171176987768593,2.185306951892214,0.6777862204146242,-0.6777862204146242,-0.7594141025684279,-0.4394588774981491,2.0503963031570267,-0.45073946463777664,-0.35317776428217007,-0.4872228839185013,0.9836337901225568
-0.35793388227665174,0.1241891918539922,-0.5583934633584997,-0.4018832202117115,0.07134340591544414,"Yes",0.9243550627349376,-0.9243550627349376,1.0176557462730738,-1.017655746273074,-0.6636876283399649,1.6645754175629042,-0.4666998712158976,-0.28665106169144244,-0.4587407756823103,1.7084048287286975,-0.4635210479006337,-0.6171176987768593,-0.4571440177477062,0.6777862204146242,-0.6777862204146242,1.3154878170174407,-0.4394588774981491,-0.4872228839185013,-0.45073946463777664,-0.35317776428217007,-0.4872228839185013,0.9836337901225568
-1.2366895473045034,0.1241891918539922,1.2865188605131956,0.4872389483982698,1.4805958684427318,"Yes",-1.080753533219374,1.0807535332193738,1.0176557462730738,-1.017655746273074,-0.6636876283399649,-0.6001530417063533,-0.4666998712158976,-0.28665106169144244,2.1777004638711976,-0.58475601520244,-0.4635210479006337,-0.6171176987768593,2.185306951892214,0.6777862204146242,-0.6777862204146242,-0.7594141025684279,-0.4394588774981491,-0.4872228839185013,-0.45073946463777664,2.8286038959175603,-0.4872228839185013,0.9836337901225568
-0.10603265205904878,-0.5192781234516669,-1.173364237982398,-0.4018832202117115,0.07134340591544414,"No",-1.080753533219374,1.0807535332193738,-0.9816679202752047,0.9816679202752049,1.5052261897644954,-0.6001530417063533,-0.4666998712158976,-0.28665106169144244,-0.4587407756823103,-0.58475601520244,-0.4635210479006337,1.6188159924436452,-0.4571440177477062,-1.473916066615929,1.473916066615929,-0.7594141025684279,2.273250242860796,-0.4872228839185013,-0.45073946463777664,-0.35317776428217007,-0.4872228839185013,0.9836337901225568
-0.7128771153523832,0.44592284950682176,1.901489635137094,0.4872389483982698,0.2474999637313551,"No",0.9243550627349376,-0.9243550627349376,1.0176557462730738,-1.017655746273074,1.5052261897644954,-0.6001530417063533,-0.4666998712158976,-0.28665106169144244,-0.4587407756823103,-0.58475601520244,-0.4635210479006337,1.6188159924436452,-0.4571440177477062,0.6777862204146242,-0.6777862204146242,-0.7594141025684279,2.273250242860796,-0.4872228839185013,-0.45073946463777664,-0.35317776428217007,-0.4872228839185013,0.9836337901225568
0.4213329524054206,0.1241891918539922,0.05657731126539871,0.4872389483982698,0.4236565215472661,"No",0.9243550627349376,-0.9243550627349376,1.0176557462730738,-1.017655746273074,-0.6636876283399649,-0.6001530417063533,2.1405619791522454,-0.28665106169144244,-0.4587407756823103,-0.58475601520244,-0.4635210479006337,1.6188159924436452,-0.4571440177477062,0.6777862204146242,-0.6777862204146242,-0.7594141025684279,-0.4394588774981491,2.0503963031570267,-0.45073946463777664,-0.35317776428217007,-0.4872228839185013,0.9836337901225568
-0.5043619916013607,0.1241891918539922,0.6715480858892972,-1.2910053888216928,0.2474999637313551,"Yes",-1.080753533219374,1.0807535332193738,-0.9816679202752047,0.9816679202752049,1.5052261897644954,-0.6001530417063533,-0.4666998712158976,-0.28665106169144244,-0.4587407756823103,-0.58475601520244,-0.4635210479006337,1.6188159924436452,-0.4571440177477062,-1.473916066615929,1.473916066615929,1.3154878170174407,-0.4394588774981491,-0.4872228839185013,-0.45073946463777664,-0.35317776428217007,-0.4872228839185013,0.9836337901225568
0.6769743642149701,0.7676565071596513,-1.173364237982398,-0.4018832202117115,-0.8975176620720662,"Yes",0.9243550627349376,-0.9243550627349376,1.0176557462730738,-1.017655746273074,1.5052261897644954,-0.6001530417063533,-0.4666998712158976,-0.28665106169144244,-0.4587407756823103,-0.58475601520244,-0.4635210479006337,-0.6171176987768593,2.185306951892214,0.6777862204146242,-0.6777862204146242,-0.7594141025684279,-0.4394588774981491,-0.4872228839185013,2.2163579592543923,-0.35317776428217007,-0.4872228839185013,0.9836337901225568
-0.7902988743056777,0.7676565071596513,1.901489635137094,0.4872389483982698,1.7448307051665983,"No",0.9243550627349376,-0.9243550627349376,-0.9816679202752047,0.9816679202752049,1.5052261897644954,-0.6001530417063533,-0.4666998712158976,-0.28665106169144244,-0.4587407756823103,-0.58475601520244,-0.4635210479006337,-0.6171176987768593,2.185306951892214,0.6777862204146242,-0.6777862204146242,-0.7594141025684279,-0.4394588774981491,-0.4872228839185013,2.2163579592543923,-0.35317776428217007,-0.4872228839185013,0.9836337901225568
1.4347351547433496,1.4111238224653104,-0.5583934633584997,1.376361117008251,-0.016734872992511342,"No",-1.080753533219374,1.0807535332193738,-0.9816679202752047,0.9816679202752049,-0.6636876283399649,1.6645754175629042,-0.4666998712158976,-0.28665106169144244,-0.4587407756823103,-0.58475601520244,-0.4635210479006337,1.6188159924436452,-0.4571440177477062,-1.473916066615929,1.473916066615929,-0.7594141025684279,-0.4394588774981491,-0.4872228839185013,2.2163579592543923,-0.35317776428217007,-0.4872228839185013,0.9836337901225568
-0.18513749272871918,-0.5192781234516669,1.2865188605131956,0.4872389483982698,1.5686741473506873,"Yes",-1.080753533219374,1.0807535332193738,-0.9816679202752047,0.9816679202752049,-0.6636876283399649,-0.6001530417063533,2.1405619791522454,-0.28665106169144244,-0.4587407756823103,-0.58475601520244,-0.4635210479006337,1.6188159924436452,-0.4571440177477062,0.6777862204146242,-0.6777862204146242,-0.7594141025684279,-0.4394588774981491,-0.4872228839185013,-0.45073946463777664,2.8286038959175603,-0.4872228839185013,0.9836337901225568
-0.10341452494468617,0.1241891918539922,0.6715480858892972,-0.4018832202117115,0.2474999637313551,"Yes",-1.080753533219374,1.0807535332193738,-0.9816679202752047,0.9816679202752049,1.5052261897644954,-0.6001530417063533,-0.4666998712158976,-0.28665106169144244,-0.4587407756823103,-0.58475601520244,-0.4635210479006337,1.6188159924436452,-0.4571440177477062,-1.473916066615929,1.473916066615929,1.3154878170174407,-0.4394588774981491,-0.4872228839185013,-0.45073946463777664,-0.35317776428217007,-0.4872228839185013,0.9836337901225568
-1.2497801828763164,0.7676565071596513,0.6715480858892972,0.4872389483982698,0.4236565215472661,"Yes",0.9243550627349376,-0.9243550627349376,-0.9816679202752047,0.9816679202752049,-0.6636876283399649,1.6645754175629042,-0.4666998712158976,-0.28665106169144244,-0.4587407756823103,-0.58475601520244,-0.4635210479006337,1.6188159924436452,-0.4571440177477062,-1.473916066615929,1.473916066615929,1.3154878170174407,-0.4394588774981491,-0.4872228839185013,-0.45073946463777664,-0.35317776428217007,-0.4872228839185013,0.9836337901225568
-0.4665861575227002,0.7676565071596513,1.2865188605131956,0.4872389483982698,2.0090655418904646,"No",-1.080753533219374,1.0807535332193738,1.0176557462730738,-1.017655746273074,-0.6636876283399649,-0.6001530417063533,-0.4666998712158976,-0.28665106169144244,2.1777004638711976,-0.58475601520244,-0.4635210479006337,-0.6171176987768593,2.185306951892214,0.6777862204146242,-0.6777862204146242,-0.7594141025684279,-0.4394588774981491,2.0503963031570267,-0.45073946463777664,-0.35317776428217007,-0.4872228839185013,0.9836337901225568
-0.5937523316488843,0.1241891918539922,1.901489635137094,1.376361117008251,1.3044393106268208,"Yes",-1.080753533219374,1.0807535332193738,-0.9816679202752047,0.9816679202752049,1.5052261897644954,-0.6001530417063533,-0.4666998712158976,-0.28665106169144244,-0.4587407756823103,-0.58475601520244,-0.4635210479006337,-0.6171176987768593,2.185306951892214,0.6777862204146242,-0.6777862204146242,-0.7594141025684279,-0.4394588774981491,-0.4872228839185013,-0.45073946463777664,2.8286038959175603,-0.4872228839185013,0.9836337901225568
-0.8572481248015217,1.73285748011814,-0.5583934633584997,0.4872389483982698,-0.016734872992511342,"No",0.9243550627349376,-0.9243550627349376,1.0176557462730738,-1.017655746273074,1.5052261897644954,-0.6001530417063533,-0.4666998712158976,-0.28665106169144244,-0.4587407756823103,-0.58475601520244,-0.4635210479006337,-0.6171176987768593,2.185306951892214,0.6777862204146242,-0.6777862204146242,-0.7594141025684279,-0.4394588774981491,-0.4872228839185013,2.2163579592543923,-0.35317776428217007,-0.4872228839185013,0.9836337901225568
-1.5568490915751316,-0.19754446579883733,-0.5583934633584997,-1.2910053888216928,-0.7213611042561552,"No",0.9243550627349376,-0.9243550627349376,-0.9816679202752047,0.9816679202752049,1.5052261897644954,-0.6001530417063533,-0.4666998712158976,-0.28665106169144244,-0.4587407756823103,1.7084048287286975,-0.4635210479006337,-0.6171176987768593,-0.4571440177477062,0.6777862204146242,-0.6777862204146242,1.3154878170174407,-0.4394588774981491,-0.4872228839185013,-0.45073946463777664,-0.35317776428217007,-0.4872228839185013,0.9836337901225568
-1.5018684221735168,-0.8410117811044965,-1.173364237982398,-0.4018832202117115,-1.425987335519799,"No",-1.080753533219374,1.0807535332193738,1.0176557462730738,-1.017655746273074,-0.6636876283399649,1.6645754175629042,-0.4666998712158976,-0.28665106169144244,-0.4587407756823103,1.7084048287286975,-0.4635210479006337,-0.6171176987768593,-0.4571440177477062,0.6777862204146242,-0.6777862204146242,-0.7594141025684279,-0.4394588774981491,2.0503963031570267,-0.45073946463777664,-0.35317776428217007,-0.4872228839185013,0.9836337901225568
-1.259130636856183,0.1241891918539922,0.05657731126539871,-0.4018832202117115,1.1282827528109098,"Yes",0.9243550627349376,-0.9243550627349376,-0.9816679202752047,0.9816679202752049,-0.6636876283399649,1.6645754175629042,-0.4666998712158976,-0.28665106169144244,-0.4587407756823103,-0.58475601520244,-0.4635210479006337,1.6188159924436452,-0.4571440177477062,0.6777862204146242,-0.6777862204146242,-0.7594141025684279,-0.4394588774981491,-0.4872228839185013,-0.45073946463777664,2.8286038959175603,-0.4872228839185013,0.9836337901225568
1.1113964561195666,0.1241891918539922,-1.173364237982398,-0.4018832202117115,-1.5140656144277544,"Yes",0.9243550627349376,-0.9243550627349376,-0.9816679202752047,0.9816679202752049,-0.6636876283399649,1.6645754175629042,-0.4666998712158976,-0.28665106169144244,-0.4587407756823103,1.7084048287286975,-0.4635210479006337,-0.6171176987768593,-0.4571440177477062,0.6777862204146242,-0.6777862204146242,-0.7594141025684279,-0.4394588774981491,2.0503963031570267,-0.45073946463777664,-0.35317776428217007,-0.4872228839185013,0.9836337901225568
-1.0984898374820768,-0.8410117811044965,-1.173364237982398,0.4872389483982698,-1.425987335519799,"No",-1.080753533219374,1.0807535332193738,-0.9816679202752047,0.9816679202752049,-0.6636876283399649,-0.6001530417063533,-0.4666998712158976,3.48507343424859,-0.4587407756823103,-0.58475601520244,2.1552419345888225,-0.6171176987768593,-0.4571440177477062,0.6777862204146242,-0.6777862204146242,-0.7594141025684279,-0.4394588774981491,2.0503963031570267,-0.45073946463777664,-0.35317776428217007,-0.4872228839185013,0.9836337901225568
1.7161838195373305,0.1241891918539922,-0.5583934633584997,-0.4018832202117115,-0.016734872992511342,"Yes",-1.080753533219374,1.0807535332193738,1.0176557462730738,-1.017655746273074,1.5052261897644954,-0.6001530417063533,-0.4666998712158976,-0.28665106169144244,-0.4587407756823103,-0.58475601520244,-0.4635210479006337,1.6188159924436452,-0.4571440177477062,-1.473916066615929,1.473916066615929,1.3154878170174407,-0.4394588774981491,-0.4872228839185013,-0.45073946463777664,-0.35317776428217007,-0.4872228839185013,0.9836337901225568
0.9303716670693517,0.1241891918539922,0.6715480858892972,0.4872389483982698,1.9209872629825093,"No",0.9243550627349376,-0.9243550627349376,-0.9816679202752047,0.9816679202752049,1.5052261897644954,-0.6001530417063533,-0.4666998712158976,-0.28665106169144244,-0.4587407756823103,-0.58475601520244,-0.4635210479006337,-0.6171176987768593,2.185306951892214,0.6777862204146242,-0.6777862204146242,-0.7594141025684279,-0.4394588774981491,-0.4872228839185013,-0.45073946463777664,2.8286038959175603,-0.4872228839185013,0.9836337901225568
0.8735209068717635,-0.5192781234516669,1.2865188605131956,0.4872389483982698,1.7448307051665983,"No",0.9243550627349376,-0.9243550627349376,-0.9816679202752047,0.9816679202752049,-0.6636876283399649,-0.6001530417063533,2.1405619791522454,-0.28665106169144244,-0.4587407756823103,-0.58475601520244,-0.4635210479006337,1.6188159924436452,-0.4571440177477062,0.6777862204146242,-0.6777862204146242,-0.7594141025684279,-0.4394588774981491,-0.4872228839185013,-0.45073946463777664,2.8286038959175603,-0.4872228839185013,0.9836337901225568
0.7343861516513503,-0.19754446579883733,0.6715480858892972,1.376361117008251,-0.2809697097163778,"No",0.9243550627349376,-0.9243550627349376,-0.9816679202752047,0.9816679202752049,1.5052261897644954,-0.6001530417063533,-0.4666998712158976,-0.28665106169144244,-0.4587407756823103,1.7084048287286975,-0.4635210479006337,-0.6171176987768593,-0.4571440177477062,0.6777862204146242,-0.6777862204146242,-0.7594141025684279,-0.4394588774981491,-0.4872228839185013,-0.45073946463777664,2.8286038959175603,-0.4872228839185013,0.9836337901225568
-1.1330865172075828,0.7676565071596513,0.6715480858892972,-0.4018832202117115,-0.2809697097163778,"Yes",-1.080753533219374,1.0807535332193738,1.0176557462730738,-1.017655746273074,1.5052261897644954,-0.6001530417063533,-0.4666998712158976,-0.28665106169144244,-0.4587407756823103,1.7084048287286975,-0.4635210479006337,-0.6171176987768593,-0.4571440177477062,0.6777862204146242,-0.6777862204146242,1.3154878170174407,-0.4394588774981491,-0.4872228839185013,-0.45073946463777664,-0.35317776428217007,-0.4872228839185013,0.9836337901225568
-0.9473865011674345,-0.5192781234516669,-0.5583934633584997,-0.4018832202117115,0.4236565215472661,"Yes",0.9243550627349376,-0.9243550627349376,1.0176557462730738,-1.017655746273074,-0.6636876283399649,1.6645754175629042,-0.4666998712158976,-0.28665106169144244,-0.4587407756823103,-0.58475601520244,2.1552419345888225,-0.6171176987768593,-0.4571440177477062,0.6777862204146242,-0.6777862204146242,-0.7594141025684279,-0.4394588774981491,-0.4872228839185013,2.2163579592543923,-0.35317776428217007,-0.4872228839185013,0.9836337901225568
-1.6277255327425195,0.7676565071596513,1.2865188605131956,-1.2910053888216928,-0.1928914308084223,"No",0.9243550627349376,-0.9243550627349376,1.0176557462730738,-1.017655746273074,1.5052261897644954,-0.6001530417063533,-0.4666998712158976,-0.28665106169144244,-0.4587407756823103,-0.58475601520244,-0.4635210479006337,-0.6171176987768593,2.185306951892214,0.6777862204146242,-0.6777862204146242,1.3154878170174407,-0.4394588774981491,-0.4872228839185013,-0.45073946463777664,-0.35317776428217007,-0.4872228839185013,0.9836337901225568
0.4353586333752203,0.44592284950682176,-1.173364237982398,-0.4018832202117115,-0.6332828253481997,"Yes",-1.080753533219374,1.0807535332193738,1.0176557462730738,-1.017655746273074,1.5052261897644954,-0.6001530417063533,-0.4666998712158976,-0.28665106169144244,-0.4587407756823103,-0.58475601520244,-0.4635210479006337,1.6188159924436452,-0.4571440177477062,-1.473916066615929,1.473916066615929,-0.7594141025684279,2.273250242860796,-0.4872228839185013,-0.45073946463777664,-0.35317776428217007,-0.4872228839185013,0.9836337901225568
-1.453246061478211,0.44592284950682176,0.6715480858892972,0.4872389483982698,0.6878913582711325,"No",-1.080753533219374,1.0807535332193738,1.0176557462730738,-1.017655746273074,-0.6636876283399649,-0.6001530417063533,-0.4666998712158976,-0.28665106169144244,2.1777004638711976,-0.58475601520244,-0.4635210479006337,-0.6171176987768593,2.185306951892214,0.6777862204146242,-0.6777862204146242,-0.7594141025684279,-0.4394588774981491,-0.4872228839185013,2.2163579592543923,-0.35317776428217007,-0.4872228839185013,0.9836337901225568
1.0115336076145927,-0.19754446579883733,-0.5583934633584997,-1.2910053888216928,-0.8975176620720662,"No",0.9243550627349376,-0.9243550627349376,-0.9816679202752047,0.9816679202752049,-0.6636876283399649,-0.6001530417063533,-0.4666998712158976,-0.28665106169144244,2.1777004638711976,1.7084048287286975,-0.4635210479006337,-0.6171176987768593,-0.4571440177477062,0.6777862204146242,-0.6777862204146242,-0.7594141025684279,-0.4394588774981491,-0.4872228839185013,2.2163579592543923,-0.35317776428217007,-0.4872228839185013,0.9836337901225568
-1.6499796132146016,-0.5192781234516669,-1.173364237982398,0.4872389483982698,-1.3379090566118435,"No",0.9243550627349376,-0.9243550627349376,-0.9816679202752047,0.9816679202752049,-0.6636876283399649,-0.6001530417063533,2.1405619791522454,-0.28665106169144244,-0.4587407756823103,1.7084048287286975,-0.4635210479006337,-0.6171176987768593,-0.4571440177477062,0.6777862204146242,-0.6777862204146242,-0.7594141025684279,-0.4394588774981491,2.0503963031570267,-0.45073946463777664,-0.35317776428217007,-0.4872228839185013,0.9836337901225568
1.1093393562439962,0.44592284950682176,0.05657731126539871,0.4872389483982698,0.775969637179088,"No",0.9243550627349376,-0.9243550627349376,1.0176557462730738,-1.017655746273074,-0.6636876283399649,-0.6001530417063533,2.1405619791522454,-0.28665106169144244,-0.4587407756823103,-0.58475601520244,-0.4635210479006337,1.6188159924436452,-0.4571440177477062,0.6777862204146242,-0.6777862204146242,-0.7594141025684279,2.273250242860796,-0.4872228839185013,-0.45073946463777664,-0.35317776428217007,-0.4872228839185013,0.9836337901225568
0.8286387277684044,2.0545911377709696,0.05657731126539871,2.2654832856182323,-0.36904798862433325,"No",-1.080753533219374,1.0807535332193738,-0.9816679202752047,0.9816679202752049,1.5052261897644954,-0.6001530417063533,-0.4666998712158976,-0.28665106169144244,-0.4587407756823103,-0.58475601520244,-0.4635210479006337,-0.6171176987768593,2.185306951892214,-1.473916066615929,1.473916066615929,-0.7594141025684279,-0.4394588774981491,-0.4872228839185013,2.2163579592543923,-0.35317776428217007,-0.4872228839185013,0.9836337901225568
-0.03889639248360747,0.1241891918539922,-1.173364237982398,0.4872389483982698,-1.3379090566118435,"No",-1.080753533219374,1.0807535332193738,-0.9816679202752047,0.9816679202752049,-0.6636876283399649,1.6645754175629042,-0.4666998712158976,-0.28665106169144244,-0.4587407756823103,1.7084048287286975,-0.4635210479006337,-0.6171176987768593,-0.4571440177477062,-1.473916066615929,1.473916066615929,-0.7594141025684279,-0.4394588774981491,-0.4872228839185013,2.2163579592543923,-0.35317776428217007,-0.4872228839185013,0.9836337901225568
-0.8297577901007143,0.1241891918539922,1.2865188605131956,0.4872389483982698,-0.10481315190046682,"Yes",0.9243550627349376,-0.9243550627349376,-0.9816679202752047,0.9816679202752049,1.5052261897644954,-0.6001530417063533,-0.4666998712158976,-0.28665106169144244,-0.4587407756823103,-0.58475601520244,-0.4635210479006337,1.6188159924436452,-0.4571440177477062,0.6777862204146242,-0.6777862204146242,-0.7594141025684279,2.273250242860796,-0.4872228839185013,-0.45073946463777664,-0.35317776428217007,-0.4872228839185013,0.9836337901225568
-0.015333248454343942,0.1241891918539922,0.05657731126539871,0.4872389483982698,0.952126194994999,"Yes",0.9243550627349376,-0.9243550627349376,-0.9816679202752047,0.9816679202752049,-0.6636876283399649,-0.6001530417063533,2.1405619791522454,-0.28665106169144244,-0.4587407756823103,-0.58475601520244,-0.4635210479006337,1.6188159924436452,-0.4571440177477062,0.6777862204146242,-0.6777862204146242,-0.7594141025684279,2.273250242860796,-0.4872228839185013,-0.45073946463777664,-0.35317776428217007,-0.4872228839185013,0.9836337901225568
-0.24161423476711272,0.7676565071596513,1.2865188605131956,-1.2910053888216928,0.3355782426393106,"No",-1.080753533219374,1.0807535332193738,1.0176557462730738,-1.017655746273074,-0.6636876283399649,-0.6001530417063533,-0.4666998712158976,-0.28665106169144244,2.1777004638711976,1.7084048287286975,-0.4635210479006337,-0.6171176987768593,-0.4571440177477062,-1.473916066615929,1.473916066615929,1.3154878170174407,-0.4394588774981491,-0.4872228839185013,-0.45073946463777664,-0.35317776428217007,-0.4872228839185013,0.9836337901225568
-1.2179886393447703,2.376324795423799,-0.5583934633584997,1.376361117008251,0.07134340591544414,"Yes",0.9243550627349376,-0.9243550627349376,1.0176557462730738,-1.017655746273074,1.5052261897644954,-0.6001530417063533,-0.4666998712158976,-0.28665106169144244,-0.4587407756823103,-0.58475601520244,-0.4635210479006337,-0.6171176987768593,2.185306951892214,0.6777862204146242,-0.6777862204146242,1.3154878170174407,-0.4394588774981491,-0.4872228839185013,-0.45073946463777664,-0.35317776428217007,-0.4872228839185013,0.9836337901225568
-1.1039131007903993,0.44592284950682176,-1.173364237982398,-0.4018832202117115,-0.1928914308084223,"Yes",-1.080753533219374,1.0807535332193738,1.0176557462730738,-1.017655746273074,1.5052261897644954,-0.6001530417063533,-0.4666998712158976,-0.28665106169144244,-0.4587407756823103,-0.58475601520244,-0.4635210479006337,1.6188159924436452,-0.4571440177477062,-1.473916066615929,1.473916066615929,1.3154878170174407,-0.4394588774981491,-0.4872228839185013,-0.45073946463777664,-0.35317776428217007,2.0503963031570267,-1.0156218808582498
1.3889179302420038,-0.19754446579883733,1.2865188605131956,0.4872389483982698,1.6567524262586428,"No",0.9243550627349376,-0.9243550627349376,1.0176557462730738,-1.017655746273074,1.5052261897644954,-0.6001530417063533,-0.4666998712158976,-0.28665106169144244,-0.4587407756823103,-0.58475601520244,-0.4635210479006337,-0.6171176987768593,2.185306951892214,0.6777862204146242,-0.6777862204146242,-0.7594141025684279,-0.4394588774981491,-0.4872228839185013,-0.45073946463777664,2.8286038959175603,-0.4872228839185013,0.9836337901225568
-1.0377118866129447,0.1241891918539922,0.6715480858892972,0.4872389483982698,0.8640479160870435,"Yes",-1.080753533219374,1.0807535332193738,-0.9816679202752047,0.9816679202752049,-0.6636876283399649,-0.6001530417063533,2.1405619791522454,-0.28665106169144244,-0.4587407756823103,-0.58475601520244,-0.4635210479006337,1.6188159924436452,-0.4571440177477062,0.6777862204146242,-0.6777862204146242,-0.7594141025684279,-0.4394588774981491,-0.4872228839185013,-0.45073946463777664,2.8286038959175603,-0.4872228839185013,0.9836337901225568
-0.45499159458766575,-0.5192781234516669,0.6715480858892972,0.4872389483982698,2.5375352153381976,"Yes",0.9243550627349376,-0.9243550627349376,-0.9816679202752047,0.9816679202752049,-0.6636876283399649,1.6645754175629042,-0.4666998712158976,-0.28665106169144244,-0.4587407756823103,-0.58475601520244,-0.4635210479006337,1.6188159924436452,-0.4571440177477062,-1.473916066615929,1.473916066615929,-0.7594141025684279,-0.4394588774981491,2.0503963031570267,-0.45073946463777664,-0.35317776428217007,-0.4872228839185013,0.9836337901225568
-0.2591930882492617,0.1241891918539922,0.05657731126539871,-1.2910053888216928,-0.7213611042561552,"Yes",0.9243550627349376,-0.9243550627349376,1.0176557462730738,-1.017655746273074,-0.6636876283399649,-0.6001530417063533,-0.4666998712158976,-0.28665106169144244,2.1777004638711976,-0.58475601520244,-0.4635210479006337,1.6188159924436452,-0.4571440177477062,0.6777862204146242,-0.6777862204146242,-0.7594141025684279,2.273250242860796,-0.4872228839185013,-0.45073946463777664,-0.35317776428217007,-0.4872228839185013,0.9836337901225568
-0.5499922070231091,-0.19754446579883733,-1.173364237982398,-0.4018832202117115,-0.45712626753228874,"Yes",-1.080753533219374,1.0807535332193738,-0.9816679202752047,0.9816679202752049,-0.6636876283399649,1.6645754175629042,-0.4666998712158976,-0.28665106169144244,-0.4587407756823103,1.7084048287286975,-0.4635210479006337,-0.6171176987768593,-0.4571440177477062,-1.473916066615929,1.473916066615929,-0.7594141025684279,2.273250242860796,-0.4872228839185013,-0.45073946463777664,-0.35317776428217007,-0.4872228839185013,0.9836337901225568
0.9961988630876117,0.7676565071596513,1.2865188605131956,-1.2910053888216928,-0.1928914308084223,"No",0.9243550627349376,-0.9243550627349376,-0.9816679202752047,0.9816679202752049,1.5052261897644954,-0.6001530417063533,-0.4666998712158976,-0.28665106169144244,-0.4587407756823103,-0.58475601520244,-0.4635210479006337,-0.6171176987768593,2.185306951892214,0.6777862204146242,-0.6777862204146242,-0.7594141025684279,-0.4394588774981491,-0.4872228839185013,2.2163579592543923,-0.35317776428217007,-0.4872228839185013,0.9836337901225568
0.8899777058763285,-0.5192781234516669,0.6715480858892972,-1.2910053888216928,-1.1617524987959327,"No",0.9243550627349376,-0.9243550627349376,1.0176557462730738,-1.017655746273074,-0.6636876283399649,1.6645754175629042,-0.4666998712158976,-0.28665106169144244,-0.4587407756823103,-0.58475601520244,2.1552419345888225,-0.6171176987768593,-0.4571440177477062,0.6777862204146242,-0.6777862204146242,-0.7594141025684279,-0.4394588774981491,-0.4872228839185013,2.2163579592543923,-0.35317776428217007,-0.4872228839185013,0.9836337901225568
0.604788859490401,-0.19754446579883733,0.6715480858892972,0.4872389483982698,-0.2809697097163778,"No",0.9243550627349376,-0.9243550627349376,1.0176557462730738,-1.017655746273074,1.5052261897644954,-0.6001530417063533,-0.4666998712158976,-0.28665106169144244,-0.4587407756823103,1.7084048287286975,-0.4635210479006337,-0.6171176987768593,-0.4571440177477062,0.6777862204146242,-0.6777862204146242,1.3154878170174407,-0.4394588774981491,-0.4872228839185013,-0.45073946463777664,-0.35317776428217007,-0.4872228839185013,0.9836337901225568
-0.7613124669680916,0.1241891918539922,0.05657731126539871,-1.2910053888216928,1.2163610317188653,"No",-1.080753533219374,1.0807535332193738,1.0176557462730738,-1.017655746273074,1.5052261897644954,-0.6001530417063533,-0.4666998712158976,-0.28665106169144244,-0.4587407756823103,-0.58475601520244,-0.4635210479006337,-0.6171176987768593,2.185306951892214,0.6777862204146242,-0.6777862204146242,-0.7594141025684279,-0.4394588774981491,-0.4872228839185013,-0.45073946463777664,2.8286038959175603,-0.4872228839185013,0.9836337901225568
-0.25975411548805366,0.1241891918539922,-1.173364237982398,-1.2910053888216928,-0.36904798862433325,"No",0.9243550627349376,-0.9243550627349376,1.0176557462730738,-1.017655746273074,-0.6636876283399649,-0.6001530417063533,-0.4666998712158976,-0.28665106169144244,2.1777004638711976,-0.58475601520244,-0.4635210479006337,1.6188159924436452,-0.4571440177477062,0.6777862204146242,-0.6777862204146242,1.3154878170174407,-0.4394588774981491,-0.4872228839185013,-0.45073946463777664,-0.35317776428217007,-0.4872228839185013,0.9836337901225568
1.356191341312471,-1.162745438757326,0.05657731126539871,0.4872389483982698,0.3355782426393106,"No",0.9243550627349376,-0.9243550627349376,1.0176557462730738,-1.017655746273074,-0.6636876283399649,-0.6001530417063533,-0.4666998712158976,3.48507343424859,-0.4587407756823103,-0.58475601520244,2.1552419345888225,-0.6171176987768593,-0.4571440177477062,-1.473916066615929,1.473916066615929,1.3154878170174407,-0.4394588774981491,-0.4872228839185013,-0.45073946463777664,-0.35317776428217007,-0.4872228839185013,0.9836337901225568
-0.2629332698412083,0.44592284950682176,0.05657731126539871,-1.2910053888216928,-0.8975176620720662,"Yes",0.9243550627349376,-0.9243550627349376,1.0176557462730738,-1.017655746273074,-0.6636876283399649,-0.6001530417063533,-0.4666998712158976,-0.28665106169144244,2.1777004638711976,-0.58475601520244,-0.4635210479006337,1.6188159924436452,-0.4571440177477062,0.6777862204146242,-0.6777862204146242,-0.7594141025684279,2.273250242860796,-0.4872228839185013,-0.45073946463777664,-0.35317776428217007,-0.4872228839185013,0.9836337901225568
0.9425272572431781,-0.8410117811044965,-1.173364237982398,-0.4018832202117115,-1.425987335519799,"No",-1.080753533219374,1.0807535332193738,1.0176557462730738,-1.017655746273074,-0.6636876283399649,1.6645754175629042,-0.4666998712158976,-0.28665106169144244,-0.4587407756823103,1.7084048287286975,-0.4635210479006337,-0.6171176987768593,-0.4571440177477062,0.6777862204146242,-0.6777862204146242,-0.7594141025684279,-0.4394588774981491,2.0503963031570267,-0.45073946463777664,-0.35317776428217007,-0.4872228839185013,0.9836337901225568
-0.4856610836416278,-0.8410117811044965,-1.173364237982398,-0.4018832202117115,-1.5140656144277544,"No",-1.080753533219374,1.0807535332193738,-0.9816679202752047,0.9816679202752049,-0.6636876283399649,1.6645754175629042,-0.4666998712158976,-0.28665106169144244,-0.4587407756823103,1.7084048287286975,-0.4635210479006337,-0.6171176987768593,-0.4571440177477062,0.6777862204146242,-0.6777862204146242,-0.7594141025684279,-0.4394588774981491,2.0503963031570267,-0.45073946463777664,-0.35317776428217007,-0.4872228839185013,0.9836337901225568
-1.023125178404353,-0.5192781234516669,0.6715480858892972,0.4872389483982698,0.8640479160870435,"Yes",0.9243550627349376,-0.9243550627349376,-0.9816679202752047,0.9816679202752049,-0.6636876283399649,1.6645754175629042,-0.4666998712158976,-0.28665106169144244,-0.4587407756823103,-0.58475601520244,-0.4635210479006337,1.6188159924436452,-0.4571440177477062,-1.473916066615929,1.473916066615929,-0.7594141025684279,-0.4394588774981491,2.0503963031570267,-0.45073946463777664,-0.35317776428217007,-0.4872228839185013,0.9836337901225568
-0.2092616639967747,0.1241891918539922,0.05657731126539871,0.4872389483982698,2.2733003786143313,"No",0.9243550627349376,-0.9243550627349376,1.0176557462730738,-1.017655746273074,-0.6636876283399649,-0.6001530417063533,-0.4666998712158976,-0.28665106169144244,2.1777004638711976,-0.58475601520244,-0.4635210479006337,-0.6171176987768593,2.185306951892214,0.6777862204146242,-0.6777862204146242,-0.7594141025684279,-0.4394588774981491,2.0503963031570267,-0.45073946463777664,-0.35317776428217007,-0.4872228839185013,0.9836337901225568
-0.9746898267886447,-0.5192781234516669,-0.5583934633584997,-0.4018832202117115,0.3355782426393106,"Yes",0.9243550627349376,-0.9243550627349376,-0.9816679202752047,0.9816679202752049,-0.6636876283399649,1.6645754175629042,-0.4666998712158976,-0.28665106169144244,-0.4587407756823103,-0.58475601520244,2.1552419345888225,-0.6171176987768593,-0.4571440177477062,0.6777862204146242,-0.6777862204146242,-0.7594141025684279,-0.4394588774981491,-0.4872228839185013,2.2163579592543923,-0.35317776428217007,-0.4872228839185013,0.9836337901225568
0.6380764756587256,0.44592284950682176,-0.5583934633584997,-0.4018832202117115,-0.016734872992511342,"Yes",0.9243550627349376,-0.9243550627349376,-0.9816679202752047,0.9816679202752049,-0.6636876283399649,1.6645754175629042,-0.4666998712158976,-0.28665106169144244,-0.4587407756823103,1.7084048287286975,-0.4635210479006337,-0.6171176987768593,-0.4571440177477062,0.6777862204146242,-0.6777862204146242,-0.7594141025684279,2.273250242860796,-0.4872228839185013,-0.45073946463777664,-0.35317776428217007,-0.4872228839185013,0.9836337901225568
1.2129423863409168,-0.19754446579883733,0.6715480858892972,0.4872389483982698,2.1852220997063756,"No",-1.080753533219374,1.0807535332193738,-0.9816679202752047,0.9816679202752049,-0.6636876283399649,-0.6001530417063533,-0.4666998712158976,-0.28665106169144244,2.1777004638711976,-0.58475601520244,-0.4635210479006337,-0.6171176987768593,2.185306951892214,0.6777862204146242,-0.6777862204146242,-0.7594141025684279,-0.4394588774981491,-0.4872228839185013,-0.45073946463777664,2.8286038959175603,-0.4872228839185013,0.9836337901225568
0.07555316422995823,0.44592284950682176,0.6715480858892972,0.4872389483982698,0.6878913582711325,"No",0.9243550627349376,-0.9243550627349376,-0.9816679202752047,0.9816679202752049,-0.6636876283399649,-0.6001530417063533,-0.4666998712158976,3.48507343424859,-0.4587407756823103,1.7084048287286975,-0.4635210479006337,-0.6171176987768593,-0.4571440177477062,0.6777862204146242,-0.6777862204146242,-0.7594141025684279,-0.4394588774981491,2.0503963031570267,-0.45073946463777664,-0.35317776428217007,-0.4872228839185013,0.9836337901225568
0.1051005988063363,-0.5192781234516669,0.05657731126539871,0.4872389483982698,0.952126194994999,"No",0.9243550627349376,-0.9243550627349376,-0.9816679202752047,0.9816679202752049,-0.6636876283399649,-0.6001530417063533,-0.4666998712158976,3.48507343424859,-0.4587407756823103,1.7084048287286975,-0.4635210479006337,-0.6171176987768593,-0.4571440177477062,0.6777862204146242,-0.6777862204146242,-0.7594141025684279,2.273250242860796,-0.4872228839185013,-0.45073946463777664,-0.35317776428217007,-0.4872228839185013,0.9836337901225568
0.670055028269869,-0.8410117811044965,-1.173364237982398,0.4872389483982698,-1.2498307777038882,"No",-1.080753533219374,1.0807535332193738,-0.9816679202752047,0.9816679202752049,-0.6636876283399649,-0.6001530417063533,2.1405619791522454,-0.28665106169144244,-0.4587407756823103,1.7084048287286975,-0.4635210479006337,-0.6171176987768593,-0.4571440177477062,0.6777862204146242,-0.6777862204146242,-0.7594141025684279,-0.4394588774981491,2.0503963031570267,-0.45073946463777664,-0.35317776428217007,-0.4872228839185013,0.9836337901225568
0.33381270315387035,0.1241891918539922,0.6715480858892972,0.4872389483982698,1.6567524262586428,"No",0.9243550627349376,-0.9243550627349376,-0.9816679202752047,0.9816679202752049,-0.6636876283399649,-0.6001530417063533,-0.4666998712158976,-0.28665106169144244,2.1777004638711976,-0.58475601520244,-0.4635210479006337,-0.6171176987768593,2.185306951892214,0.6777862204146242,-0.6777862204146242,-0.7594141025684279,-0.4394588774981491,-0.4872228839185013,2.2163579592543923,-0.35317776428217007,-0.4872228839185013,0.9836337901225568
0.24311329954916552,0.7676565071596513,-1.173364237982398,-0.4018832202117115,-0.8975176620720662,"Yes",-1.080753533219374,1.0807535332193738,1.0176557462730738,-1.017655746273074,1.5052261897644954,-0.6001530417063533,-0.4666998712158976,-0.28665106169144244,-0.4587407756823103,-0.58475601520244,-0.4635210479006337,-0.6171176987768593,2.185306951892214,0.6777862204146242,-0.6777862204146242,-0.7594141025684279,-0.4394588774981491,-0.4872228839185013,2.2163579592543923,-0.35317776428217007,-0.4872228839185013,0.9836337901225568
-1.230144229518597,0.1241891918539922,0.05657731126539871,-0.4018832202117115,1.0402044739029543,"No",-1.080753533219374,1.0807535332193738,-0.9816679202752047,0.9816679202752049,-0.6636876283399649,1.6645754175629042,-0.4666998712158976,-0.28665106169144244,-0.4587407756823103,-0.58475601520244,-0.4635210479006337,1.6188159924436452,-0.4571440177477062,0.6777862204146242,-0.6777862204146242,-0.7594141025684279,-0.4394588774981491,-0.4872228839185013,-0.45073946463777664,2.8286038959175603,-0.4872228839185013,0.9836337901225568
-0.22702752655852101,-0.5192781234516669,-1.173364237982398,-0.4018832202117115,-1.1617524987959327,"No",-1.080753533219374,1.0807535332193738,1.0176557462730738,-1.017655746273074,-0.6636876283399649,-0.6001530417063533,2.1405619791522454,-0.28665106169144244,-0.4587407756823103,1.7084048287286975,-0.4635210479006337,-0.6171176987768593,-0.4571440177477062,0.6777862204146242,-0.6777862204146242,-0.7594141025684279,-0.4394588774981491,2.0503963031570267,-0.45073946463777664,-0.35317776428217007,-0.4872228839185013,0.9836337901225568
-0.5701891876196208,2.0545911377709696,-0.5583934633584997,2.2654832856182323,-0.5452045464402442,"No",0.9243550627349376,-0.9243550627349376,-0.9816679202752047,0.9816679202752049,1.5052261897644954,-0.6001530417063533,-0.4666998712158976,-0.28665106169144244,-0.4587407756823103,-0.58475601520244,-0.4635210479006337,-0.6171176987768593,2.185306951892214,0.6777862204146242,-0.6777862204146242,1.3154878170174407,-0.4394588774981491,-0.4872228839185013,-0.45073946463777664,-0.35317776428217007,-0.4872228839185013,0.9836337901225568
-0.8701517512937375,0.1241891918539922,1.2865188605131956,0.4872389483982698,1.3044393106268208,"No",0.9243550627349376,-0.9243550627349376,-0.9816679202752047,0.9816679202752049,1.5052261897644954,-0.6001530417063533,-0.4666998712158976,-0.28665106169144244,-0.4587407756823103,-0.58475601520244,-0.4635210479006337,-0.6171176987768593,2.185306951892214,0.6777862204146242,-0.6777862204146242,-0.7594141025684279,2.273250242860796,-0.4872228839185013,-0.45073946463777664,-0.35317776428217007,-0.4872228839185013,0.9836337901225568
1.0029311899531155,-0.5192781234516669,0.6715480858892972,0.4872389483982698,-1.0736742198879772,"No",-1.080753533219374,1.0807535332193738,1.0176557462730738,-1.017655746273074,-0.6636876283399649,1.6645754175629042,-0.4666998712158976,-0.28665106169144244,-0.4587407756823103,-0.58475601520244,2.1552419345888225,-0.6171176987768593,-0.4571440177477062,-1.473916066615929,1.473916066615929,1.3154878170174407,-0.4394588774981491,-0.4872228839185013,-0.45073946463777664,-0.35317776428217007,-0.4872228839185013,0.9836337901225568
0.07742325502593153,0.1241891918539922,0.6715480858892972,0.4872389483982698,2.1852220997063756,"No",0.9243550627349376,-0.9243550627349376,1.0176557462730738,-1.017655746273074,-0.6636876283399649,-0.6001530417063533,-0.4666998712158976,-0.28665106169144244,2.1777004638711976,-0.58475601520244,-0.4635210479006337,-0.6171176987768593,2.185306951892214,0.6777862204146242,-0.6777862204146242,-0.7594141025684279,-0.4394588774981491,-0.4872228839185013,-0.45073946463777664,2.8286038959175603,-0.4872228839185013,0.9836337901225568
0.5840308516550974,-0.5192781234516669,-1.173364237982398,-0.4018832202117115,-1.425987335519799,"No",0.9243550627349376,-0.9243550627349376,-0.9816679202752047,0.9816679202752049,-0.6636876283399649,1.6645754175629042,-0.4666998712158976,-0.28665106169144244,-0.4587407756823103,1.7084048287286975,-0.4635210479006337,-0.6171176987768593,-0.4571440177477062,0.6777862204146242,-0.6777862204146242,-0.7594141025684279,-0.4394588774981491,2.0503963031570267,-0.45073946463777664,-0.35317776428217007,-0.4872228839185013,0.9836337901225568
-1.1626339517839608,0.7676565071596513,1.2865188605131956,-1.2910053888216928,0.2474999637313551,"No",0.9243550627349376,-0.9243550627349376,-0.9816679202752047,0.9816679202752049,-0.6636876283399649,-0.6001530417063533,-0.4666998712158976,-0.28665106169144244,2.1777004638711976,1.7084048287286975,-0.4635210479006337,-0.6171176987768593,-0.4571440177477062,0.6777862204146242,-0.6777862204146242,-0.7594141025684279,-0.4394588774981491,-0.4872228839185013,2.2163579592543923,-0.35317776428217007,-0.4872228839185013,0.9836337901225568
0.9307456852285464,0.1241891918539922,0.6715480858892972,0.4872389483982698,1.9209872629825093,"No",0.9243550627349376,-0.9243550627349376,-0.9816679202752047,0.9816679202752049,1.5052261897644954,-0.6001530417063533,-0.4666998712158976,-0.28665106169144244,-0.4587407756823103,-0.58475601520244,-0.4635210479006337,-0.6171176987768593,2.185306951892214,0.6777862204146242,-0.6777862204146242,-0.7594141025684279,-0.4394588774981491,-0.4872228839185013,-0.45073946463777664,2.8286038959175603,-0.4872228839185013,0.9836337901225568
1.6271674976490016,0.44592284950682176,0.05657731126539871,-0.4018832202117115,-0.6332828253481997,"Yes",-1.080753533219374,1.0807535332193738,-0.9816679202752047,0.9816679202752049,1.5052261897644954,-0.6001530417063533,-0.4666998712158976,-0.28665106169144244,-0.4587407756823103,1.7084048287286975,-0.4635210479006337,-0.6171176987768593,-0.4571440177477062,-1.473916066615929,1.473916066615929,1.3154878170174407,-0.4394588774981491,-0.4872228839185013,-0.45073946463777664,-0.35317776428217007,-0.4872228839185013,0.9836337901225568
-0.8924058317658197,2.0545911377709696,0.05657731126539871,1.376361117008251,-0.45712626753228874,"Yes",-1.080753533219374,1.0807535332193738,-0.9816679202752047,0.9816679202752049,1.5052261897644954,-0.6001530417063533,-0.4666998712158976,-0.28665106169144244,-0.4587407756823103,-0.58475601520244,-0.4635210479006337,-0.6171176987768593,2.185306951892214,-1.473916066615929,1.473916066615929,1.3154878170174407,-0.4394588774981491,-0.4872228839185013,-0.45073946463777664,-0.35317776428217007,-0.4872228839185013,0.9836337901225568
-0.4731314753086067,0.1241891918539922,0.05657731126539871,0.4872389483982698,0.5998130793631771,"No",0.9243550627349376,-0.9243550627349376,-0.9816679202752047,0.9816679202752049,-0.6636876283399649,-0.6001530417063533,2.1405619791522454,-0.28665106169144244,-0.4587407756823103,-0.58475601520244,-0.4635210479006337,1.6188159924436452,-0.4571440177477062,-1.473916066615929,1.473916066615929,-0.7594141025684279,-0.4394588774981491,-0.4872228839185013,2.2163579592543923,-0.35317776428217007,-0.4872228839185013,0.9836337901225568
-0.1928048649922097,2.376324795423799,-1.173364237982398,1.376361117008251,-0.36904798862433325,"No",0.9243550627349376,-0.9243550627349376,1.0176557462730738,-1.017655746273074,-0.6636876283399649,-0.6001530417063533,-0.4666998712158976,-0.28665106169144244,2.1777004638711976,-0.58475601520244,-0.4635210479006337,-0.6171176987768593,2.185306951892214,0.6777862204146242,-0.6777862204146242,-0.7594141025684279,-0.4394588774981491,-0.4872228839185013,2.2163579592543923,-0.35317776428217007,-0.4872228839185013,0.9836337901225568
-0.578791605281098,1.0893901648124809,0.05657731126539871,-0.4018832202117115,0.5998130793631771,"Yes",0.9243550627349376,-0.9243550627349376,1.0176557462730738,-1.017655746273074,-0.6636876283399649,-0.6001530417063533,2.1405619791522454,-0.28665106169144244,-0.4587407756823103,-0.58475601520244,-0.4635210479006337,1.6188159924436452,-0.4571440177477062,0.6777862204146242,-0.6777862204146242,-0.7594141025684279,-0.4394588774981491,-0.4872228839185013,-0.45073946463777664,2.8286038959175603,-0.4872228839185013,0.9836337901225568
-1.4710119240399573,0.1241891918539922,0.05657731126539871,-1.2910053888216928,1.1282827528109098,"No",-1.080753533219374,1.0807535332193738,-0.9816679202752047,0.9816679202752049,1.5052261897644954,-0.6001530417063533,-0.4666998712158976,-0.28665106169144244,-0.4587407756823103,-0.58475601520244,-0.4635210479006337,-0.6171176987768593,2.185306951892214,0.6777862204146242,-0.6777862204146242,-0.7594141025684279,-0.4394588774981491,-0.4872228839185013,-0.45073946463777664,2.8286038959175603,-0.4872228839185013,0.9836337901225568
0.596934478147313,0.1241891918539922,-0.5583934633584997,-1.2910053888216928,-0.8094393831641107,"Yes",0.9243550627349376,-0.9243550627349376,1.0176557462730738,-1.017655746273074,-0.6636876283399649,-0.6001530417063533,-0.4666998712158976,-0.28665106169144244,2.1777004638711976,-0.58475601520244,-0.4635210479006337,1.6188159924436452,-0.4571440177477062,-1.473916066615929,1.473916066615929,1.3154878170174407,-0.4394588774981491,-0.4872228839185013,-0.45073946463777664,-0.35317776428217007,-0.4872228839185013,0.9836337901225568
-0.26573840603516824,-0.5192781234516669,1.2865188605131956,0.4872389483982698,1.4805958684427318,"Yes",0.9243550627349376,-0.9243550627349376,-0.9816679202752047,0.9816679202752049,-0.6636876283399649,-0.6001530417063533,2.1405619791522454,-0.28665106169144244,-0.4587407756823103,-0.58475601520244,-0.4635210479006337,1.6188159924436452,-0.4571440177477062,-1.473916066615929,1.473916066615929,-0.7594141025684279,-0.4394588774981491,-0.4872228839185013,-0.45073946463777664,2.8286038959175603,-0.4872228839185013,0.9836337901225568
-0.294537804293157,0.7676565071596513,1.901489635137094,0.4872389483982698,-0.016734872992511342,"No",-1.080753533219374,1.0807535332193738,1.0176557462730738,-1.017655746273074,-0.6636876283399649,1.6645754175629042,-0.4666998712158976,-0.28665106169144244,-0.4587407756823103,-0.58475601520244,-0.4635210479006337,1.6188159924436452,-0.4571440177477062,0.6777862204146242,-0.6777862204146242,-0.7594141025684279,-0.4394588774981491,2.0503963031570267,-0.45073946463777664,-0.35317776428217007,-0.4872228839185013,0.9836337901225568
-0.02879790218535167,0.44592284950682176,0.05657731126539871,-1.2910053888216928,0.4236565215472661,"Yes",-1.080753533219374,1.0807535332193738,1.0176557462730738,-1.017655746273074,-0.6636876283399649,1.6645754175629042,-0.4666998712158976,-0.28665106169144244,-0.4587407756823103,-0.58475601520244,-0.4635210479006337,1.6188159924436452,-0.4571440177477062,0.6777862204146242,-0.6777862204146242,-0.7594141025684279,-0.4394588774981491,2.0503963031570267,-0.45073946463777664,-0.35317776428217007,-0.4872228839185013,0.9836337901225568
1.4388493544944907,0.7676565071596513,1.2865188605131956,0.4872389483982698,2.2733003786143313,"No",0.9243550627349376,-0.9243550627349376,-0.9816679202752047,0.9816679202752049,-0.6636876283399649,-0.6001530417063533,-0.4666998712158976,-0.28665106169144244,2.1777004638711976,-0.58475601520244,-0.4635210479006337,-0.6171176987768593,2.185306951892214,0.6777862204146242,-0.6777862204146242,-0.7594141025684279,-0.4394588774981491,2.0503963031570267,-0.45073946463777664,-0.35317776428217007,-0.4872228839185013,0.9836337901225568
-0.3568118277990677,-1.162745438757326,0.6715480858892972,0.4872389483982698,2.977926609877975,"No",-1.080753533219374,1.0807535332193738,1.0176557462730738,-1.017655746273074,-0.6636876283399649,-0.6001530417063533,2.1405619791522454,-0.28665106169144244,-0.4587407756823103,1.7084048287286975,-0.4635210479006337,-0.6171176987768593,-0.4571440177477062,0.6777862204146242,-0.6777862204146242,-0.7594141025684279,2.273250242860796,-0.4872228839185013,-0.45073946463777664,-0.35317776428217007,-0.4872228839185013,0.9836337901225568
0.07050391908083033,1.0893901648124809,1.2865188605131956,-0.4018832202117115,0.07134340591544414,"No",0.9243550627349376,-0.9243550627349376,1.0176557462730738,-1.017655746273074,-0.6636876283399649,1.6645754175629042,-0.4666998712158976,-0.28665106169144244,-0.4587407756823103,-0.58475601520244,-0.4635210479006337,1.6188159924436452,-0.4571440177477062,0.6777862204146242,-0.6777862204146242,-0.7594141025684279,-0.4394588774981491,-0.4872228839185013,2.2163579592543923,-0.35317776428217007,-0.4872228839185013,0.9836337901225568
1.6888804939161204,-0.5192781234516669,0.05657731126539871,-0.4018832202117115,1.2163610317188653,"Yes",-1.080753533219374,1.0807535332193738,-0.9816679202752047,0.9816679202752049,-0.6636876283399649,-0.6001530417063533,2.1405619791522454,-0.28665106169144244,-0.4587407756823103,-0.58475601520244,-0.4635210479006337,1.6188159924436452,-0.4571440177477062,-1.473916066615929,1.473916066615929,-0.7594141025684279,2.273250242860796,-0.4872228839185013,-0.45073946463777664,-0.35317776428217007,-0.4872228839185013,0.9836337901225568
0.8288257368480018,2.376324795423799,-0.5583934633584997,2.2654832856182323,-0.2809697097163778,"No",0.9243550627349376,-0.9243550627349376,-0.9816679202752047,0.9816679202752049,-0.6636876283399649,-0.6001530417063533,-0.4666998712158976,-0.28665106169144244,2.1777004638711976,-0.58475601520244,-0.4635210479006337,-0.6171176987768593,2.185306951892214,0.6777862204146242,-0.6777862204146242,1.3154878170174407,-0.4394588774981491,-0.4872228839185013,-0.45073946463777664,-0.35317776428217007,-0.4872228839185013,0.9836337901225568
-0.18027525665918862,0.1241891918539922,0.05657731126539871,-0.4018832202117115,1.1282827528109098,"Yes",0.9243550627349376,-0.9243550627349376,1.0176557462730738,-1.017655746273074,-0.6636876283399649,1.6645754175629042,-0.4666998712158976,-0.28665106169144244,-0.4587407756823103,-0.58475601520244,-0.4635210479006337,1.6188159924436452,-0.4571440177477062,0.6777862204146242,-0.6777862204146242,-0.7594141025684279,2.273250242860796,-0.4872228839185013,-0.45073946463777664,-0.35317776428217007,-0.4872228839185013,0.9836337901225568
1.6163209710323565,-0.8410117811044965,0.05657731126539871,0.4872389483982698,0.4236565215472661,"No",0.9243550627349376,-0.9243550627349376,-0.9816679202752047,0.9816679202752049,-0.6636876283399649,-0.6001530417063533,2.1405619791522454,-0.28665106169144244,-0.4587407756823103,1.7084048287286975,-0.4635210479006337,-0.6171176987768593,-0.4571440177477062,-1.473916066615929,1.473916066615929,1.3154878170174407,-0.4394588774981491,-0.4872228839185013,-0.45073946463777664,-0.35317776428217007,-0.4872228839185013,0.9836337901225568
1.7326406185418954,0.7676565071596513,1.2865188605131956,0.4872389483982698,-0.10481315190046682,"No",-1.080753533219374,1.0807535332193738,1.0176557462730738,-1.017655746273074,-0.6636876283399649,1.6645754175629042,-0.4666998712158976,-0.28665106169144244,-0.4587407756823103,-0.58475601520244,-0.4635210479006337,1.6188159924436452,-0.4571440177477062,-1.473916066615929,1.473916066615929,1.3154878170174407,-0.4394588774981491,-0.4872228839185013,-0.45073946463777664,-0.35317776428217007,-0.4872228839185013,0.9836337901225568
-0.20720456412120408,0.1241891918539922,0.05657731126539871,0.4872389483982698,0.6878913582711325,"Yes",-1.080753533219374,1.0807535332193738,-0.9816679202752047,0.9816679202752049,-0.6636876283399649,-0.6001530417063533,-0.4666998712158976,3.48507343424859,-0.4587407756823103,1.7084048287286975,-0.4635210479006337,-0.6171176987768593,-0.4571440177477062,0.6777862204146242,-0.6777862204146242,-0.7594141025684279,-0.4394588774981491,2.0503963031570267,-0.45073946463777664,-0.35317776428217007,-0.4872228839185013,0.9836337901225568
0.006359804778946289,0.1241891918539922,-0.5583934633584997,-1.2910053888216928,-0.8094393831641107,"Yes",0.9243550627349376,-0.9243550627349376,-0.9816679202752047,0.9816679202752049,-0.6636876283399649,-0.6001530417063533,-0.4666998712158976,-0.28665106169144244,2.1777004638711976,-0.58475601520244,-0.4635210479006337,1.6188159924436452,-0.4571440177477062,0.6777862204146242,-0.6777862204146242,1.3154878170174407,-0.4394588774981491,-0.4872228839185013,-0.45073946463777664,-0.35317776428217007,-0.4872228839185013,0.9836337901225568
0.9902145725404972,-0.5192781234516669,-1.173364237982398,0.4872389483982698,-1.5140656144277544,"No",0.9243550627349376,-0.9243550627349376,-0.9816679202752047,0.9816679202752049,-0.6636876283399649,-0.6001530417063533,2.1405619791522454,-0.28665106169144244,-0.4587407756823103,1.7084048287286975,-0.4635210479006337,-0.6171176987768593,-0.4571440177477062,0.6777862204146242,-0.6777862204146242,-0.7594141025684279,-0.4394588774981491,2.0503963031570267,-0.45073946463777664,-0.35317776428217007,-0.4872228839185013,0.9836337901225568
-0.4690172755574655,0.44592284950682176,0.6715480858892972,-1.2910053888216928,0.6878913582711325,"Yes",-1.080753533219374,1.0807535332193738,-0.9816679202752047,0.9816679202752049,-0.6636876283399649,-0.6001530417063533,2.1405619791522454,-0.28665106169144244,-0.4587407756823103,-0.58475601520244,-0.4635210479006337,1.6188159924436452,-0.4571440177477062,0.6777862204146242,-0.6777862204146242,-0.7594141025684279,-0.4394588774981491,2.0503963031570267,-0.45073946463777664,-0.35317776428217007,-0.4872228839185013,0.9836337901225568
-1.5562880643363395,-0.5192781234516669,0.05657731126539871,-1.2910053888216928,-0.7213611042561552,"No",-1.080753533219374,1.0807535332193738,-0.9816679202752047,0.9816679202752049,1.5052261897644954,-0.6001530417063533,-0.4666998712158976,-0.28665106169144244,-0.4587407756823103,1.7084048287286975,-0.4635210479006337,-0.6171176987768593,-0.4571440177477062,0.6777862204146242,-0.6777862204146242,-0.7594141025684279,2.273250242860796,-0.4872228839185013,-0.45073946463777664,-0.35317776428217007,-0.4872228839185013,0.9836337901225568
-0.7145601970687592,0.44592284950682176,1.901489635137094,1.376361117008251,0.1594216848233996,"Yes",-1.080753533219374,1.0807535332193738,1.0176557462730738,-1.017655746273074,-0.6636876283399649,-0.6001530417063533,-0.4666998712158976,-0.28665106169144244,2.1777004638711976,-0.58475601520244,-0.4635210479006337,1.6188159924436452,-0.4571440177477062,0.6777862204146242,-0.6777862204146242,-0.7594141025684279,-0.4394588774981491,-0.4872228839185013,-0.45073946463777664,2.8286038959175603,-0.4872228839185013,0.9836337901225568
-0.5752384327687486,0.1241891918539922,0.6715480858892972,0.4872389483982698,0.6878913582711325,"Yes",0.9243550627349376,-0.9243550627349376,-0.9816679202752047,0.9816679202752049,-0.6636876283399649,-0.6001530417063533,-0.4666998712158976,3.48507343424859,-0.4587407756823103,1.7084048287286975,-0.4635210479006337,-0.6171176987768593,-0.4571440177477062,0.6777862204146242,-0.6777862204146242,-0.7594141025684279,-0.4394588774981491,2.0503963031570267,-0.45073946463777664,-0.35317776428217007,-0.4872228839185013,0.9836337901225568
1.125235128009769,0.44592284950682176,-1.173364237982398,-0.4018832202117115,-0.10481315190046682,"No",0.9243550627349376,-0.9243550627349376,-0.9816679202752047,0.9816679202752049,1.5052261897644954,-0.6001530417063533,-0.4666998712158976,-0.28665106169144244,-0.4587407756823103,-0.58475601520244,-0.4635210479006337,1.6188159924436452,-0.4571440177477062,-1.473916066615929,1.473916066615929,1.3154878170174407,-0.4394588774981491,-0.4872228839185013,-0.45073946463777664,-0.35317776428217007,-0.4872228839185013,0.9836337901225568
-0.9973179254199215,0.1241891918539922,-0.5583934633584997,-0.4018832202117115,-0.016734872992511342,"No",0.9243550627349376,-0.9243550627349376,-0.9816679202752047,0.9816679202752049,-0.6636876283399649,1.6645754175629042,-0.4666998712158976,-0.28665106169144244,-0.4587407756823103,1.7084048287286975,-0.4635210479006337,-0.6171176987768593,-0.4571440177477062,0.6777862204146242,-0.6777862204146242,-0.7594141025684279,2.273250242860796,-0.4872228839185013,-0.45073946463777664,-0.35317776428217007,-0.4872228839185013,0.9836337901225568
0.566264989093351,0.7676565071596513,-1.173364237982398,-0.4018832202117115,-0.8975176620720662,"Yes",0.9243550627349376,-0.9243550627349376,1.0176557462730738,-1.017655746273074,1.5052261897644954,-0.6001530417063533,-0.4666998712158976,-0.28665106169144244,-0.4587407756823103,-0.58475601520244,-0.4635210479006337,-0.6171176987768593,2.185306951892214,0.6777862204146242,-0.6777862204146242,-0.7594141025684279,-0.4394588774981491,-0.4872228839185013,2.2163579592543923,-0.35317776428217007,-0.4872228839185013,0.9836337901225568
0.5642078892177804,-0.8410117811044965,-1.173364237982398,0.4872389483982698,-1.5140656144277544,"No",-1.080753533219374,1.0807535332193738,1.0176557462730738,-1.017655746273074,-0.6636876283399649,-0.6001530417063533,-0.4666998712158976,3.48507343424859,-0.4587407756823103,-0.58475601520244,2.1552419345888225,-0.6171176987768593,-0.4571440177477062,0.6777862204146242,-0.6777862204146242,-0.7594141025684279,-0.4394588774981491,2.0503963031570267,-0.45073946463777664,-0.35317776428217007,-0.4872228839185013,0.9836337901225568
0.9758148734115027,1.73285748011814,-0.5583934633584997,2.2654832856182323,0.07134340591544414,"Yes",-1.080753533219374,1.0807535332193738,-0.9816679202752047,0.9816679202752049,-0.6636876283399649,1.6645754175629042,-0.4666998712158976,-0.28665106169144244,-0.4587407756823103,-0.58475601520244,-0.4635210479006337,1.6188159924436452,-0.4571440177477062,0.6777862204146242,-0.6777862204146242,-0.7594141025684279,-0.4394588774981491,2.0503963031570267,-0.45073946463777664,-0.35317776428217007,-0.4872228839185013,0.9836337901225568
-1.0279874144738836,1.4111238224653104,0.6715480858892972,2.2654832856182323,0.07134340591544414,"No",0.9243550627349376,-0.9243550627349376,1.0176557462730738,-1.017655746273074,-0.6636876283399649,1.6645754175629042,-0.4666998712158976,-0.28665106169144244,-0.4587407756823103,-0.58475601520244,-0.4635210479006337,1.6188159924436452,-0.4571440177477062,0.6777862204146242,-0.6777862204146242,-0.7594141025684279,-0.4394588774981491,-0.4872228839185013,2.2163579592543923,-0.35317776428217007,-0.4872228839185013,0.9836337901225568
-1.5761110267736564,0.1241891918539922,1.2865188605131956,-1.2910053888216928,0.2474999637313551,"Yes",-1.080753533219374,1.0807535332193738,1.0176557462730738,-1.017655746273074,-0.6636876283399649,-0.6001530417063533,-0.4666998712158976,-0.28665106169144244,2.1777004638711976,1.7084048287286975,-0.4635210479006337,-0.6171176987768593,-0.4571440177477062,-1.473916066615929,1.473916066615929,1.3154878170174407,-0.4394588774981491,-0.4872228839185013,-0.45073946463777664,-0.35317776428217007,-0.4872228839185013,0.9836337901225568
-0.6958592891090263,0.7676565071596513,1.2865188605131956,-1.2910053888216928,0.2474999637313551,"No",-1.080753533219374,1.0807535332193738,1.0176557462730738,-1.017655746273074,-0.6636876283399649,-0.6001530417063533,-0.4666998712158976,-0.28665106169144244,2.1777004638711976,1.7084048287286975,-0.4635210479006337,-0.6171176987768593,-0.4571440177477062,0.6777862204146242,-0.6777862204146242,-0.7594141025684279,-0.4394588774981491,-0.4872228839185013,2.2163579592543923,-0.35317776428217007,-0.4872228839185013,0.9836337901225568
-0.3942136437185336,-0.5192781234516669,1.2865188605131956,0.4872389483982698,-0.016734872992511342,"Yes",0.9243550627349376,-0.9243550627349376,-0.9816679202752047,0.9816679202752049,-0.6636876283399649,-0.6001530417063533,2.1405619791522454,-0.28665106169144244,-0.4587407756823103,1.7084048287286975,-0.4635210479006337,-0.6171176987768593,-0.4571440177477062,0.6777862204146242,-0.6777862204146242,-0.7594141025684279,2.273250242860796,-0.4872228839185013,-0.45073946463777664,-0.35317776428217007,-0.4872228839185013,0.9836337901225568
1.0062973533858675,-1.162745438757326,0.6715480858892972,0.4872389483982698,0.4236565215472661,"No",-1.080753533219374,1.0807535332193738,1.0176557462730738,-1.017655746273074,-0.6636876283399649,-0.6001530417063533,-0.4666998712158976,3.48507343424859,-0.4587407756823103,-0.58475601520244,2.1552419345888225,-0.6171176987768593,-0.4571440177477062,-1.473916066615929,1.473916066615929,1.3154878170174407,-0.4394588774981491,-0.4872228839185013,-0.45073946463777664,-0.35317776428217007,-0.4872228839185013,0.9836337901225568
-0.7764602024154753,-0.5192781234516669,-1.173364237982398,-0.4018832202117115,-1.2498307777038882,"No",-1.080753533219374,1.0807535332193738,1.0176557462730738,-1.017655746273074,-0.6636876283399649,-0.6001530417063533,2.1405619791522454,-0.28665106169144244,-0.4587407756823103,1.7084048287286975,-0.4635210479006337,-0.6171176987768593,-0.4571440177477062,0.6777862204146242,-0.6777862204146242,-0.7594141025684279,-0.4394588774981491,2.0503963031570267,-0.45073946463777664,-0.35317776428217007,-0.4872228839185013,0.9836337901225568
-1.6282865599813114,1.4111238224653104,1.2865188605131956,2.2654832856182323,-0.2809697097163778,"Yes",0.9243550627349376,-0.9243550627349376,1.0176557462730738,-1.017655746273074,-0.6636876283399649,1.6645754175629042,-0.4666998712158976,-0.28665106169144244,-0.4587407756823103,-0.58475601520244,-0.4635210479006337,1.6188159924436452,-0.4571440177477062,0.6777862204146242,-0.6777862204146242,-0.7594141025684279,2.273250242860796,-0.4872228839185013,-0.45073946463777664,-0.35317776428217007,-0.4872228839185013,0.9836337901225568
-1.639320095677554,0.44592284950682176,1.2865188605131956,-0.4018832202117115,1.2163610317188653,"No",0.9243550627349376,-0.9243550627349376,-0.9816679202752047,0.9816679202752049,1.5052261897644954,-0.6001530417063533,-0.4666998712158976,-0.28665106169144244,-0.4587407756823103,-0.58475601520244,-0.4635210479006337,-0.6171176987768593,2.185306951892214,0.6777862204146242,-0.6777862204146242,-0.7594141025684279,-0.4394588774981491,-0.4872228839185013,2.2163579592543923,-0.35317776428217007,-0.4872228839185013,0.9836337901225568
0.9602931198049244,0.1241891918539922,1.901489635137094,-0.4018832202117115,0.2474999637313551,"No",0.9243550627349376,-0.9243550627349376,-0.9816679202752047,0.9816679202752049,1.5052261897644954,-0.6001530417063533,-0.4666998712158976,-0.28665106169144244,-0.4587407756823103,-0.58475601520244,-0.4635210479006337,1.6188159924436452,-0.4571440177477062,0.6777862204146242,-0.6777862204146242,-0.7594141025684279,2.273250242860796,-0.4872228839185013,-0.45073946463777664,-0.35317776428217007,-0.4872228839185013,0.9836337901225568
0.34316315713373685,0.44592284950682176,1.2865188605131956,-0.4018832202117115,0.952126194994999,"No",0.9243550627349376,-0.9243550627349376,1.0176557462730738,-1.017655746273074,-0.6636876283399649,1.6645754175629042,-0.4666998712158976,-0.28665106169144244,-0.4587407756823103,-0.58475601520244,-0.4635210479006337,1.6188159924436452,-0.4571440177477062,0.6777862204146242,-0.6777862204146242,-0.7594141025684279,-0.4394588774981491,-0.4872228839185013,2.2163579592543923,-0.35317776428217007,-0.4872228839185013,0.9836337901225568
1.1177547648258759,0.44592284950682176,-1.173364237982398,0.4872389483982698,-1.5140656144277544,"Yes",-1.080753533219374,1.0807535332193738,1.0176557462730738,-1.017655746273074,-0.6636876283399649,1.6645754175629042,-0.4666998712158976,-0.28665106169144244,-0.4587407756823103,1.7084048287286975,-0.4635210479006337,-0.6171176987768593,-0.4571440177477062,-1.473916066615929,1.473916066615929,1.3154878170174407,-0.4394588774981491,-0.4872228839185013,-0.45073946463777664,-0.35317776428217007,-0.4872228839185013,0.9836337901225568
0.40412811708246626,0.1241891918539922,0.6715480858892972,0.4872389483982698,2.0090655418904646,"No",0.9243550627349376,-0.9243550627349376,-0.9816679202752047,0.9816679202752049,-0.6636876283399649,-0.6001530417063533,-0.4666998712158976,-0.28665106169144244,2.1777004638711976,-0.58475601520244,-0.4635210479006337,-0.6171176987768593,2.185306951892214,0.6777862204146242,-0.6777862204146242,-0.7594141025684279,-0.4394588774981491,-0.4872228839185013,2.2163579592543923,-0.35317776428217007,-0.4872228839185013,0.9836337901225568
0.08378156373224073,0.1241891918539922,-1.173364237982398,0.4872389483982698,-1.3379090566118435,"No",0.9243550627349376,-0.9243550627349376,1.0176557462730738,-1.017655746273074,-0.6636876283399649,1.6645754175629042,-0.4666998712158976,-0.28665106169144244,-0.4587407756823103,1.7084048287286975,-0.4635210479006337,-0.6171176987768593,-0.4571440177477062,0.6777862204146242,-0.6777862204146242,-0.7594141025684279,-0.4394588774981491,2.0503963031570267,-0.45073946463777664,-0.35317776428217007,-0.4872228839185013,0.9836337901225568
0.6930571450603404,0.1241891918539922,0.6715480858892972,0.4872389483982698,2.0090655418904646,"No",0.9243550627349376,-0.9243550627349376,1.0176557462730738,-1.017655746273074,-0.6636876283399649,-0.6001530417063533,-0.4666998712158976,-0.28665106169144244,2.1777004638711976,-0.58475601520244,-0.4635210479006337,-0.6171176987768593,2.185306951892214,0.6777862204146242,-0.6777862204146242,-0.7594141025684279,-0.4394588774981491,-0.4872228839185013,2.2163579592543923,-0.35317776428217007,-0.4872228839185013,0.9836337901225568
1.7371288364522315,0.7676565071596513,0.6715480858892972,-0.4018832202117115,0.5998130793631771,"Yes",-1.080753533219374,1.0807535332193738,-0.9816679202752047,0.9816679202752049,-0.6636876283399649,1.6645754175629042,-0.4666998712158976,-0.28665106169144244,-0.4587407756823103,-0.58475601520244,-0.4635210479006337,1.6188159924436452,-0.4571440177477062,-1.473916066615929,1.473916066615929,-0.7594141025684279,-0.4394588774981491,-0.4872228839185013,2.2163579592543923,-0.35317776428217007,-0.4872228839185013,0.9836337901225568
1.6548448414294064,-0.19754446579883733,-0.5583934633584997,-1.2910053888216928,-0.8094393831641107,"No",0.9243550627349376,-0.9243550627349376,1.0176557462730738,-1.017655746273074,-0.6636876283399649,-0.6001530417063533,-0.4666998712158976,-0.28665106169144244,2.1777004638711976,1.7084048287286975,-0.4635210479006337,-0.6171176987768593,-0.4571440177477062,0.6777862204146242,-0.6777862204146242,1.3154878170174407,-0.4394588774981491,-0.4872228839185013,-0.45073946463777664,-0.35317776428217007,-0.4872228839185013,0.9836337901225568
1.4562411988970425,-0.5192781234516669,-1.173364237982398,0.4872389483982698,-1.2498307777038882,"No",0.9243550627349376,-0.9243550627349376,-0.9816679202752047,0.9816679202752049,-0.6636876283399649,-0.6001530417063533,2.1405619791522454,-0.28665106169144244,-0.4587407756823103,1.7084048287286975,-0.4635210479006337,-0.6171176987768593,-0.4571440177477062,-1.473916066615929,1.473916066615929,-0.7594141025684279,-0.4394588774981491,-0.4872228839185013,2.2163579592543923,-0.35317776428217007,-0.4872228839185013,0.9836337901225568
1.4356702001413362,0.44592284950682176,1.901489635137094,1.376361117008251,-0.016734872992511342,"No",-1.080753533219374,1.0807535332193738,-0.9816679202752047,0.9816679202752049,-0.6636876283399649,1.6645754175629042,-0.4666998712158976,-0.28665106169144244,-0.4587407756823103,-0.58475601520244,-0.4635210479006337,1.6188159924436452,-0.4571440177477062,0.6777862204146242,-0.6777862204146242,-0.7594141025684279,2.273250242860796,-0.4872228839185013,-0.45073946463777664,-0.35317776428217007,-0.4872228839185013,0.9836337901225568
-1.1616989063859742,0.7676565071596513,1.2865188605131956,-1.2910053888216928,0.3355782426393106,"No",-1.080753533219374,1.0807535332193738,1.0176557462730738,-1.017655746273074,-0.6636876283399649,-0.6001530417063533,-0.4666998712158976,-0.28665106169144244,2.1777004638711976,1.7084048287286975,-0.4635210479006337,-0.6171176987768593,-0.4571440177477062,0.6777862204146242,-0.6777862204146242,-0.7594141025684279,-0.4394588774981491,-0.4872228839185013,2.2163579592543923,-0.35317776428217007,-0.4872228839185013,0.9836337901225568
0.39683476297817044,2.376324795423799,-0.5583934633584997,0.4872389483982698,0.07134340591544414,"Yes",0.9243550627349376,-0.9243550627349376,1.0176557462730738,-1.017655746273074,1.5052261897644954,-0.6001530417063533,-0.4666998712158976,-0.28665106169144244,-0.4587407756823103,-0.58475601520244,-0.4635210479006337,-0.6171176987768593,2.185306951892214,0.6777862204146242,-0.6777862204146242,1.3154878170174407,-0.4394588774981491,-0.4872228839185013,-0.45073946463777664,-0.35317776428217007,-0.4872228839185013,0.9836337901225568
1.3879828848440172,0.1241891918539922,0.6715480858892972,0.4872389483982698,1.9209872629825093,"No",0.9243550627349376,-0.9243550627349376,-0.9816679202752047,0.9816679202752049,1.5052261897644954,-0.6001530417063533,-0.4666998712158976,-0.28665106169144244,-0.4587407756823103,-0.58475601520244,-0.4635210479006337,-0.6171176987768593,2.185306951892214,-1.473916066615929,1.473916066615929,-0.7594141025684279,-0.4394588774981491,-0.4872228839185013,2.2163579592543923,-0.35317776428217007,-0.4872228839185013,0.9836337901225568
0.8937178874682751,-0.8410117811044965,0.05657731126539871,0.4872389483982698,0.4236565215472661,"No",-1.080753533219374,1.0807535332193738,1.0176557462730738,-1.017655746273074,-0.6636876283399649,-0.6001530417063533,2.1405619791522454,-0.28665106169144244,-0.4587407756823103,1.7084048287286975,-0.4635210479006337,-0.6171176987768593,-0.4571440177477062,-1.473916066615929,1.473916066615929,1.3154878170174407,-0.4394588774981491,-0.4872228839185013,-0.45073946463777664,-0.35317776428217007,-0.4872228839185013,0.9836337901225568
1.7337626730194795,2.0545911377709696,1.2865188605131956,1.376361117008251,-0.10481315190046682,"Yes",-1.080753533219374,1.0807535332193738,1.0176557462730738,-1.017655746273074,-0.6636876283399649,1.6645754175629042,-0.4666998712158976,-0.28665106169144244,-0.4587407756823103,-0.58475601520244,-0.4635210479006337,1.6188159924436452,-0.4571440177477062,0.6777862204146242,-0.6777862204146242,-0.7594141025684279,-0.4394588774981491,2.0503963031570267,-0.45073946463777664,-0.35317776428217007,-0.4872228839185013,0.9836337901225568
-0.8778191235572279,-0.5192781234516669,-1.173364237982398,0.4872389483982698,-1.2498307777038882,"No",-1.080753533219374,1.0807535332193738,-0.9816679202752047,0.9816679202752049,-0.6636876283399649,-0.6001530417063533,2.1405619791522454,-0.28665106169144244,-0.4587407756823103,1.7084048287286975,-0.4635210479006337,-0.6171176987768593,-0.4571440177477062,-1.473916066615929,1.473916066615929,-0.7594141025684279,-0.4394588774981491,-0.4872228839185013,2.2163579592543923,-0.35317776428217007,-0.4872228839185013,0.9836337901225568
-0.1901867378778471,0.44592284950682176,0.6715480858892972,0.4872389483982698,2.625613494246153,"Yes",-1.080753533219374,1.0807535332193738,-0.9816679202752047,0.9816679202752049,-0.6636876283399649,-0.6001530417063533,-0.4666998712158976,-0.28665106169144244,2.1777004638711976,-0.58475601520244,-0.4635210479006337,-0.6171176987768593,2.185306951892214,0.6777862204146242,-0.6777862204146242,-0.7594141025684279,-0.4394588774981491,2.0503963031570267,-0.45073946463777664,-0.35317776428217007,-0.4872228839185013,0.9836337901225568
-1.020881069449185,1.4111238224653104,0.05657731126539871,1.376361117008251,1.8329089840745538,"No",0.9243550627349376,-0.9243550627349376,-0.9816679202752047,0.9816679202752049,-0.6636876283399649,-0.6001530417063533,-0.4666998712158976,-0.28665106169144244,2.1777004638711976,-0.58475601520244,-0.4635210479006337,-0.6171176987768593,2.185306951892214,0.6777862204146242,-0.6777862204146242,-0.7594141025684279,-0.4394588774981491,-0.4872228839185013,2.2163579592543923,-0.35317776428217007,-0.4872228839185013,0.9836337901225568
1.1070952472888282,0.1241891918539922,0.05657731126539871,0.4872389483982698,1.0402044739029543,"Yes",0.9243550627349376,-0.9243550627349376,1.0176557462730738,-1.017655746273074,-0.6636876283399649,1.6645754175629042,-0.4666998712158976,-0.28665106169144244,-0.4587407756823103,-0.58475601520244,-0.4635210479006337,1.6188159924436452,-0.4571440177477062,0.6777862204146242,-0.6777862204146242,-0.7594141025684279,2.273250242860796,-0.4872228839185013,-0.45073946463777664,-0.35317776428217007,-0.4872228839185013,0.9836337901225568
0.2758398884786982,-0.19754446579883733,1.2865188605131956,0.4872389483982698,1.7448307051665983,"No",0.9243550627349376,-0.9243550627349376,-0.9816679202752047,0.9816679202752049,1.5052261897644954,-0.6001530417063533,-0.4666998712158976,-0.28665106169144244,-0.4587407756823103,-0.58475601520244,-0.4635210479006337,-0.6171176987768593,2.185306951892214,0.6777862204146242,-0.6777862204146242,-0.7594141025684279,-0.4394588774981491,-0.4872228839185013,-0.45073946463777664,2.8286038959175603,-0.4872228839185013,0.9836337901225568
0.33194261235789707,0.44592284950682176,0.6715480858892972,0.4872389483982698,0.5117348004552216,"Yes",0.9243550627349376,-0.9243550627349376,1.0176557462730738,-1.017655746273074,-0.6636876283399649,1.6645754175629042,-0.4666998712158976,-0.28665106169144244,-0.4587407756823103,-0.58475601520244,-0.4635210479006337,1.6188159924436452,-0.4571440177477062,0.6777862204146242,-0.6777862204146242,-0.7594141025684279,-0.4394588774981491,2.0503963031570267,-0.45073946463777664,-0.35317776428217007,-0.4872228839185013,0.9836337901225568
-1.0087254792753586,0.44592284950682176,0.6715480858892972,-1.2910053888216928,-0.8094393831641107,"Yes",0.9243550627349376,-0.9243550627349376,1.0176557462730738,-1.017655746273074,-0.6636876283399649,-0.6001530417063533,-0.4666998712158976,-0.28665106169144244,2.1777004638711976,-0.58475601520244,-0.4635210479006337,1.6188159924436452,-0.4571440177477062,0.6777862204146242,-0.6777862204146242,-0.7594141025684279,2.273250242860796,-0.4872228839185013,-0.45073946463777664,-0.35317776428217007,-0.4872228839185013,0.9836337901225568
0.6362063848627523,0.1241891918539922,1.901489635137094,1.376361117008251,-0.2809697097163778,"No",0.9243550627349376,-0.9243550627349376,1.0176557462730738,-1.017655746273074,1.5052261897644954,-0.6001530417063533,-0.4666998712158976,-0.28665106169144244,-0.4587407756823103,1.7084048287286975,-0.4635210479006337,-0.6171176987768593,-0.4571440177477062,0.6777862204146242,-0.6777862204146242,-0.7594141025684279,-0.4394588774981491,-0.4872228839185013,-0.45073946463777664,2.8286038959175603,-0.4872228839185013,0.9836337901225568
-0.7010955433377515,0.1241891918539922,-1.173364237982398,-1.2910053888216928,-0.45712626753228874,"No",-1.080753533219374,1.0807535332193738,1.0176557462730738,-1.017655746273074,-0.6636876283399649,-0.6001530417063533,-0.4666998712158976,-0.28665106169144244,2.1777004638711976,1.7084048287286975,-0.4635210479006337,-0.6171176987768593,-0.4571440177477062,0.6777862204146242,-0.6777862204146242,1.3154878170174407,-0.4394588774981491,-0.4872228839185013,-0.45073946463777664,-0.35317776428217007,-0.4872228839185013,0.9836337901225568
-0.6954852709498316,0.1241891918539922,1.2865188605131956,-1.2910053888216928,0.2474999637313551,"No",-1.080753533219374,1.0807535332193738,1.0176557462730738,-1.017655746273074,-0.6636876283399649,-0.6001530417063533,-0.4666998712158976,-0.28665106169144244,2.1777004638711976,1.7084048287286975,-0.4635210479006337,-0.6171176987768593,-0.4571440177477062,0.6777862204146242,-0.6777862204146242,-0.7594141025684279,-0.4394588774981491,-0.4872228839185013,2.2163579592543923,-0.35317776428217007,-0.4872228839185013,0.9836337901225568
0.38224805476957874,-0.5192781234516669,-1.173364237982398,0.4872389483982698,-1.1617524987959327,"No",-1.080753533219374,1.0807535332193738,-0.9816679202752047,0.9816679202752049,-0.6636876283399649,-0.6001530417063533,2.1405619791522454,-0.28665106169144244,-0.4587407756823103,1.7084048287286975,-0.4635210479006337,-0.6171176987768593,-0.4571440177477062,0.6777862204146242,-0.6777862204146242,-0.7594141025684279,-0.4394588774981491,2.0503963031570267,-0.45073946463777664,-0.35317776428217007,-0.4872228839185013,0.9836337901225568
1.1044771201744654,0.44592284950682176,0.05657731126539871,-0.4018832202117115,1.2163610317188653,"Yes",-1.080753533219374,1.0807535332193738,1.0176557462730738,-1.017655746273074,1.5052261897644954,-0.6001530417063533,-0.4666998712158976,-0.28665106169144244,-0.4587407756823103,-0.58475601520244,-0.4635210479006337,-0.6171176987768593,2.185306951892214,-1.473916066615929,1.473916066615929,-0.7594141025684279,2.273250242860796,-0.4872228839185013,-0.45073946463777664,-0.35317776428217007,-0.4872228839185013,0.9836337901225568
-0.14997978576442123,0.44592284950682176,-1.173364237982398,-0.4018832202117115,-0.5452045464402442,"Yes",-1.080753533219374,1.0807535332193738,1.0176557462730738,-1.017655746273074,1.5052261897644954,-0.6001530417063533,-0.4666998712158976,-0.28665106169144244,-0.4587407756823103,-0.58475601520244,-0.4635210479006337,1.6188159924436452,-0.4571440177477062,-1.473916066615929,1.473916066615929,-0.7594141025684279,2.273250242860796,-0.4872228839185013,-0.45073946463777664,-0.35317776428217007,-0.4872228839185013,0.9836337901225568
-0.28630940479087447,0.44592284950682176,1.901489635137094,0.4872389483982698,2.0090655418904646,"Yes",-1.080753533219374,1.0807535332193738,1.0176557462730738,-1.017655746273074,-0.6636876283399649,-0.6001530417063533,-0.4666998712158976,-0.28665106169144244,2.1777004638711976,-0.58475601520244,-0.4635210479006337,-0.6171176987768593,2.185306951892214,0.6777862204146242,-0.6777862204146242,-0.7594141025684279,-0.4394588774981491,-0.4872228839185013,-0.45073946463777664,2.8286038959175603,-0.4872228839185013,0.9836337901225568
-1.0625840941993896,0.1241891918539922,-1.173364237982398,0.4872389483982698,-1.0736742198879772,"Yes",-1.080753533219374,1.0807535332193738,-0.9816679202752047,0.9816679202752049,-0.6636876283399649,1.6645754175629042,-0.4666998712158976,-0.28665106169144244,-0.4587407756823103,-0.58475601520244,-0.4635210479006337,1.6188159924436452,-0.4571440177477062,-1.473916066615929,1.473916066615929,-0.7594141025684279,-0.4394588774981491,-0.4872228839185013,2.2163579592543923,-0.35317776428217007,-0.4872228839185013,0.9836337901225568
-1.6230503057525862,0.44592284950682176,1.901489635137094,1.376361117008251,0.07134340591544414,"No",0.9243550627349376,-0.9243550627349376,-0.9816679202752047,0.9816679202752049,-0.6636876283399649,1.6645754175629042,-0.4666998712158976,-0.28665106169144244,-0.4587407756823103,-0.58475601520244,-0.4635210479006337,1.6188159924436452,-0.4571440177477062,-1.473916066615929,1.473916066615929,-0.7594141025684279,-0.4394588774981491,2.0503963031570267,-0.45073946463777664,-0.35317776428217007,-0.4872228839185013,0.9836337901225568
-1.290361153148937,-0.8410117811044965,-1.173364237982398,0.4872389483982698,-1.1617524987959327,"Yes",-1.080753533219374,1.0807535332193738,-0.9816679202752047,0.9816679202752049,-0.6636876283399649,-0.6001530417063533,2.1405619791522454,-0.28665106169144244,-0.4587407756823103,1.7084048287286975,-0.4635210479006337,-0.6171176987768593,-0.4571440177477062,-1.473916066615929,1.473916066615929,-0.7594141025684279,-0.4394588774981491,-0.4872228839185013,2.2163579592543923,-0.35317776428217007,-0.4872228839185013,0.9836337901225568
1.7092644835922293,-0.5192781234516669,-1.173364237982398,0.4872389483982698,-1.1617524987959327,"Yes",-1.080753533219374,1.0807535332193738,-0.9816679202752047,0.9816679202752049,-0.6636876283399649,-0.6001530417063533,2.1405619791522454,-0.28665106169144244,-0.4587407756823103,1.7084048287286975,-0.4635210479006337,-0.6171176987768593,-0.4571440177477062,-1.473916066615929,1.473916066615929,-0.7594141025684279,-0.4394588774981491,-0.4872228839185013,2.2163579592543923,-0.35317776428217007,-0.4872228839185013,0.9836337901225568
1.1725484251478935,-0.5192781234516669,0.6715480858892972,-0.4018832202117115,-1.1617524987959327,"No",0.9243550627349376,-0.9243550627349376,1.0176557462730738,-1.017655746273074,-0.6636876283399649,1.6645754175629042,-0.4666998712158976,-0.28665106169144244,-0.4587407756823103,-0.58475601520244,2.1552419345888225,-0.6171176987768593,-0.4571440177477062,0.6777862204146242,-0.6777862204146242,1.3154878170174407,-0.4394588774981491,-0.4872228839185013,-0.45073946463777664,-0.35317776428217007,-0.4872228839185013,0.9836337901225568
-0.45536561274686044,0.1241891918539922,0.05657731126539871,0.4872389483982698,0.5117348004552216,"No",0.9243550627349376,-0.9243550627349376,-0.9816679202752047,0.9816679202752049,-0.6636876283399649,-0.6001530417063533,2.1405619791522454,-0.28665106169144244,-0.4587407756823103,-0.58475601520244,-0.4635210479006337,1.6188159924436452,-0.4571440177477062,-1.473916066615929,1.473916066615929,-0.7594141025684279,-0.4394588774981491,2.0503963031570267,-0.45073946463777664,-0.35317776428217007,-0.4872228839185013,0.9836337901225568
-1.3094360792678645,0.44592284950682176,-0.5583934633584997,-0.4018832202117115,-0.016734872992511342,"No",0.9243550627349376,-0.9243550627349376,-0.9816679202752047,0.9816679202752049,-0.6636876283399649,1.6645754175629042,-0.4666998712158976,-0.28665106169144244,-0.4587407756823103,1.7084048287286975,-0.4635210479006337,-0.6171176987768593,-0.4571440177477062,0.6777862204146242,-0.6777862204146242,1.3154878170174407,-0.4394588774981491,-0.4872228839185013,-0.45073946463777664,-0.35317776428217007,-0.4872228839185013,0.9836337901225568
-0.15577706723193846,-0.19754446579883733,0.05657731126539871,-0.4018832202117115,-0.5452045464402442,"Yes",-1.080753533219374,1.0807535332193738,-0.9816679202752047,0.9816679202752049,1.5052261897644954,-0.6001530417063533,-0.4666998712158976,-0.28665106169144244,-0.4587407756823103,1.7084048287286975,-0.4635210479006337,-0.6171176987768593,-0.4571440177477062,0.6777862204146242,-0.6777862204146242,-0.7594141025684279,2.273250242860796,-0.4872228839185013,-0.45073946463777664,-0.35317776428217007,-0.4872228839185013,0.9836337901225568
0.8746429613493475,0.1241891918539922,1.2865188605131956,0.4872389483982698,1.6567524262586428,"No",-1.080753533219374,1.0807535332193738,1.0176557462730738,-1.017655746273074,1.5052261897644954,-0.6001530417063533,-0.4666998712158976,-0.28665106169144244,-0.4587407756823103,-0.58475601520244,-0.4635210479006337,-0.6171176987768593,2.185306951892214,0.6777862204146242,-0.6777862204146242,-0.7594141025684279,-0.4394588774981491,-0.4872228839185013,-0.45073946463777664,2.8286038959175603,-0.4872228839185013,0.9836337901225568
0.30538732305507627,0.1241891918539922,-0.5583934633584997,-1.2910053888216928,-0.7213611042561552,"Yes",0.9243550627349376,-0.9243550627349376,1.0176557462730738,-1.017655746273074,-0.6636876283399649,-0.6001530417063533,-0.4666998712158976,-0.28665106169144244,2.1777004638711976,-0.58475601520244,-0.4635210479006337,1.6188159924436452,-0.4571440177477062,0.6777862204146242,-0.6777862204146242,-0.7594141025684279,2.273250242860796,-0.4872228839185013,-0.45073946463777664,-0.35317776428217007,-0.4872228839185013,0.9836337901225568
0.5628988256605991,-0.5192781234516669,-1.173364237982398,0.4872389483982698,-1.425987335519799,"Yes",-1.080753533219374,1.0807535332193738,-0.9816679202752047,0.9816679202752049,-0.6636876283399649,-0.6001530417063533,2.1405619791522454,-0.28665106169144244,-0.4587407756823103,1.7084048287286975,-0.4635210479006337,-0.6171176987768593,-0.4571440177477062,-1.473916066615929,1.473916066615929,1.3154878170174407,-0.4394588774981491,-0.4872228839185013,-0.45073946463777664,-0.35317776428217007,-0.4872228839185013,0.9836337901225568
1.434548145663752,1.4111238224653104,-0.5583934633584997,1.376361117008251,-0.016734872992511342,"No",-1.080753533219374,1.0807535332193738,1.0176557462730738,-1.017655746273074,-0.6636876283399649,1.6645754175629042,-0.4666998712158976,-0.28665106169144244,-0.4587407756823103,-0.58475601520244,-0.4635210479006337,1.6188159924436452,-0.4571440177477062,-1.473916066615929,1.473916066615929,-0.7594141025684279,-0.4394588774981491,-0.4872228839185013,2.2163579592543923,-0.35317776428217007,-0.4872228839185013,0.9836337901225568
-1.5102838307553965,0.44592284950682176,1.901489635137094,-0.4018832202117115,0.2474999637313551,"No",0.9243550627349376,-0.9243550627349376,1.0176557462730738,-1.017655746273074,-0.6636876283399649,-0.6001530417063533,-0.4666998712158976,-0.28665106169144244,2.1777004638711976,-0.58475601520244,-0.4635210479006337,1.6188159924436452,-0.4571440177477062,0.6777862204146242,-0.6777862204146242,1.3154878170174407,-0.4394588774981491,-0.4872228839185013,-0.45073946463777664,-0.35317776428217007,-0.4872228839185013,0.9836337901225568
1.610897707724034,0.7676565071596513,-1.173364237982398,-1.2910053888216928,-0.36904798862433325,"Yes",0.9243550627349376,-0.9243550627349376,1.0176557462730738,-1.017655746273074,-0.6636876283399649,-0.6001530417063533,-0.4666998712158976,-0.28665106169144244,2.1777004638711976,1.7084048287286975,-0.4635210479006337,-0.6171176987768593,-0.4571440177477062,0.6777862204146242,-0.6777862204146242,-0.7594141025684279,-0.4394588774981491,-0.4872228839185013,2.2163579592543923,-0.35317776428217007,-0.4872228839185013,0.9836337901225568
-1.0328496505434142,2.376324795423799,-0.5583934633584997,2.2654832856182323,-0.36904798862433325,"No",0.9243550627349376,-0.9243550627349376,-0.9816679202752047,0.9816679202752049,-0.6636876283399649,-0.6001530417063533,-0.4666998712158976,-0.28665106169144244,2.1777004638711976,-0.58475601520244,-0.4635210479006337,-0.6171176987768593,2.185306951892214,0.6777862204146242,-0.6777862204146242,1.3154878170174407,-0.4394588774981491,-0.4872228839185013,-0.45073946463777664,-0.35317776428217007,-0.4872228839185013,0.9836337901225568
-0.39309158924094967,0.1241891918539922,-0.5583934633584997,-0.4018832202117115,0.1594216848233996,"Yes",0.9243550627349376,-0.9243550627349376,1.0176557462730738,-1.017655746273074,-0.6636876283399649,1.6645754175629042,-0.4666998712158976,-0.28665106169144244,-0.4587407756823103,1.7084048287286975,-0.4635210479006337,-0.6171176987768593,-0.4571440177477062,0.6777862204146242,-0.6777862204146242,-0.7594141025684279,2.273250242860796,-0.4872228839185013,-0.45073946463777664,-0.35317776428217007,-0.4872228839185013,0.9836337901225568
0.10079938997559772,-0.5192781234516669,1.901489635137094,0.4872389483982698,1.4805958684427318,"No",0.9243550627349376,-0.9243550627349376,1.0176557462730738,-1.017655746273074,-0.6636876283399649,-0.6001530417063533,2.1405619791522454,-0.28665106169144244,-0.4587407756823103,-0.58475601520244,-0.4635210479006337,1.6188159924436452,-0.4571440177477062,-1.473916066615929,1.473916066615929,-0.7594141025684279,-0.4394588774981491,-0.4872228839185013,-0.45073946463777664,2.8286038959175603,-0.4872228839185013,0.9836337901225568
-1.004985297683412,0.1241891918539922,-1.173364237982398,-1.2910053888216928,-0.36904798862433325,"No",0.9243550627349376,-0.9243550627349376,1.0176557462730738,-1.017655746273074,-0.6636876283399649,-0.6001530417063533,-0.4666998712158976,-0.28665106169144244,2.1777004638711976,-0.58475601520244,-0.4635210479006337,1.6188159924436452,-0.4571440177477062,0.6777862204146242,-0.6777862204146242,1.3154878170174407,-0.4394588774981491,-0.4872228839185013,-0.45073946463777664,-0.35317776428217007,-0.4872228839185013,0.9836337901225568
0.4228290250421992,0.1241891918539922,0.05657731126539871,0.4872389483982698,0.5117348004552216,"No",0.9243550627349376,-0.9243550627349376,1.0176557462730738,-1.017655746273074,-0.6636876283399649,-0.6001530417063533,2.1405619791522454,-0.28665106169144244,-0.4587407756823103,-0.58475601520244,-0.4635210479006337,1.6188159924436452,-0.4571440177477062,0.6777862204146242,-0.6777862204146242,-0.7594141025684279,-0.4394588774981491,2.0503963031570267,-0.45073946463777664,-0.35317776428217007,-0.4872228839185013,0.9836337901225568
0.28145016086661806,0.44592284950682176,0.05657731126539871,-0.4018832202117115,1.3044393106268208,"No",0.9243550627349376,-0.9243550627349376,-0.9816679202752047,0.9816679202752049,-0.6636876283399649,1.6645754175629042,-0.4666998712158976,-0.28665106169144244,-0.4587407756823103,-0.58475601520244,-0.4635210479006337,1.6188159924436452,-0.4571440177477062,0.6777862204146242,-0.6777862204146242,-0.7594141025684279,-0.4394588774981491,-0.4872228839185013,-0.45073946463777664,2.8286038959175603,-0.4872228839185013,0.9836337901225568
0.4275042520321325,0.1241891918539922,-0.5583934633584997,-1.2910053888216928,-0.7213611042561552,"Yes",-1.080753533219374,1.0807535332193738,1.0176557462730738,-1.017655746273074,-0.6636876283399649,-0.6001530417063533,-0.4666998712158976,-0.28665106169144244,2.1777004638711976,-0.58475601520244,-0.4635210479006337,1.6188159924436452,-0.4571440177477062,0.6777862204146242,-0.6777862204146242,-0.7594141025684279,2.273250242860796,-0.4872228839185013,-0.45073946463777664,-0.35317776428217007,-0.4872228839185013,0.9836337901225568
0.24199124507158154,-0.5192781234516669,-1.173364237982398,0.4872389483982698,-1.2498307777038882,"No",-1.080753533219374,1.0807535332193738,1.0176557462730738,-1.017655746273074,-0.6636876283399649,-0.6001530417063533,2.1405619791522454,-0.28665106169144244,-0.4587407756823103,1.7084048287286975,-0.4635210479006337,-0.6171176987768593,-0.4571440177477062,0.6777862204146242,-0.6777862204146242,-0.7594141025684279,-0.4394588774981491,2.0503963031570267,-0.45073946463777664,-0.35317776428217007,-0.4872228839185013,0.9836337901225568
-1.5239354935660017,0.44592284950682176,1.2865188605131956,-1.2910053888216928,-0.8094393831641107,"Yes",-1.080753533219374,1.0807535332193738,1.0176557462730738,-1.017655746273074,-0.6636876283399649,-0.6001530417063533,-0.4666998712158976,-0.28665106169144244,2.1777004638711976,-0.58475601520244,-0.4635210479006337,1.6188159924436452,-0.4571440177477062,0.6777862204146242,-0.6777862204146242,-0.7594141025684279,2.273250242860796,-0.4872228839185013,-0.45073946463777664,-0.35317776428217007,-0.4872228839185013,0.9836337901225568
-0.1389462500681788,-0.8410117811044965,0.05657731126539871,0.4872389483982698,0.3355782426393106,"No",0.9243550627349376,-0.9243550627349376,1.0176557462730738,-1.017655746273074,-0.6636876283399649,-0.6001530417063533,2.1405619791522454,-0.28665106169144244,-0.4587407756823103,1.7084048287286975,-0.4635210479006337,-0.6171176987768593,-0.4571440177477062,0.6777862204146242,-0.6777862204146242,-0.7594141025684279,-0.4394588774981491,-0.4872228839185013,2.2163579592543923,-0.35317776428217007,-0.4872228839185013,0.9836337901225568
-0.27097466026389344,1.4111238224653104,0.6715480858892972,2.2654832856182323,-0.2809697097163778,"No",0.9243550627349376,-0.9243550627349376,-0.9816679202752047,0.9816679202752049,1.5052261897644954,-0.6001530417063533,-0.4666998712158976,-0.28665106169144244,-0.4587407756823103,-0.58475601520244,-0.4635210479006337,-0.6171176987768593,2.185306951892214,0.6777862204146242,-0.6777862204146242,1.3154878170174407,-0.4394588774981491,-0.4872228839185013,-0.45073946463777664,-0.35317776428217007,-0.4872228839185013,0.9836337901225568
0.32745439444756114,-0.5192781234516669,0.05657731126539871,-0.4018832202117115,0.2474999637313551,"No",0.9243550627349376,-0.9243550627349376,-0.9816679202752047,0.9816679202752049,-0.6636876283399649,1.6645754175629042,-0.4666998712158976,-0.28665106169144244,-0.4587407756823103,-0.58475601520244,2.1552419345888225,-0.6171176987768593,-0.4571440177477062,0.6777862204146242,-0.6777862204146242,1.3154878170174407,-0.4394588774981491,-0.4872228839185013,-0.45073946463777664,-0.35317776428217007,-0.4872228839185013,0.9836337901225568
-1.1605768519083903,0.1241891918539922,1.2865188605131956,-1.2910053888216928,0.2474999637313551,"No",0.9243550627349376,-0.9243550627349376,-0.9816679202752047,0.9816679202752049,-0.6636876283399649,-0.6001530417063533,-0.4666998712158976,-0.28665106169144244,2.1777004638711976,1.7084048287286975,-0.4635210479006337,-0.6171176987768593,-0.4571440177477062,-1.473916066615929,1.473916066615929,1.3154878170174407,-0.4394588774981491,-0.4872228839185013,-0.45073946463777664,-0.35317776428217007,-0.4872228839185013,0.9836337901225568
-0.3405420378741001,0.7676565071596513,1.901489635137094,0.4872389483982698,1.5686741473506873,"No",0.9243550627349376,-0.9243550627349376,-0.9816679202752047,0.9816679202752049,1.5052261897644954,-0.6001530417063533,-0.4666998712158976,-0.28665106169144244,-0.4587407756823103,-0.58475601520244,-0.4635210479006337,-0.6171176987768593,2.185306951892214,-1.473916066615929,1.473916066615929,-0.7594141025684279,2.273250242860796,-0.4872228839185013,-0.45073946463777664,-0.35317776428217007,-0.4872228839185013,-1.0156218808582498
0.3373658756662196,0.1241891918539922,1.2865188605131956,0.4872389483982698,1.3925175895347763,"No",0.9243550627349376,-0.9243550627349376,-0.9816679202752047,0.9816679202752049,1.5052261897644954,-0.6001530417063533,-0.4666998712158976,-0.28665106169144244,-0.4587407756823103,-0.58475601520244,-0.4635210479006337,-0.6171176987768593,2.185306951892214,0.6777862204146242,-0.6777862204146242,-0.7594141025684279,-0.4394588774981491,-0.4872228839185013,-0.45073946463777664,2.8286038959175603,-0.4872228839185013,0.9836337901225568
-1.6458654134634605,0.1241891918539922,-1.173364237982398,-0.4018832202117115,-0.9855959409800217,"No",0.9243550627349376,-0.9243550627349376,1.0176557462730738,-1.017655746273074,-0.6636876283399649,1.6645754175629042,-0.4666998712158976,-0.28665106169144244,-0.4587407756823103,1.7084048287286975,-0.4635210479006337,-0.6171176987768593,-0.4571440177477062,-1.473916066615929,1.473916066615929,-0.7594141025684279,-0.4394588774981491,-0.4872228839185013,2.2163579592543923,-0.35317776428217007,-0.4872228839185013,0.9836337901225568
-0.6711740906021787,0.7676565071596513,1.2865188605131956,-1.2910053888216928,0.2474999637313551,"No",-1.080753533219374,1.0807535332193738,1.0176557462730738,-1.017655746273074,-0.6636876283399649,-0.6001530417063533,-0.4666998712158976,-0.28665106169144244,2.1777004638711976,1.7084048287286975,-0.4635210479006337,-0.6171176987768593,-0.4571440177477062,-1.473916066615929,1.473916066615929,1.3154878170174407,-0.4394588774981491,-0.4872228839185013,-0.45073946463777664,-0.35317776428217007,-0.4872228839185013,0.9836337901225568
1.1747925341030614,-1.162745438757326,0.6715480858892972,0.4872389483982698,0.6878913582711325,"No",0.9243550627349376,-0.9243550627349376,-0.9816679202752047,0.9816679202752049,-0.6636876283399649,-0.6001530417063533,-0.4666998712158976,3.48507343424859,-0.4587407756823103,-0.58475601520244,2.1552419345888225,-0.6171176987768593,-0.4571440177477062,-1.473916066615929,1.473916066615929,1.3154878170174407,-0.4394588774981491,-0.4872228839185013,-0.45073946463777664,-0.35317776428217007,-0.4872228839185013,0.9836337901225568
0.653598229265304,1.0893901648124809,1.901489635137094,1.376361117008251,-0.36904798862433325,"No",0.9243550627349376,-0.9243550627349376,1.0176557462730738,-1.017655746273074,-0.6636876283399649,1.6645754175629042,-0.4666998712158976,-0.28665106169144244,-0.4587407756823103,-0.58475601520244,-0.4635210479006337,1.6188159924436452,-0.4571440177477062,0.6777862204146242,-0.6777862204146242,-0.7594141025684279,2.273250242860796,-0.4872228839185013,-0.45073946463777664,-0.35317776428217007,-0.4872228839185013,0.9836337901225568
1.7143137287413572,0.1241891918539922,1.2865188605131956,0.4872389483982698,-0.1928914308084223,"No",-1.080753533219374,1.0807535332193738,1.0176557462730738,-1.017655746273074,1.5052261897644954,-0.6001530417063533,-0.4666998712158976,-0.28665106169144244,-0.4587407756823103,1.7084048287286975,-0.4635210479006337,-0.6171176987768593,-0.4571440177477062,-1.473916066615929,1.473916066615929,1.3154878170174407,-0.4394588774981491,-0.4872228839185013,-0.45073946463777664,-0.35317776428217007,-0.4872228839185013,0.9836337901225568
1.441280472529256,0.1241891918539922,0.6715480858892972,0.4872389483982698,0.775969637179088,"Yes",-1.080753533219374,1.0807535332193738,1.0176557462730738,-1.017655746273074,-0.6636876283399649,-0.6001530417063533,-0.4666998712158976,-0.28665106169144244,2.1777004638711976,-0.58475601520244,-0.4635210479006337,-0.6171176987768593,2.185306951892214,0.6777862204146242,-0.6777862204146242,-0.7594141025684279,-0.4394588774981491,2.0503963031570267,-0.45073946463777664,-0.35317776428217007,-0.4872228839185013,0.9836337901225568
-1.344967804391357,-0.5192781234516669,-0.5583934633584997,-0.4018832202117115,0.5998130793631771,"Yes",0.9243550627349376,-0.9243550627349376,1.0176557462730738,-1.017655746273074,-0.6636876283399649,1.6645754175629042,-0.4666998712158976,-0.28665106169144244,-0.4587407756823103,-0.58475601520244,2.1552419345888225,-0.6171176987768593,-0.4571440177477062,0.6777862204146242,-0.6777862204146242,-0.7594141025684279,-0.4394588774981491,-0.4872228839185013,2.2163579592543923,-0.35317776428217007,-0.4872228839185013,0.9836337901225568
-0.19748009198214295,-0.8410117811044965,-1.173364237982398,0.4872389483982698,-1.2498307777038882,"No",-1.080753533219374,1.0807535332193738,-0.9816679202752047,0.9816679202752049,-0.6636876283399649,1.6645754175629042,-0.4666998712158976,-0.28665106169144244,-0.4587407756823103,1.7084048287286975,-0.4635210479006337,-0.6171176987768593,-0.4571440177477062,0.6777862204146242,-0.6777862204146242,-0.7594141025684279,-0.4394588774981491,2.0503963031570267,-0.45073946463777664,-0.35317776428217007,-0.4872228839185013,0.9836337901225568
-1.5460025649584865,0.1241891918539922,1.2865188605131956,0.4872389483982698,-0.10481315190046682,"No",-1.080753533219374,1.0807535332193738,-0.9816679202752047,0.9816679202752049,1.5052261897644954,-0.6001530417063533,-0.4666998712158976,-0.28665106169144244,-0.4587407756823103,1.7084048287286975,-0.4635210479006337,-0.6171176987768593,-0.4571440177477062,-1.473916066615929,1.473916066615929,1.3154878170174407,-0.4394588774981491,-0.4872228839185013,-0.45073946463777664,-0.35317776428217007,-0.4872228839185013,0.9836337901225568
-0.606094930902308,-0.8410117811044965,-1.173364237982398,0.4872389483982698,-1.60214389333571,"No",0.9243550627349376,-0.9243550627349376,-0.9816679202752047,0.9816679202752049,-0.6636876283399649,-0.6001530417063533,2.1405619791522454,-0.28665106169144244,-0.4587407756823103,1.7084048287286975,-0.4635210479006337,-0.6171176987768593,-0.4571440177477062,0.6777862204146242,-0.6777862204146242,-0.7594141025684279,-0.4394588774981491,2.0503963031570267,-0.45073946463777664,-0.35317776428217007,-0.4872228839185013,0.9836337901225568
1.5527378839692645,2.376324795423799,-0.5583934633584997,-0.4018832202117115,0.07134340591544414,"No",-1.080753533219374,1.0807535332193738,1.0176557462730738,-1.017655746273074,1.5052261897644954,-0.6001530417063533,-0.4666998712158976,-0.28665106169144244,-0.4587407756823103,-0.58475601520244,-0.4635210479006337,-0.6171176987768593,2.185306951892214,-1.473916066615929,1.473916066615929,-0.7594141025684279,2.273250242860796,-0.4872228839185013,-0.45073946463777664,-0.35317776428217007,-0.4872228839185013,0.9836337901225568
0.5943163510329504,-0.19754446579883733,-0.5583934633584997,-1.2910053888216928,-0.8975176620720662,"Yes",0.9243550627349376,-0.9243550627349376,-0.9816679202752047,0.9816679202752049,1.5052261897644954,-0.6001530417063533,-0.4666998712158976,-0.28665106169144244,-0.4587407756823103,1.7084048287286975,-0.4635210479006337,-0.6171176987768593,-0.4571440177477062,0.6777862204146242,-0.6777862204146242,1.3154878170174407,-0.4394588774981491,-0.4872228839185013,-0.45073946463777664,-0.35317776428217007,-0.4872228839185013,0.9836337901225568
0.6377024574995309,0.44592284950682176,-0.5583934633584997,-0.4018832202117115,-0.016734872992511342,"Yes",0.9243550627349376,-0.9243550627349376,-0.9816679202752047,0.9816679202752049,1.5052261897644954,-0.6001530417063533,-0.4666998712158976,-0.28665106169144244,-0.4587407756823103,-0.58475601520244,-0.4635210479006337,1.6188159924436452,-0.4571440177477062,0.6777862204146242,-0.6777862204146242,-0.7594141025684279,2.273250242860796,-0.4872228839185013,-0.45073946463777664,-0.35317776428217007,-0.4872228839185013,0.9836337901225568
1.1228040099750038,0.1241891918539922,1.2865188605131956,0.4872389483982698,-0.2809697097163778,"Yes",-1.080753533219374,1.0807535332193738,1.0176557462730738,-1.017655746273074,1.5052261897644954,-0.6001530417063533,-0.4666998712158976,-0.28665106169144244,-0.4587407756823103,1.7084048287286975,-0.4635210479006337,-0.6171176987768593,-0.4571440177477062,-1.473916066615929,1.473916066615929,1.3154878170174407,-0.4394588774981491,-0.4872228839185013,-0.45073946463777664,-0.35317776428217007,-0.4872228839185013,0.9836337901225568
1.5151490589702012,0.7676565071596513,0.6715480858892972,-1.2910053888216928,-0.7213611042561552,"Yes",-1.080753533219374,1.0807535332193738,1.0176557462730738,-1.017655746273074,-0.6636876283399649,-0.6001530417063533,-0.4666998712158976,-0.28665106169144244,2.1777004638711976,-0.58475601520244,-0.4635210479006337,1.6188159924436452,-0.4571440177477062,-1.473916066615929,1.473916066615929,1.3154878170174407,-0.4394588774981491,-0.4872228839185013,-0.45073946463777664,-0.35317776428217007,-0.4872228839185013,0.9836337901225568
-0.2947248133727543,0.7676565071596513,1.901489635137094,0.4872389483982698,-0.016734872992511342,"No",0.9243550627349376,-0.9243550627349376,-0.9816679202752047,0.9816679202752049,-0.6636876283399649,1.6645754175629042,-0.4666998712158976,-0.28665106169144244,-0.4587407756823103,-0.58475601520244,-0.4635210479006337,1.6188159924436452,-0.4571440177477062,0.6777862204146242,-0.6777862204146242,1.3154878170174407,-0.4394588774981491,-0.4872228839185013,-0.45073946463777664,-0.35317776428217007,-0.4872228839185013,0.9836337901225568
1.7103865380698133,0.1241891918539922,-1.173364237982398,0.4872389483982698,-1.2498307777038882,"No",-1.080753533219374,1.0807535332193738,-0.9816679202752047,0.9816679202752049,-0.6636876283399649,1.6645754175629042,-0.4666998712158976,-0.28665106169144244,-0.4587407756823103,-0.58475601520244,-0.4635210479006337,1.6188159924436452,-0.4571440177477062,-1.473916066615929,1.473916066615929,-0.7594141025684279,-0.4394588774981491,-0.4872228839185013,2.2163579592543923,-0.35317776428217007,-0.4872228839185013,0.9836337901225568
-1.0988638556412715,-0.8410117811044965,-1.173364237982398,0.4872389483982698,-1.425987335519799,"No",0.9243550627349376,-0.9243550627349376,1.0176557462730738,-1.017655746273074,-0.6636876283399649,-0.6001530417063533,-0.4666998712158976,3.48507343424859,-0.4587407756823103,-0.58475601520244,2.1552419345888225,-0.6171176987768593,-0.4571440177477062,-1.473916066615929,1.473916066615929,1.3154878170174407,-0.4394588774981491,-0.4872228839185013,-0.45073946463777664,-0.35317776428217007,-0.4872228839185013,0.9836337901225568
1.3229037251441464,-1.162745438757326,0.05657731126539871,0.4872389483982698,0.4236565215472661,"No",0.9243550627349376,-0.9243550627349376,-0.9816679202752047,0.9816679202752049,-0.6636876283399649,-0.6001530417063533,-0.4666998712158976,3.48507343424859,-0.4587407756823103,-0.58475601520244,2.1552419345888225,-0.6171176987768593,-0.4571440177477062,0.6777862204146242,-0.6777862204146242,-0.7594141025684279,-0.4394588774981491,-0.4872228839185013,2.2163579592543923,-0.35317776428217007,-0.4872228839185013,0.9836337901225568
0.6569643926980558,1.0893901648124809,-1.173364237982398,0.4872389483982698,-0.10481315190046682,"Yes",-1.080753533219374,1.0807535332193738,-0.9816679202752047,0.9816679202752049,-0.6636876283399649,1.6645754175629042,-0.4666998712158976,-0.28665106169144244,-0.4587407756823103,-0.58475601520244,-0.4635210479006337,1.6188159924436452,-0.4571440177477062,-1.473916066615929,1.473916066615929,1.3154878170174407,-0.4394588774981491,-0.4872228839185013,-0.45073946463777664,-0.35317776428217007,-0.4872228839185013,0.9836337901225568
-0.593004295330495,0.44592284950682176,1.2865188605131956,-0.4018832202117115,1.3044393106268208,"No",0.9243550627349376,-0.9243550627349376,1.0176557462730738,-1.017655746273074,1.5052261897644954,-0.6001530417063533,-0.4666998712158976,-0.28665106169144244,-0.4587407756823103,-0.58475601520244,-0.4635210479006337,-0.6171176987768593,2.185306951892214,0.6777862204146242,-0.6777862204146242,-0.7594141025684279,-0.4394588774981491,-0.4872228839185013,2.2163579592543923,-0.35317776428217007,-0.4872228839185013,0.9836337901225568
0.38299609108796806,-0.8410117811044965,-1.173364237982398,0.4872389483982698,-1.60214389333571,"No",-1.080753533219374,1.0807535332193738,-0.9816679202752047,0.9816679202752049,-0.6636876283399649,-0.6001530417063533,2.1405619791522454,-0.28665106169144244,-0.4587407756823103,1.7084048287286975,-0.4635210479006337,-0.6171176987768593,-0.4571440177477062,0.6777862204146242,-0.6777862204146242,-0.7594141025684279,-0.4394588774981491,2.0503963031570267,-0.45073946463777664,-0.35317776428217007,-0.4872228839185013,0.9836337901225568
-1.2439829014087993,2.0545911377709696,-0.5583934633584997,2.2654832856182323,0.1594216848233996,"Yes",0.9243550627349376,-0.9243550627349376,-0.9816679202752047,0.9816679202752049,-0.6636876283399649,-0.6001530417063533,2.1405619791522454,-0.28665106169144244,-0.4587407756823103,-0.58475601520244,-0.4635210479006337,1.6188159924436452,-0.4571440177477062,0.6777862204146242,-0.6777862204146242,-0.7594141025684279,-0.4394588774981491,2.0503963031570267,-0.45073946463777664,-0.35317776428217007,-0.4872228839185013,0.9836337901225568
-1.5609632913262728,-0.19754446579883733,-1.173364237982398,-1.2910053888216928,-0.9855959409800217,"No",-1.080753533219374,1.0807535332193738,1.0176557462730738,-1.017655746273074,-0.6636876283399649,-0.6001530417063533,-0.4666998712158976,-0.28665106169144244,2.1777004638711976,1.7084048287286975,-0.4635210479006337,-0.6171176987768593,-0.4571440177477062,0.6777862204146242,-0.6777862204146242,-0.7594141025684279,-0.4394588774981491,-0.4872228839185013,2.2163579592543923,-0.35317776428217007,-0.4872228839185013,0.9836337901225568
1.71412671966176,-0.5192781234516669,-1.173364237982398,-0.4018832202117115,-0.1928914308084223,"Yes",-1.080753533219374,1.0807535332193738,1.0176557462730738,-1.017655746273074,1.5052261897644954,-0.6001530417063533,-0.4666998712158976,-0.28665106169144244,-0.4587407756823103,-0.58475601520244,-0.4635210479006337,1.6188159924436452,-0.4571440177477062,0.6777862204146242,-0.6777862204146242,-0.7594141025684279,2.273250242860796,-0.4872228839185013,-0.45073946463777664,-0.35317776428217007,-0.4872228839185013,0.9836337901225568
-1.6395071047571512,0.44592284950682176,1.2865188605131956,-0.4018832202117115,1.3044393106268208,"No",0.9243550627349376,-0.9243550627349376,1.0176557462730738,-1.017655746273074,1.5052261897644954,-0.6001530417063533,-0.4666998712158976,-0.28665106169144244,-0.4587407756823103,-0.58475601520244,-0.4635210479006337,-0.6171176987768593,2.185306951892214,0.6777862204146242,-0.6777862204146242,-0.7594141025684279,-0.4394588774981491,-0.4872228839185013,-0.45073946463777664,2.8286038959175603,-0.4872228839185013,0.9836337901225568
0.061714492339755844,0.1241891918539922,-1.173364237982398,-0.4018832202117115,-0.9855959409800217,"Yes",-1.080753533219374,1.0807535332193738,1.0176557462730738,-1.017655746273074,-0.6636876283399649,1.6645754175629042,-0.4666998712158976,-0.28665106169144244,-0.4587407756823103,1.7084048287286975,-0.4635210479006337,-0.6171176987768593,-0.4571440177477062,-1.473916066615929,1.473916066615929,-0.7594141025684279,-0.4394588774981491,-0.4872228839185013,2.2163579592543923,-0.35317776428217007,-0.4872228839185013,0.9836337901225568
-0.4525604765529005,0.44592284950682176,-0.5583934633584997,-0.4018832202117115,-0.016734872992511342,"Yes",0.9243550627349376,-0.9243550627349376,1.0176557462730738,-1.017655746273074,-0.6636876283399649,1.6645754175629042,-0.4666998712158976,-0.28665106169144244,-0.4587407756823103,1.7084048287286975,-0.4635210479006337,-0.6171176987768593,-0.4571440177477062,0.6777862204146242,-0.6777862204146242,1.3154878170174407,-0.4394588774981491,-0.4872228839185013,-0.45073946463777664,-0.35317776428217007,-0.4872228839185013,0.9836337901225568
-0.3547547279234971,0.44592284950682176,1.901489635137094,2.2654832856182323,1.3925175895347763,"No",0.9243550627349376,-0.9243550627349376,-0.9816679202752047,0.9816679202752049,1.5052261897644954,-0.6001530417063533,-0.4666998712158976,-0.28665106169144244,-0.4587407756823103,-0.58475601520244,-0.4635210479006337,-0.6171176987768593,2.185306951892214,0.6777862204146242,-0.6777862204146242,-0.7594141025684279,-0.4394588774981491,-0.4872228839185013,-0.45073946463777664,2.8286038959175603,-0.4872228839185013,0.9836337901225568
0.7005375082442337,0.44592284950682176,0.05657731126539871,-0.4018832202117115,1.3044393106268208,"No",-1.080753533219374,1.0807535332193738,1.0176557462730738,-1.017655746273074,1.5052261897644954,-0.6001530417063533,-0.4666998712158976,-0.28665106169144244,-0.4587407756823103,-0.58475601520244,-0.4635210479006337,-0.6171176987768593,2.185306951892214,0.6777862204146242,-0.6777862204146242,-0.7594141025684279,-0.4394588774981491,-0.4872228839185013,-0.45073946463777664,2.8286038959175603,-0.4872228839185013,0.9836337901225568
0.6343362940667789,0.1241891918539922,-1.173364237982398,0.4872389483982698,-1.0736742198879772,"Yes",0.9243550627349376,-0.9243550627349376,-0.9816679202752047,0.9816679202752049,-0.6636876283399649,-0.6001530417063533,2.1405619791522454,-0.28665106169144244,-0.4587407756823103,-0.58475601520244,-0.4635210479006337,1.6188159924436452,-0.4571440177477062,0.6777862204146242,-0.6777862204146242,-0.7594141025684279,-0.4394588774981491,2.0503963031570267,-0.45073946463777664,-0.35317776428217007,-0.4872228839185013,0.9836337901225568
0.103230508010363,0.44592284950682176,0.05657731126539871,-0.4018832202117115,1.2163610317188653,"No",0.9243550627349376,-0.9243550627349376,1.0176557462730738,-1.017655746273074,-0.6636876283399649,1.6645754175629042,-0.4666998712158976,-0.28665106169144244,-0.4587407756823103,-0.58475601520244,-0.4635210479006337,1.6188159924436452,-0.4571440177477062,0.6777862204146242,-0.6777862204146242,-0.7594141025684279,-0.4394588774981491,-0.4872228839185013,-0.45073946463777664,2.8286038959175603,-0.4872228839185013,0.9836337901225568
1.5072946776271134,-0.5192781234516669,0.05657731126539871,0.4872389483982698,1.3044393106268208,"No",0.9243550627349376,-0.9243550627349376,1.0176557462730738,-1.017655746273074,-0.6636876283399649,-0.6001530417063533,2.1405619791522454,-0.28665106169144244,-0.4587407756823103,-0.58475601520244,-0.4635210479006337,1.6188159924436452,-0.4571440177477062,-1.473916066615929,1.473916066615929,-0.7594141025684279,2.273250242860796,-0.4872228839185013,-0.45073946463777664,-0.35317776428217007,-0.4872228839185013,0.9836337901225568
-1.5516128373464064,0.44592284950682176,0.05657731126539871,-0.4018832202117115,-0.5452045464402442,"No",-1.080753533219374,1.0807535332193738,1.0176557462730738,-1.017655746273074,1.5052261897644954,-0.6001530417063533,-0.4666998712158976,-0.28665106169144244,-0.4587407756823103,1.7084048287286975,-0.4635210479006337,-0.6171176987768593,-0.4571440177477062,0.6777862204146242,-0.6777862204146242,-0.7594141025684279,2.273250242860796,-0.4872228839185013,-0.45073946463777664,-0.35317776428217007,-0.4872228839185013,0.9836337901225568
-0.7379363320184253,-0.5192781234516669,-1.173364237982398,0.4872389483982698,-1.425987335519799,"Yes",0.9243550627349376,-0.9243550627349376,-0.9816679202752047,0.9816679202752049,-0.6636876283399649,-0.6001530417063533,2.1405619791522454,-0.28665106169144244,-0.4587407756823103,1.7084048287286975,-0.4635210479006337,-0.6171176987768593,-0.4571440177477062,0.6777862204146242,-0.6777862204146242,-0.7594141025684279,-0.4394588774981491,2.0503963031570267,-0.45073946463777664,-0.35317776428217007,-0.4872228839185013,0.9836337901225568
1.332254179124013,0.1241891918539922,-0.5583934633584997,-1.2910053888216928,-0.6332828253481997,"Yes",0.9243550627349376,-0.9243550627349376,1.0176557462730738,-1.017655746273074,-0.6636876283399649,-0.6001530417063533,-0.4666998712158976,-0.28665106169144244,2.1777004638711976,-0.58475601520244,-0.4635210479006337,1.6188159924436452,-0.4571440177477062,0.6777862204146242,-0.6777862204146242,-0.7594141025684279,2.273250242860796,-0.4872228839185013,-0.45073946463777664,-0.35317776428217007,-0.4872228839185013,0.9836337901225568
1.3524511597205244,0.7676565071596513,-1.173364237982398,-1.2910053888216928,-0.36904798862433325,"No",-1.080753533219374,1.0807535332193738,1.0176557462730738,-1.017655746273074,-0.6636876283399649,-0.6001530417063533,-0.4666998712158976,-0.28665106169144244,2.1777004638711976,1.7084048287286975,-0.4635210479006337,-0.6171176987768593,-0.4571440177477062,-1.473916066615929,1.473916066615929,1.3154878170174407,-0.4394588774981491,-0.4872228839185013,-0.45073946463777664,-0.35317776428217007,-0.4872228839185013,0.9836337901225568
-0.05703627320454843,1.0893901648124809,1.2865188605131956,-0.4018832202117115,-0.5452045464402442,"Yes",-1.080753533219374,1.0807535332193738,-0.9816679202752047,0.9816679202752049,1.5052261897644954,-0.6001530417063533,-0.4666998712158976,-0.28665106169144244,-0.4587407756823103,-0.58475601520244,-0.4635210479006337,-0.6171176987768593,2.185306951892214,0.6777862204146242,-0.6777862204146242,-0.7594141025684279,-0.4394588774981491,-0.4872228839185013,2.2163579592543923,-0.35317776428217007,-0.4872228839185013,0.9836337901225568
1.1895662513912504,0.44592284950682176,1.2865188605131956,-1.2910053888216928,-0.7213611042561552,"Yes",0.9243550627349376,-0.9243550627349376,-0.9816679202752047,0.9816679202752049,-0.6636876283399649,-0.6001530417063533,-0.4666998712158976,-0.28665106169144244,2.1777004638711976,-0.58475601520244,-0.4635210479006337,1.6188159924436452,-0.4571440177477062,0.6777862204146242,-0.6777862204146242,-0.7594141025684279,2.273250242860796,-0.4872228839185013,-0.45073946463777664,-0.35317776428217007,-0.4872228839185013,0.9836337901225568
1.192184378505613,0.44592284950682176,1.901489635137094,0.4872389483982698,-0.6332828253481997,"No",0.9243550627349376,-0.9243550627349376,1.0176557462730738,-1.017655746273074,-0.6636876283399649,-0.6001530417063533,-0.4666998712158976,-0.28665106169144244,2.1777004638711976,-0.58475601520244,-0.4635210479006337,1.6188159924436452,-0.4571440177477062,0.6777862204146242,-0.6777862204146242,1.3154878170174407,-0.4394588774981491,-0.4872228839185013,-0.45073946463777664,-0.35317776428217007,-0.4872228839185013,0.9836337901225568
0.9335508214225063,-0.5192781234516669,1.901489635137094,1.376361117008251,1.3925175895347763,"Yes",-1.080753533219374,1.0807535332193738,1.0176557462730738,-1.017655746273074,-0.6636876283399649,-0.6001530417063533,2.1405619791522454,-0.28665106169144244,-0.4587407756823103,-0.58475601520244,-0.4635210479006337,1.6188159924436452,-0.4571440177477062,-1.473916066615929,1.473916066615929,-0.7594141025684279,2.273250242860796,-0.4872228839185013,-0.45073946463777664,-0.35317776428217007,-0.4872228839185013,0.9836337901225568
-1.249032146557927,1.73285748011814,1.2865188605131956,2.2654832856182323,-0.1928914308084223,"Yes",-1.080753533219374,1.0807535332193738,-0.9816679202752047,0.9816679202752049,1.5052261897644954,-0.6001530417063533,-0.4666998712158976,-0.28665106169144244,-0.4587407756823103,-0.58475601520244,-0.4635210479006337,-0.6171176987768593,2.185306951892214,0.6777862204146242,-0.6777862204146242,-0.7594141025684279,-0.4394588774981491,2.0503963031570267,-0.45073946463777664,-0.35317776428217007,-0.4872228839185013,0.9836337901225568
-1.0234991965635476,0.44592284950682176,0.6715480858892972,0.4872389483982698,0.775969637179088,"No",-1.080753533219374,1.0807535332193738,1.0176557462730738,-1.017655746273074,-0.6636876283399649,-0.6001530417063533,-0.4666998712158976,-0.28665106169144244,2.1777004638711976,-0.58475601520244,-0.4635210479006337,-0.6171176987768593,2.185306951892214,-1.473916066615929,1.473916066615929,-0.7594141025684279,-0.4394588774981491,-0.4872228839185013,2.2163579592543923,-0.35317776428217007,-0.4872228839185013,0.9836337901225568
1.255206438329913,0.7676565071596513,0.05657731126539871,0.4872389483982698,0.4236565215472661,"No",-1.080753533219374,1.0807535332193738,1.0176557462730738,-1.017655746273074,-0.6636876283399649,-0.6001530417063533,-0.4666998712158976,3.48507343424859,-0.4587407756823103,1.7084048287286975,-0.4635210479006337,-0.6171176987768593,-0.4571440177477062,0.6777862204146242,-0.6777862204146242,-0.7594141025684279,-0.4394588774981491,2.0503963031570267,-0.45073946463777664,-0.35317776428217007,-0.4872228839185013,0.9836337901225568
0.6188145404602007,-0.8410117811044965,0.05657731126539871,0.4872389483982698,0.4236565215472661,"No",0.9243550627349376,-0.9243550627349376,-0.9816679202752047,0.9816679202752049,-0.6636876283399649,-0.6001530417063533,2.1405619791522454,-0.28665106169144244,-0.4587407756823103,1.7084048287286975,-0.4635210479006337,-0.6171176987768593,-0.4571440177477062,0.6777862204146242,-0.6777862204146242,-0.7594141025684279,-0.4394588774981491,-0.4872228839185013,2.2163579592543923,-0.35317776428217007,-0.4872228839185013,0.9836337901225568
-1.6262294601057408,2.376324795423799,0.05657731126539871,1.376361117008251,-0.1928914308084223,"Yes",0.9243550627349376,-0.9243550627349376,-0.9816679202752047,0.9816679202752049,-0.6636876283399649,-0.6001530417063533,-0.4666998712158976,-0.28665106169144244,2.1777004638711976,-0.58475601520244,-0.4635210479006337,-0.6171176987768593,2.185306951892214,0.6777862204146242,-0.6777862204146242,1.3154878170174407,-0.4394588774981491,-0.4872228839185013,-0.45073946463777664,-0.35317776428217007,-0.4872228839185013,0.9836337901225568
0.022068567465121973,-1.162745438757326,0.05657731126539871,0.4872389483982698,0.775969637179088,"No",0.9243550627349376,-0.9243550627349376,-0.9816679202752047,0.9816679202752049,-0.6636876283399649,-0.6001530417063533,2.1405619791522454,-0.28665106169144244,-0.4587407756823103,-0.58475601520244,-0.4635210479006337,-0.6171176987768593,-0.4571440177477062,-1.473916066615929,1.473916066615929,1.3154878170174407,-0.4394588774981491,-0.4872228839185013,-0.45073946463777664,-0.35317776428217007,-0.4872228839185013,0.9836337901225568
-0.7147472061483565,0.44592284950682176,-0.5583934633584997,-0.4018832202117115,0.1594216848233996,"Yes",0.9243550627349376,-0.9243550627349376,-0.9816679202752047,0.9816679202752049,-0.6636876283399649,-0.6001530417063533,-0.4666998712158976,-0.28665106169144244,2.1777004638711976,-0.58475601520244,-0.4635210479006337,1.6188159924436452,-0.4571440177477062,0.6777862204146242,-0.6777862204146242,1.3154878170174407,-0.4394588774981491,-0.4872228839185013,-0.45073946463777664,-0.35317776428217007,-0.4872228839185013,0.9836337901225568
1.4521269991459012,-0.5192781234516669,-1.173364237982398,0.4872389483982698,-1.5140656144277544,"No",0.9243550627349376,-0.9243550627349376,-0.9816679202752047,0.9816679202752049,-0.6636876283399649,-0.6001530417063533,2.1405619791522454,-0.28665106169144244,-0.4587407756823103,1.7084048287286975,-0.4635210479006337,-0.6171176987768593,-0.4571440177477062,0.6777862204146242,-0.6777862204146242,-0.7594141025684279,-0.4394588774981491,2.0503963031570267,-0.45073946463777664,-0.35317776428217007,-0.4872228839185013,0.9836337901225568
-1.511031867073786,0.1241891918539922,0.6715480858892972,-0.4018832202117115,0.3355782426393106,"Yes",0.9243550627349376,-0.9243550627349376,1.0176557462730738,-1.017655746273074,1.5052261897644954,-0.6001530417063533,-0.4666998712158976,-0.28665106169144244,-0.4587407756823103,-0.58475601520244,-0.4635210479006337,1.6188159924436452,-0.4571440177477062,0.6777862204146242,-0.6777862204146242,1.3154878170174407,-0.4394588774981491,-0.4872228839185013,-0.45073946463777664,-0.35317776428217007,-0.4872228839185013,0.9836337901225568
0.8149870649577994,0.1241891918539922,1.2865188605131956,0.4872389483982698,-0.2809697097163778,"Yes",-1.080753533219374,1.0807535332193738,1.0176557462730738,-1.017655746273074,1.5052261897644954,-0.6001530417063533,-0.4666998712158976,-0.28665106169144244,-0.4587407756823103,1.7084048287286975,-0.4635210479006337,-0.6171176987768593,-0.4571440177477062,0.6777862204146242,-0.6777862204146242,-0.7594141025684279,2.273250242860796,-0.4872228839185013,-0.45073946463777664,-0.35317776428217007,-0.4872228839185013,0.9836337901225568
0.4215199614850179,0.1241891918539922,0.05657731126539871,0.4872389483982698,0.4236565215472661,"Yes",0.9243550627349376,-0.9243550627349376,-0.9816679202752047,0.9816679202752049,-0.6636876283399649,-0.6001530417063533,2.1405619791522454,-0.28665106169144244,-0.4587407756823103,-0.58475601520244,-0.4635210479006337,1.6188159924436452,-0.4571440177477062,-1.473916066615929,1.473916066615929,-0.7594141025684279,-0.4394588774981491,-0.4872228839185013,2.2163579592543923,-0.35317776428217007,-0.4872228839185013,0.9836337901225568
1.2452949571112546,0.1241891918539922,-1.173364237982398,-0.4018832202117115,-0.5452045464402442,"Yes",-1.080753533219374,1.0807535332193738,1.0176557462730738,-1.017655746273074,-0.6636876283399649,-0.6001530417063533,-0.4666998712158976,-0.28665106169144244,2.1777004638711976,-0.58475601520244,-0.4635210479006337,1.6188159924436452,-0.4571440177477062,0.6777862204146242,-0.6777862204146242,-0.7594141025684279,2.273250242860796,-0.4872228839185013,-0.45073946463777664,-0.35317776428217007,-0.4872228839185013,0.9836337901225568
0.5724362887200629,2.376324795423799,-0.5583934633584997,2.2654832856182323,-0.016734872992511342,"No",-1.080753533219374,1.0807535332193738,-0.9816679202752047,0.9816679202752049,1.5052261897644954,-0.6001530417063533,-0.4666998712158976,-0.28665106169144244,-0.4587407756823103,-0.58475601520244,-0.4635210479006337,-0.6171176987768593,2.185306951892214,-1.473916066615929,1.473916066615929,1.3154878170174407,-0.4394588774981491,-0.4872228839185013,-0.45073946463777664,-0.35317776428217007,-0.4872228839185013,0.9836337901225568
-0.5795396415994872,2.376324795423799,-0.5583934633584997,1.376361117008251,0.07134340591544414,"Yes",-1.080753533219374,1.0807535332193738,1.0176557462730738,-1.017655746273074,1.5052261897644954,-0.6001530417063533,-0.4666998712158976,-0.28665106169144244,-0.4587407756823103,-0.58475601520244,-0.4635210479006337,-0.6171176987768593,2.185306951892214,-1.473916066615929,1.473916066615929,1.3154878170174407,-0.4394588774981491,-0.4872228839185013,-0.45073946463777664,-0.35317776428217007,-0.4872228839185013,0.9836337901225568
-1.0195720058920037,-0.8410117811044965,-1.173364237982398,-0.4018832202117115,-1.60214389333571,"No",-1.080753533219374,1.0807535332193738,1.0176557462730738,-1.017655746273074,-0.6636876283399649,1.6645754175629042,-0.4666998712158976,-0.28665106169144244,-0.4587407756823103,1.7084048287286975,-0.4635210479006337,-0.6171176987768593,-0.4571440177477062,0.6777862204146242,-0.6777862204146242,-0.7594141025684279,-0.4394588774981491,2.0503963031570267,-0.45073946463777664,-0.35317776428217007,-0.4872228839185013,0.9836337901225568
-0.06208551835367633,-0.5192781234516669,-1.173364237982398,-0.4018832202117115,-1.1617524987959327,"No",0.9243550627349376,-0.9243550627349376,-0.9816679202752047,0.9816679202752049,-0.6636876283399649,-0.6001530417063533,2.1405619791522454,-0.28665106169144244,-0.4587407756823103,1.7084048287286975,-0.4635210479006337,-0.6171176987768593,-0.4571440177477062,0.6777862204146242,-0.6777862204146242,-0.7594141025684279,-0.4394588774981491,2.0503963031570267,-0.45073946463777664,-0.35317776428217007,-0.4872228839185013,0.9836337901225568
-0.27340577829865875,0.44592284950682176,0.05657731126539871,0.4872389483982698,0.4236565215472661,"No",0.9243550627349376,-0.9243550627349376,-0.9816679202752047,0.9816679202752049,-0.6636876283399649,-0.6001530417063533,-0.4666998712158976,3.48507343424859,-0.4587407756823103,1.7084048287286975,-0.4635210479006337,-0.6171176987768593,-0.4571440177477062,-1.473916066615929,1.473916066615929,-0.7594141025684279,-0.4394588774981491,-0.4872228839185013,2.2163579592543923,-0.35317776428217007,-0.4872228839185013,0.9836337901225568
1.651852696155849,-0.5192781234516669,0.05657731126539871,-0.4018832202117115,0.2474999637313551,"Yes",-1.080753533219374,1.0807535332193738,1.0176557462730738,-1.017655746273074,-0.6636876283399649,1.6645754175629042,-0.4666998712158976,-0.28665106169144244,-0.4587407756823103,-0.58475601520244,2.1552419345888225,-0.6171176987768593,-0.4571440177477062,-1.473916066615929,1.473916066615929,-0.7594141025684279,-0.4394588774981491,-0.4872228839185013,2.2163579592543923,-0.35317776428217007,-0.4872228839185013,0.9836337901225568
-1.6346448686876207,0.1241891918539922,0.05657731126539871,-0.4018832202117115,0.952126194994999,"No",0.9243550627349376,-0.9243550627349376,1.0176557462730738,-1.017655746273074,-0.6636876283399649,1.6645754175629042,-0.4666998712158976,-0.28665106169144244,-0.4587407756823103,-0.58475601520244,-0.4635210479006337,1.6188159924436452,-0.4571440177477062,0.6777862204146242,-0.6777862204146242,-0.7594141025684279,-0.4394588774981491,-0.4872228839185013,-0.45073946463777664,2.8286038959175603,-0.4872228839185013,0.9836337901225568
-0.43180246871759687,-0.5192781234516669,1.2865188605131956,-1.2910053888216928,-1.2498307777038882,"No",0.9243550627349376,-0.9243550627349376,-0.9816679202752047,0.9816679202752049,-0.6636876283399649,1.6645754175629042,-0.4666998712158976,-0.28665106169144244,-0.4587407756823103,-0.58475601520244,2.1552419345888225,-0.6171176987768593,-0.4571440177477062,-1.473916066615929,1.473916066615929,1.3154878170174407,-0.4394588774981491,-0.4872228839185013,-0.45073946463777664,-0.35317776428217007,-0.4872228839185013,0.9836337901225568
-0.9449553831326692,-0.5192781234516669,-0.5583934633584997,-0.4018832202117115,0.3355782426393106,"Yes",0.9243550627349376,-0.9243550627349376,1.0176557462730738,-1.017655746273074,-0.6636876283399649,1.6645754175629042,-0.4666998712158976,-0.28665106169144244,-0.4587407756823103,-0.58475601520244,2.1552419345888225,-0.6171176987768593,-0.4571440177477062,0.6777862204146242,-0.6777862204146242,-0.7594141025684279,-0.4394588774981491,-0.4872228839185013,2.2163579592543923,-0.35317776428217007,-0.4872228839185013,0.9836337901225568
-1.1012949736760367,-0.8410117811044965,-1.173364237982398,0.4872389483982698,-1.2498307777038882,"No",-1.080753533219374,1.0807535332193738,-0.9816679202752047,0.9816679202752049,-0.6636876283399649,-0.6001530417063533,2.1405619791522454,-0.28665106169144244,-0.4587407756823103,1.7084048287286975,-0.4635210479006337,-0.6171176987768593,-0.4571440177477062,0.6777862204146242,-0.6777862204146242,-0.7594141025684279,-0.4394588774981491,2.0503963031570267,-0.45073946463777664,-0.35317776428217007,-0.4872228839185013,0.9836337901225568
-1.247349064841551,1.73285748011814,-0.5583934633584997,1.376361117008251,0.07134340591544414,"No",0.9243550627349376,-0.9243550627349376,-0.9816679202752047,0.9816679202752049,1.5052261897644954,-0.6001530417063533,-0.4666998712158976,-0.28665106169144244,-0.4587407756823103,-0.58475601520244,-0.4635210479006337,-0.6171176987768593,2.185306951892214,0.6777862204146242,-0.6777862204146242,-0.7594141025684279,-0.4394588774981491,2.0503963031570267,-0.45073946463777664,-0.35317776428217007,-0.4872228839185013,0.9836337901225568
0.10640966236351761,0.44592284950682176,1.2865188605131956,-0.4018832202117115,1.0402044739029543,"No",0.9243550627349376,-0.9243550627349376,1.0176557462730738,-1.017655746273074,-0.6636876283399649,1.6645754175629042,-0.4666998712158976,-0.28665106169144244,-0.4587407756823103,-0.58475601520244,-0.4635210479006337,1.6188159924436452,-0.4571440177477062,0.6777862204146242,-0.6777862204146242,-0.7594141025684279,-0.4394588774981491,-0.4872228839185013,-0.45073946463777664,2.8286038959175603,-0.4872228839185013,0.9836337901225568
-1.4051847280216974,0.1241891918539922,1.2865188605131956,-1.2910053888216928,0.2474999637313551,"Yes",0.9243550627349376,-0.9243550627349376,-0.9816679202752047,0.9816679202752049,-0.6636876283399649,-0.6001530417063533,-0.4666998712158976,-0.28665106169144244,2.1777004638711976,1.7084048287286975,-0.4635210479006337,-0.6171176987768593,-0.4571440177477062,0.6777862204146242,-0.6777862204146242,-0.7594141025684279,-0.4394588774981491,-0.4872228839185013,2.2163579592543923,-0.35317776428217007,-0.4872228839185013,0.9836337901225568
1.510473831980268,0.1241891918539922,0.05657731126539871,-1.2910053888216928,1.0402044739029543,"No",0.9243550627349376,-0.9243550627349376,1.0176557462730738,-1.017655746273074,1.5052261897644954,-0.6001530417063533,-0.4666998712158976,-0.28665106169144244,-0.4587407756823103,-0.58475601520244,-0.4635210479006337,-0.6171176987768593,2.185306951892214,0.6777862204146242,-0.6777862204146242,-0.7594141025684279,-0.4394588774981491,-0.4872228839185013,-0.45073946463777664,2.8286038959175603,-0.4872228839185013,0.9836337901225568
-1.3107451428250458,0.44592284950682176,-0.5583934633584997,-0.4018832202117115,-0.016734872992511342,"No",-1.080753533219374,1.0807535332193738,1.0176557462730738,-1.017655746273074,1.5052261897644954,-0.6001530417063533,-0.4666998712158976,-0.28665106169144244,-0.4587407756823103,-0.58475601520244,-0.4635210479006337,1.6188159924436452,-0.4571440177477062,-1.473916066615929,1.473916066615929,1.3154878170174407,-0.4394588774981491,-0.4872228839185013,-0.45073946463777664,-0.35317776428217007,-0.4872228839185013,0.9836337901225568
-0.8516378524136018,2.376324795423799,0.05657731126539871,1.376361117008251,2.1852220997063756,"No",0.9243550627349376,-0.9243550627349376,-0.9816679202752047,0.9816679202752049,-0.6636876283399649,-0.6001530417063533,-0.4666998712158976,-0.28665106169144244,2.1777004638711976,-0.58475601520244,-0.4635210479006337,-0.6171176987768593,2.185306951892214,0.6777862204146242,-0.6777862204146242,-0.7594141025684279,2.273250242860796,-0.4872228839185013,-0.45073946463777664,-0.35317776428217007,-0.4872228839185013,0.9836337901225568
0.10248247169197369,0.44592284950682176,0.05657731126539871,-0.4018832202117115,1.3044393106268208,"No",0.9243550627349376,-0.9243550627349376,1.0176557462730738,-1.017655746273074,-0.6636876283399649,1.6645754175629042,-0.4666998712158976,-0.28665106169144244,-0.4587407756823103,-0.58475601520244,-0.4635210479006337,1.6188159924436452,-0.4571440177477062,0.6777862204146242,-0.6777862204146242,-0.7594141025684279,2.273250242860796,-0.4872228839185013,-0.45073946463777664,-0.35317776428217007,-0.4872228839185013,0.9836337901225568
0.1481126871137221,-0.8410117811044965,0.05657731126539871,0.4872389483982698,0.5117348004552216,"No",0.9243550627349376,-0.9243550627349376,-0.9816679202752047,0.9816679202752049,-0.6636876283399649,-0.6001530417063533,2.1405619791522454,-0.28665106169144244,-0.4587407756823103,1.7084048287286975,-0.4635210479006337,-0.6171176987768593,-0.4571440177477062,0.6777862204146242,-0.6777862204146242,-0.7594141025684279,-0.4394588774981491,-0.4872228839185013,2.2163579592543923,-0.35317776428217007,-0.4872228839185013,0.9836337901225568
-1.526927638839559,0.1241891918539922,-0.5583934633584997,-1.2910053888216928,-0.7213611042561552,"No",0.9243550627349376,-0.9243550627349376,-0.9816679202752047,0.9816679202752049,-0.6636876283399649,-0.6001530417063533,-0.4666998712158976,-0.28665106169144244,2.1777004638711976,-0.58475601520244,-0.4635210479006337,1.6188159924436452,-0.4571440177477062,0.6777862204146242,-0.6777862204146242,-0.7594141025684279,2.273250242860796,-0.4872228839185013,-0.45073946463777664,-0.35317776428217007,-0.4872228839185013,0.9836337901225568
0.419836879768642,0.1241891918539922,-1.173364237982398,0.4872389483982698,-1.0736742198879772,"No",0.9243550627349376,-0.9243550627349376,-0.9816679202752047,0.9816679202752049,-0.6636876283399649,1.6645754175629042,-0.4666998712158976,-0.28665106169144244,-0.4587407756823103,-0.58475601520244,-0.4635210479006337,1.6188159924436452,-0.4571440177477062,0.6777862204146242,-0.6777862204146242,-0.7594141025684279,-0.4394588774981491,2.0503963031570267,-0.45073946463777664,-0.35317776428217007,-0.4872228839185013,0.9836337901225568
1.5187022314825505,-0.5192781234516669,-1.173364237982398,-0.4018832202117115,-1.5140656144277544,"No",-1.080753533219374,1.0807535332193738,1.0176557462730738,-1.017655746273074,-0.6636876283399649,1.6645754175629042,-0.4666998712158976,-0.28665106169144244,-0.4587407756823103,1.7084048287286975,-0.4635210479006337,-0.6171176987768593,-0.4571440177477062,-1.473916066615929,1.473916066615929,-0.7594141025684279,-0.4394588774981491,-0.4872228839185013,2.2163579592543923,-0.35317776428217007,-0.4872228839185013,0.9836337901225568
0.6923091087419512,-0.5192781234516669,1.2865188605131956,0.4872389483982698,1.3044393106268208,"Yes",0.9243550627349376,-0.9243550627349376,1.0176557462730738,-1.017655746273074,-0.6636876283399649,-0.6001530417063533,2.1405619791522454,-0.28665106169144244,-0.4587407756823103,-0.58475601520244,-0.4635210479006337,1.6188159924436452,-0.4571440177477062,0.6777862204146242,-0.6777862204146242,-0.7594141025684279,-0.4394588774981491,2.0503963031570267,-0.45073946463777664,-0.35317776428217007,-0.4872228839185013,0.9836337901225568
1.3978943660626757,0.1241891918539922,0.6715480858892972,0.4872389483982698,0.775969637179088,"No",0.9243550627349376,-0.9243550627349376,-0.9816679202752047,0.9816679202752049,-0.6636876283399649,-0.6001530417063533,2.1405619791522454,-0.28665106169144244,-0.4587407756823103,-0.58475601520244,-0.4635210479006337,1.6188159924436452,-0.4571440177477062,-1.473916066615929,1.473916066615929,-0.7594141025684279,2.273250242860796,-0.4872228839185013,-0.45073946463777664,-0.35317776428217007,-0.4872228839185013,0.9836337901225568
1.3642327317351564,-0.5192781234516669,-0.5583934633584997,-0.4018832202117115,-0.7213611042561552,"Yes",0.9243550627349376,-0.9243550627349376,-0.9816679202752047,0.9816679202752049,1.5052261897644954,-0.6001530417063533,-0.4666998712158976,-0.28665106169144244,-0.4587407756823103,1.7084048287286975,-0.4635210479006337,-0.6171176987768593,-0.4571440177477062,-1.473916066615929,1.473916066615929,1.3154878170174407,-0.4394588774981491,-0.4872228839185013,-0.45073946463777664,-0.35317776428217007,-0.4872228839185013,0.9836337901225568
-0.24628946175704597,-0.8410117811044965,-0.5583934633584997,0.4872389483982698,0.5998130793631771,"Yes",-1.080753533219374,1.0807535332193738,-0.9816679202752047,0.9816679202752049,-0.6636876283399649,-0.6001530417063533,2.1405619791522454,-0.28665106169144244,-0.4587407756823103,-0.58475601520244,2.1552419345888225,-0.6171176987768593,-0.4571440177477062,0.6777862204146242,-0.6777862204146242,-0.7594141025684279,-0.4394588774981491,-0.4872228839185013,2.2163579592543923,-0.35317776428217007,-0.4872228839185013,0.9836337901225568
0.32689336720876916,0.7676565071596513,1.901489635137094,-1.2910053888216928,0.2474999637313551,"No",-1.080753533219374,1.0807535332193738,1.0176557462730738,-1.017655746273074,-0.6636876283399649,-0.6001530417063533,-0.4666998712158976,-0.28665106169144244,2.1777004638711976,1.7084048287286975,-0.4635210479006337,-0.6171176987768593,-0.4571440177477062,-1.473916066615929,1.473916066615929,1.3154878170174407,-0.4394588774981491,-0.4872228839185013,-0.45073946463777664,-0.35317776428217007,-0.4872228839185013,0.9836337901225568
0.6079680138435555,0.1241891918539922,0.6715480858892972,-1.2910053888216928,-0.10481315190046682,"Yes",-1.080753533219374,1.0807535332193738,1.0176557462730738,-1.017655746273074,-0.6636876283399649,-0.6001530417063533,-0.4666998712158976,-0.28665106169144244,2.1777004638711976,-0.58475601520244,-0.4635210479006337,1.6188159924436452,-0.4571440177477062,0.6777862204146242,-0.6777862204146242,-0.7594141025684279,2.273250242860796,-0.4872228839185013,-0.45073946463777664,-0.35317776428217007,-0.4872228839185013,0.9836337901225568
0.7164332800100066,-1.162745438757326,0.6715480858892972,0.4872389483982698,0.5117348004552216,"No",-1.080753533219374,1.0807535332193738,-0.9816679202752047,0.9816679202752049,-0.6636876283399649,-0.6001530417063533,-0.4666998712158976,3.48507343424859,-0.4587407756823103,-0.58475601520244,2.1552419345888225,-0.6171176987768593,-0.4571440177477062,-1.473916066615929,1.473916066615929,1.3154878170174407,-0.4394588774981491,-0.4872228839185013,-0.45073946463777664,-0.35317776428217007,-0.4872228839185013,0.9836337901225568
-1.2623097912093375,0.1241891918539922,1.901489635137094,1.376361117008251,1.3044393106268208,"No",0.9243550627349376,-0.9243550627349376,1.0176557462730738,-1.017655746273074,1.5052261897644954,-0.6001530417063533,-0.4666998712158976,-0.28665106169144244,-0.4587407756823103,-0.58475601520244,-0.4635210479006337,-0.6171176987768593,2.185306951892214,0.6777862204146242,-0.6777862204146242,-0.7594141025684279,-0.4394588774981491,-0.4872228839185013,-0.45073946463777664,2.8286038959175603,-0.4872228839185013,0.9836337901225568
0.12922477007439181,-0.19754446579883733,0.05657731126539871,-1.2910053888216928,-0.6332828253481997,"Yes",-1.080753533219374,1.0807535332193738,-0.9816679202752047,0.9816679202752049,1.5052261897644954,-0.6001530417063533,-0.4666998712158976,-0.28665106169144244,-0.4587407756823103,1.7084048287286975,-0.4635210479006337,-0.6171176987768593,-0.4571440177477062,0.6777862204146242,-0.6777862204146242,-0.7594141025684279,2.273250242860796,-0.4872228839185013,-0.45073946463777664,-0.35317776428217007,-0.4872228839185013,0.9836337901225568
-1.3247708237948457,-0.19754446579883733,-0.5583934633584997,-1.2910053888216928,-0.9855959409800217,"Yes",0.9243550627349376,-0.9243550627349376,-0.9816679202752047,0.9816679202752049,-0.6636876283399649,-0.6001530417063533,-0.4666998712158976,-0.28665106169144244,2.1777004638711976,1.7084048287286975,-0.4635210479006337,-0.6171176987768593,-0.4571440177477062,0.6777862204146242,-0.6777862204146242,1.3154878170174407,-0.4394588774981491,-0.4872228839185013,-0.45073946463777664,-0.35317776428217007,-0.4872228839185013,0.9836337901225568
1.1112094470399694,0.1241891918539922,-1.173364237982398,-0.4018832202117115,-1.5140656144277544,"No",0.9243550627349376,-0.9243550627349376,1.0176557462730738,-1.017655746273074,-0.6636876283399649,1.6645754175629042,-0.4666998712158976,-0.28665106169144244,-0.4587407756823103,1.7084048287286975,-0.4635210479006337,-0.6171176987768593,-0.4571440177477062,-1.473916066615929,1.473916066615929,-0.7594141025684279,-0.4394588774981491,-0.4872228839185013,2.2163579592543923,-0.35317776428217007,-0.4872228839185013,0.9836337901225568
-0.6008586766735828,0.44592284950682176,-1.173364237982398,0.4872389483982698,-0.8975176620720662,"Yes",-1.080753533219374,1.0807535332193738,1.0176557462730738,-1.017655746273074,-0.6636876283399649,1.6645754175629042,-0.4666998712158976,-0.28665106169144244,-0.4587407756823103,1.7084048287286975,-0.4635210479006337,-0.6171176987768593,-0.4571440177477062,0.6777862204146242,-0.6777862204146242,-0.7594141025684279,-0.4394588774981491,2.0503963031570267,-0.45073946463777664,-0.35317776428217007,-0.4872228839185013,0.9836337901225568
-1.0019931524098546,-0.19754446579883733,1.2865188605131956,1.376361117008251,-0.1928914308084223,"No",0.9243550627349376,-0.9243550627349376,-0.9816679202752047,0.9816679202752049,1.5052261897644954,-0.6001530417063533,-0.4666998712158976,-0.28665106169144244,-0.4587407756823103,1.7084048287286975,-0.4635210479006337,-0.6171176987768593,-0.4571440177477062,0.6777862204146242,-0.6777862204146242,-0.7594141025684279,-0.4394588774981491,-0.4872228839185013,-0.45073946463777664,2.8286038959175603,-0.4872228839185013,0.9836337901225568
0.9374780120940502,0.1241891918539922,0.05657731126539871,0.4872389483982698,1.1282827528109098,"Yes",0.9243550627349376,-0.9243550627349376,1.0176557462730738,-1.017655746273074,-0.6636876283399649,1.6645754175629042,-0.4666998712158976,-0.28665106169144244,-0.4587407756823103,-0.58475601520244,-0.4635210479006337,1.6188159924436452,-0.4571440177477062,0.6777862204146242,-0.6777862204146242,-0.7594141025684279,2.273250242860796,-0.4872228839185013,-0.45073946463777664,-0.35317776428217007,-0.4872228839185013,0.9836337901225568
-1.2441699104883965,2.0545911377709696,-0.5583934633584997,2.2654832856182323,0.07134340591544414,"No",0.9243550627349376,-0.9243550627349376,1.0176557462730738,-1.017655746273074,-0.6636876283399649,-0.6001530417063533,2.1405619791522454,-0.28665106169144244,-0.4587407756823103,-0.58475601520244,-0.4635210479006337,1.6188159924436452,-0.4571440177477062,-1.473916066615929,1.473916066615929,-0.7594141025684279,2.273250242860796,-0.4872228839185013,-0.45073946463777664,-0.35317776428217007,-0.4872228839185013,0.9836337901225568
-0.1896257106390551,1.4111238224653104,1.2865188605131956,2.2654832856182323,-0.36904798862433325,"No",0.9243550627349376,-0.9243550627349376,1.0176557462730738,-1.017655746273074,1.5052261897644954,-0.6001530417063533,-0.4666998712158976,-0.28665106169144244,-0.4587407756823103,-0.58475601520244,-0.4635210479006337,-0.6171176987768593,2.185306951892214,0.6777862204146242,-0.6777862204146242,1.3154878170174407,-0.4394588774981491,-0.4872228839185013,-0.45073946463777664,-0.35317776428217007,-0.4872228839185013,0.9836337901225568
-0.42394808737450906,0.1241891918539922,-0.5583934633584997,-1.2910053888216928,-0.8094393831641107,"No",0.9243550627349376,-0.9243550627349376,-0.9816679202752047,0.9816679202752049,-0.6636876283399649,-0.6001530417063533,-0.4666998712158976,-0.28665106169144244,2.1777004638711976,1.7084048287286975,-0.4635210479006337,-0.6171176987768593,-0.4571440177477062,-1.473916066615929,1.473916066615929,1.3154878170174407,-0.4394588774981491,-0.4872228839185013,-0.45073946463777664,-0.35317776428217007,-0.4872228839185013,0.9836337901225568
-0.9928297075095855,0.7676565071596513,-0.5583934633584997,-0.4018832202117115,0.2474999637313551,"Yes",0.9243550627349376,-0.9243550627349376,-0.9816679202752047,0.9816679202752049,-0.6636876283399649,1.6645754175629042,-0.4666998712158976,-0.28665106169144244,-0.4587407756823103,1.7084048287286975,-0.4635210479006337,-0.6171176987768593,-0.4571440177477062,-1.473916066615929,1.473916066615929,1.3154878170174407,-0.4394588774981491,-0.4872228839185013,-0.45073946463777664,-0.35317776428217007,-0.4872228839185013,0.9836337901225568
-1.575737008614462,0.1241891918539922,1.2865188605131956,-1.2910053888216928,0.2474999637313551,"Yes",-1.080753533219374,1.0807535332193738,-0.9816679202752047,0.9816679202752049,-0.6636876283399649,-0.6001530417063533,-0.4666998712158976,-0.28665106169144244,2.1777004638711976,1.7084048287286975,-0.4635210479006337,-0.6171176987768593,-0.4571440177477062,0.6777862204146242,-0.6777862204146242,-0.7594141025684279,-0.4394588774981491,-0.4872228839185013,2.2163579592543923,-0.35317776428217007,-0.4872228839185013,0.9836337901225568
-1.5302938022723107,0.1241891918539922,-0.5583934633584997,-1.2910053888216928,-0.8975176620720662,"No",0.9243550627349376,-0.9243550627349376,1.0176557462730738,-1.017655746273074,-0.6636876283399649,-0.6001530417063533,-0.4666998712158976,-0.28665106169144244,2.1777004638711976,1.7084048287286975,-0.4635210479006337,-0.6171176987768593,-0.4571440177477062,0.6777862204146242,-0.6777862204146242,1.3154878170174407,-0.4394588774981491,-0.4872228839185013,-0.45073946463777664,-0.35317776428217007,-0.4872228839185013,0.9836337901225568
-1.0031152068874387,0.7676565071596513,0.6715480858892972,-1.2910053888216928,-0.7213611042561552,"Yes",0.9243550627349376,-0.9243550627349376,1.0176557462730738,-1.017655746273074,-0.6636876283399649,-0.6001530417063533,-0.4666998712158976,-0.28665106169144244,2.1777004638711976,-0.58475601520244,-0.4635210479006337,1.6188159924436452,-0.4571440177477062,0.6777862204146242,-0.6777862204146242,1.3154878170174407,-0.4394588774981491,-0.4872228839185013,-0.45073946463777664,-0.35317776428217007,-0.4872228839185013,0.9836337901225568
1.6950517935428322,0.44592284950682176,0.05657731126539871,0.4872389483982698,0.8640479160870435,"No",0.9243550627349376,-0.9243550627349376,-0.9816679202752047,0.9816679202752049,-0.6636876283399649,-0.6001530417063533,-0.4666998712158976,3.48507343424859,-0.4587407756823103,1.7084048287286975,-0.4635210479006337,-0.6171176987768593,-0.4571440177477062,0.6777862204146242,-0.6777862204146242,-0.7594141025684279,-0.4394588774981491,-0.4872228839185013,-0.45073946463777664,2.8286038959175603,-0.4872228839185013,0.9836337901225568
1.2200487313656152,0.44592284950682176,0.05657731126539871,-0.4018832202117115,1.3044393106268208,"Yes",-1.080753533219374,1.0807535332193738,-0.9816679202752047,0.9816679202752049,1.5052261897644954,-0.6001530417063533,-0.4666998712158976,-0.28665106169144244,-0.4587407756823103,-0.58475601520244,-0.4635210479006337,-0.6171176987768593,2.185306951892214,-1.473916066615929,1.473916066615929,-0.7594141025684279,2.273250242860796,-0.4872228839185013,-0.45073946463777664,-0.35317776428217007,-0.4872228839185013,0.9836337901225568
-1.274465381383164,-0.5192781234516669,-1.173364237982398,0.4872389483982698,-1.5140656144277544,"No",-1.080753533219374,1.0807535332193738,-0.9816679202752047,0.9816679202752049,-0.6636876283399649,-0.6001530417063533,2.1405619791522454,-0.28665106169144244,-0.4587407756823103,1.7084048287286975,-0.4635210479006337,-0.6171176987768593,-0.4571440177477062,0.6777862204146242,-0.6777862204146242,-0.7594141025684279,-0.4394588774981491,2.0503963031570267,-0.45073946463777664,-0.35317776428217007,-0.4872228839185013,0.9836337901225568
-0.5060450733177367,1.0893901648124809,1.901489635137094,1.376361117008251,-0.2809697097163778,"No",0.9243550627349376,-0.9243550627349376,-0.9816679202752047,0.9816679202752049,-0.6636876283399649,1.6645754175629042,-0.4666998712158976,-0.28665106169144244,-0.4587407756823103,-0.58475601520244,-0.4635210479006337,1.6188159924436452,-0.4571440177477062,0.6777862204146242,-0.6777862204146242,1.3154878170174407,-0.4394588774981491,-0.4872228839185013,-0.45073946463777664,-0.35317776428217007,-0.4872228839185013,0.9836337901225568
-0.8591182155974949,0.7676565071596513,0.6715480858892972,0.4872389483982698,0.5117348004552216,"Yes",0.9243550627349376,-0.9243550627349376,-0.9816679202752047,0.9816679202752049,-0.6636876283399649,1.6645754175629042,-0.4666998712158976,-0.28665106169144244,-0.4587407756823103,-0.58475601520244,-0.4635210479006337,1.6188159924436452,-0.4571440177477062,-1.473916066615929,1.473916066615929,-0.7594141025684279,2.273250242860796,-0.4872228839185013,-0.45073946463777664,-0.35317776428217007,-0.4872228839185013,0.9836337901225568
-0.34802240105799326,0.1241891918539922,0.05657731126539871,-0.4018832202117115,0.952126194994999,"No",0.9243550627349376,-0.9243550627349376,1.0176557462730738,-1.017655746273074,-0.6636876283399649,1.6645754175629042,-0.4666998712158976,-0.28665106169144244,-0.4587407756823103,-0.58475601520244,-0.4635210479006337,1.6188159924436452,-0.4571440177477062,0.6777862204146242,-0.6777862204146242,-0.7594141025684279,-0.4394588774981491,-0.4872228839185013,-0.45073946463777664,2.8286038959175603,-0.4872228839185013,0.9836337901225568
-0.05722328228414576,0.7676565071596513,1.2865188605131956,-1.2910053888216928,-0.10481315190046682,"No",0.9243550627349376,-0.9243550627349376,-0.9816679202752047,0.9816679202752049,1.5052261897644954,-0.6001530417063533,-0.4666998712158976,-0.28665106169144244,-0.4587407756823103,-0.58475601520244,-0.4635210479006337,-0.6171176987768593,2.185306951892214,0.6777862204146242,-0.6777862204146242,1.3154878170174407,-0.4394588774981491,-0.4872228839185013,-0.45073946463777664,-0.35317776428217007,-0.4872228839185013,0.9836337901225568
-0.7207314966954711,0.44592284950682176,1.2865188605131956,0.4872389483982698,-0.10481315190046682,"Yes",-1.080753533219374,1.0807535332193738,-0.9816679202752047,0.9816679202752049,1.5052261897644954,-0.6001530417063533,-0.4666998712158976,-0.28665106169144244,-0.4587407756823103,-0.58475601520244,-0.4635210479006337,1.6188159924436452,-0.4571440177477062,0.6777862204146242,-0.6777862204146242,-0.7594141025684279,2.273250242860796,-0.4872228839185013,-0.45073946463777664,-0.35317776428217007,-0.4872228839185013,0.9836337901225568
0.13689214233788233,0.1241891918539922,1.2865188605131956,1.376361117008251,-0.1928914308084223,"No",0.9243550627349376,-0.9243550627349376,-0.9816679202752047,0.9816679202752049,1.5052261897644954,-0.6001530417063533,-0.4666998712158976,-0.28665106169144244,-0.4587407756823103,1.7084048287286975,-0.4635210479006337,-0.6171176987768593,-0.4571440177477062,0.6777862204146242,-0.6777862204146242,-0.7594141025684279,-0.4394588774981491,2.0503963031570267,-0.45073946463777664,-0.35317776428217007,-0.4872228839185013,0.9836337901225568
0.020572494828343335,-1.4844790964101555,0.05657731126539871,0.4872389483982698,0.775969637179088,"Yes",-1.080753533219374,1.0807535332193738,1.0176557462730738,-1.017655746273074,-0.6636876283399649,-0.6001530417063533,2.1405619791522454,-0.28665106169144244,-0.4587407756823103,-0.58475601520244,-0.4635210479006337,-0.6171176987768593,-0.4571440177477062,0.6777862204146242,-0.6777862204146242,-0.7594141025684279,-0.4394588774981491,-0.4872228839185013,2.2163579592543923,-0.35317776428217007,-0.4872228839185013,0.9836337901225568
0.8471526266485401,-0.5192781234516669,-1.173364237982398,0.4872389483982698,-1.425987335519799,"Yes",-1.080753533219374,1.0807535332193738,1.0176557462730738,-1.017655746273074,-0.6636876283399649,-0.6001530417063533,2.1405619791522454,-0.28665106169144244,-0.4587407756823103,1.7084048287286975,-0.4635210479006337,-0.6171176987768593,-0.4571440177477062,-1.473916066615929,1.473916066615929,1.3154878170174407,-0.4394588774981491,-0.4872228839185013,-0.45073946463777664,-0.35317776428217007,-0.4872228839185013,0.9836337901225568
-0.8411653439561513,-0.19754446579883733,-0.5583934633584997,-0.4018832202117115,-0.8094393831641107,"No",0.9243550627349376,-0.9243550627349376,1.0176557462730738,-1.017655746273074,1.5052261897644954,-0.6001530417063533,-0.4666998712158976,-0.28665106169144244,-0.4587407756823103,1.7084048287286975,-0.4635210479006337,-0.6171176987768593,-0.4571440177477062,0.6777862204146242,-0.6777862204146242,1.3154878170174407,-0.4394588774981491,-0.4872228839185013,-0.45073946463777664,-0.35317776428217007,-0.4872228839185013,0.9836337901225568
1.5082297230251,0.44592284950682176,0.05657731126539871,-0.4018832202117115,1.3044393106268208,"Yes",-1.080753533219374,1.0807535332193738,1.0176557462730738,-1.017655746273074,1.5052261897644954,-0.6001530417063533,-0.4666998712158976,-0.28665106169144244,-0.4587407756823103,-0.58475601520244,-0.4635210479006337,-0.6171176987768593,2.185306951892214,-1.473916066615929,1.473916066615929,-0.7594141025684279,2.273250242860796,-0.4872228839185013,-0.45073946463777664,-0.35317776428217007,-0.4872228839185013,0.9836337901225568
1.1789067338542027,-1.162745438757326,0.05657731126539871,0.4872389483982698,0.4236565215472661,"No",-1.080753533219374,1.0807535332193738,1.0176557462730738,-1.017655746273074,-0.6636876283399649,-0.6001530417063533,-0.4666998712158976,3.48507343424859,-0.4587407756823103,-0.58475601520244,2.1552419345888225,-0.6171176987768593,-0.4571440177477062,0.6777862204146242,-0.6777862204146242,-0.7594141025684279,-0.4394588774981491,-0.4872228839185013,2.2163579592543923,-0.35317776428217007,-0.4872228839185013,0.9836337901225568
0.42170697056461526,0.1241891918539922,0.05657731126539871,0.4872389483982698,0.3355782426393106,"Yes",0.9243550627349376,-0.9243550627349376,-0.9816679202752047,0.9816679202752049,-0.6636876283399649,-0.6001530417063533,2.1405619791522454,-0.28665106169144244,-0.4587407756823103,-0.58475601520244,-0.4635210479006337,1.6188159924436452,-0.4571440177477062,-1.473916066615929,1.473916066615929,-0.7594141025684279,-0.4394588774981491,-0.4872228839185013,2.2163579592543923,-0.35317776428217007,-0.4872228839185013,0.9836337901225568
1.545070511705774,0.7676565071596513,0.05657731126539871,0.4872389483982698,0.5117348004552216,"No",-1.080753533219374,1.0807535332193738,1.0176557462730738,-1.017655746273074,-0.6636876283399649,-0.6001530417063533,-0.4666998712158976,3.48507343424859,-0.4587407756823103,1.7084048287286975,-0.4635210479006337,-0.6171176987768593,-0.4571440177477062,-1.473916066615929,1.473916066615929,-0.7594141025684279,-0.4394588774981491,-0.4872228839185013,2.2163579592543923,-0.35317776428217007,-0.4872228839185013,0.9836337901225568
-0.2997740585218822,-0.5192781234516669,-1.173364237982398,0.4872389483982698,-1.425987335519799,"Yes",0.9243550627349376,-0.9243550627349376,-0.9816679202752047,0.9816679202752049,-0.6636876283399649,-0.6001530417063533,2.1405619791522454,-0.28665106169144244,-0.4587407756823103,1.7084048287286975,-0.4635210479006337,-0.6171176987768593,-0.4571440177477062,0.6777862204146242,-0.6777862204146242,-0.7594141025684279,-0.4394588774981491,2.0503963031570267,-0.45073946463777664,-0.35317776428217007,-0.4872228839185013,0.9836337901225568
0.6152613679478514,-0.8410117811044965,-0.5583934633584997,-0.4018832202117115,0.6878913582711325,"No",-1.080753533219374,1.0807535332193738,-0.9816679202752047,0.9816679202752049,-0.6636876283399649,-0.6001530417063533,2.1405619791522454,-0.28665106169144244,-0.4587407756823103,-0.58475601520244,2.1552419345888225,-0.6171176987768593,-0.4571440177477062,-1.473916066615929,1.473916066615929,-0.7594141025684279,-0.4394588774981491,2.0503963031570267,-0.45073946463777664,-0.35317776428217007,-0.4872228839185013,0.9836337901225568
-1.3460898588689412,-0.8410117811044965,-0.5583934633584997,-0.4018832202117115,0.6878913582711325,"Yes",0.9243550627349376,-0.9243550627349376,-0.9816679202752047,0.9816679202752049,-0.6636876283399649,-0.6001530417063533,2.1405619791522454,-0.28665106169144244,-0.4587407756823103,-0.58475601520244,2.1552419345888225,-0.6171176987768593,-0.4571440177477062,0.6777862204146242,-0.6777862204146242,-0.7594141025684279,2.273250242860796,-0.4872228839185013,-0.45073946463777664,-0.35317776428217007,-0.4872228839185013,0.9836337901225568
0.07387008251358226,-0.19754446579883733,0.05657731126539871,0.4872389483982698,2.1852220997063756,"No",0.9243550627349376,-0.9243550627349376,-0.9816679202752047,0.9816679202752049,-0.6636876283399649,-0.6001530417063533,-0.4666998712158976,-0.28665106169144244,2.1777004638711976,-0.58475601520244,-0.4635210479006337,-0.6171176987768593,2.185306951892214,0.6777862204146242,-0.6777862204146242,-0.7594141025684279,-0.4394588774981491,2.0503963031570267,-0.45073946463777664,-0.35317776428217007,-0.4872228839185013,0.9836337901225568
0.2505936627330587,0.1241891918539922,0.05657731126539871,0.4872389483982698,0.5998130793631771,"No",-1.080753533219374,1.0807535332193738,-0.9816679202752047,0.9816679202752049,-0.6636876283399649,-0.6001530417063533,2.1405619791522454,-0.28665106169144244,-0.4587407756823103,-0.58475601520244,-0.4635210479006337,1.6188159924436452,-0.4571440177477062,0.6777862204146242,-0.6777862204146242,-0.7594141025684279,-0.4394588774981491,2.0503963031570267,-0.45073946463777664,-0.35317776428217007,-0.4872228839185013,0.9836337901225568
-1.2312662839961808,0.44592284950682176,1.901489635137094,0.4872389483982698,1.1282827528109098,"Yes",0.9243550627349376,-0.9243550627349376,-0.9816679202752047,0.9816679202752049,-0.6636876283399649,1.6645754175629042,-0.4666998712158976,-0.28665106169144244,-0.4587407756823103,-0.58475601520244,-0.4635210479006337,1.6188159924436452,-0.4571440177477062,0.6777862204146242,-0.6777862204146242,-0.7594141025684279,-0.4394588774981491,-0.4872228839185013,2.2163579592543923,-0.35317776428217007,-0.4872228839185013,0.9836337901225568
0.06433261945411846,0.1241891918539922,-1.173364237982398,-0.4018832202117115,-1.5140656144277544,"Yes",-1.080753533219374,1.0807535332193738,-0.9816679202752047,0.9816679202752049,-0.6636876283399649,1.6645754175629042,-0.4666998712158976,-0.28665106169144244,-0.4587407756823103,1.7084048287286975,-0.4635210479006337,-0.6171176987768593,-0.4571440177477062,0.6777862204146242,-0.6777862204146242,-0.7594141025684279,-0.4394588774981491,2.0503963031570267,-0.45073946463777664,-0.35317776428217007,-0.4872228839185013,0.9836337901225568
0.5619637802626124,-0.8410117811044965,-1.173364237982398,0.4872389483982698,-1.6902221722436654,"Yes",-1.080753533219374,1.0807535332193738,1.0176557462730738,-1.017655746273074,-0.6636876283399649,-0.6001530417063533,2.1405619791522454,-0.28665106169144244,-0.4587407756823103,1.7084048287286975,-0.4635210479006337,-0.6171176987768593,-0.4571440177477062,-1.473916066615929,1.473916066615929,1.3154878170174407,-0.4394588774981491,-0.4872228839185013,-0.45073946463777664,-0.35317776428217007,-0.4872228839185013,0.9836337901225568
-0.875013987363268,-0.19754446579883733,-0.5583934633584997,-1.2910053888216928,-0.9855959409800217,"Yes",-1.080753533219374,1.0807535332193738,1.0176557462730738,-1.017655746273074,-0.6636876283399649,-0.6001530417063533,-0.4666998712158976,-0.28665106169144244,2.1777004638711976,1.7084048287286975,-0.4635210479006337,-0.6171176987768593,-0.4571440177477062,0.6777862204146242,-0.6777862204146242,-0.7594141025684279,-0.4394588774981491,-0.4872228839185013,2.2163579592543923,-0.35317776428217007,-0.4872228839185013,0.9836337901225568
-0.8291967628619222,0.1241891918539922,1.2865188605131956,0.4872389483982698,-0.10481315190046682,"Yes",-1.080753533219374,1.0807535332193738,-0.9816679202752047,0.9816679202752049,1.5052261897644954,-0.6001530417063533,-0.4666998712158976,-0.28665106169144244,-0.4587407756823103,-0.58475601520244,-0.4635210479006337,1.6188159924436452,-0.4571440177477062,0.6777862204146242,-0.6777862204146242,-0.7594141025684279,2.273250242860796,-0.4872228839185013,-0.45073946463777664,-0.35317776428217007,-0.4872228839185013,0.9836337901225568
-1.6290345962997008,0.44592284950682176,1.2865188605131956,0.4872389483982698,2.5375352153381976,"No",0.9243550627349376,-0.9243550627349376,-0.9816679202752047,0.9816679202752049,-0.6636876283399649,-0.6001530417063533,-0.4666998712158976,-0.28665106169144244,2.1777004638711976,-0.58475601520244,-0.4635210479006337,-0.6171176987768593,2.185306951892214,0.6777862204146242,-0.6777862204146242,-0.7594141025684279,-0.4394588774981491,2.0503963031570267,-0.45073946463777664,-0.35317776428217007,-0.4872228839185013,0.9836337901225568
1.5192632587213426,-0.5192781234516669,-1.173364237982398,-0.4018832202117115,-1.5140656144277544,"No",0.9243550627349376,-0.9243550627349376,-0.9816679202752047,0.9816679202752049,-0.6636876283399649,1.6645754175629042,-0.4666998712158976,-0.28665106169144244,-0.4587407756823103,1.7084048287286975,-0.4635210479006337,-0.6171176987768593,-0.4571440177477062,0.6777862204146242,-0.6777862204146242,-0.7594141025684279,-0.4394588774981491,2.0503963031570267,-0.45073946463777664,-0.35317776428217007,-0.4872228839185013,0.9836337901225568
-0.8809982779103825,-0.5192781234516669,-1.173364237982398,0.4872389483982698,-1.425987335519799,"Yes",0.9243550627349376,-0.9243550627349376,-0.9816679202752047,0.9816679202752049,-0.6636876283399649,-0.6001530417063533,2.1405619791522454,-0.28665106169144244,-0.4587407756823103,1.7084048287286975,-0.4635210479006337,-0.6171176987768593,-0.4571440177477062,0.6777862204146242,-0.6777862204146242,-0.7594141025684279,-0.4394588774981491,2.0503963031570267,-0.45073946463777664,-0.35317776428217007,-0.4872228839185013,0.9836337901225568
-1.273904354144372,-0.5192781234516669,-1.173364237982398,0.4872389483982698,-1.5140656144277544,"Yes",0.9243550627349376,-0.9243550627349376,-0.9816679202752047,0.9816679202752049,-0.6636876283399649,-0.6001530417063533,2.1405619791522454,-0.28665106169144244,-0.4587407756823103,1.7084048287286975,-0.4635210479006337,-0.6171176987768593,-0.4571440177477062,-1.473916066615929,1.473916066615929,1.3154878170174407,-0.4394588774981491,-0.4872228839185013,-0.45073946463777664,-0.35317776428217007,-0.4872228839185013,0.9836337901225568
1.2739073462896462,-0.5192781234516669,-1.173364237982398,0.4872389483982698,-1.1617524987959327,"No",-1.080753533219374,1.0807535332193738,1.0176557462730738,-1.017655746273074,-0.6636876283399649,-0.6001530417063533,2.1405619791522454,-0.28665106169144244,-0.4587407756823103,1.7084048287286975,-0.4635210479006337,-0.6171176987768593,-0.4571440177477062,0.6777862204146242,-0.6777862204146242,-0.7594141025684279,-0.4394588774981491,2.0503963031570267,-0.45073946463777664,-0.35317776428217007,-0.4872228839185013,0.9836337901225568
0.6137652953110727,-1.4844790964101555,0.05657731126539871,0.4872389483982698,0.775969637179088,"No",0.9243550627349376,-0.9243550627349376,1.0176557462730738,-1.017655746273074,-0.6636876283399649,-0.6001530417063533,2.1405619791522454,-0.28665106169144244,-0.4587407756823103,-0.58475601520244,-0.4635210479006337,-0.6171176987768593,-0.4571440177477062,0.6777862204146242,-0.6777862204146242,-0.7594141025684279,-0.4394588774981491,-0.4872228839185013,2.2163579592543923,-0.35317776428217007,-0.4872228839185013,0.9836337901225568
0.2713516705683623,0.1241891918539922,-1.173364237982398,0.4872389483982698,-1.0736742198879772,"Yes",-1.080753533219374,1.0807535332193738,1.0176557462730738,-1.017655746273074,-0.6636876283399649,1.6645754175629042,-0.4666998712158976,-0.28665106169144244,-0.4587407756823103,-0.58475601520244,-0.4635210479006337,1.6188159924436452,-0.4571440177477062,-1.473916066615929,1.473916066615929,-0.7594141025684279,-0.4394588774981491,-0.4872228839185013,2.2163579592543923,-0.35317776428217007,-0.4872228839185013,0.9836337901225568
-0.42974536884202624,-0.8410117811044965,0.05657731126539871,0.4872389483982698,0.5117348004552216,"Yes",-1.080753533219374,1.0807535332193738,-0.9816679202752047,0.9816679202752049,-0.6636876283399649,-0.6001530417063533,2.1405619791522454,-0.28665106169144244,-0.4587407756823103,1.7084048287286975,-0.4635210479006337,-0.6171176987768593,-0.4571440177477062,0.6777862204146242,-0.6777862204146242,-0.7594141025684279,-0.4394588774981491,-0.4872228839185013,2.2163579592543923,-0.35317776428217007,-0.4872228839185013,0.9836337901225568
1.5013103870799989,-0.5192781234516669,1.2865188605131956,0.4872389483982698,2.1852220997063756,"No",0.9243550627349376,-0.9243550627349376,1.0176557462730738,-1.017655746273074,-0.6636876283399649,-0.6001530417063533,2.1405619791522454,-0.28665106169144244,-0.4587407756823103,-0.58475601520244,-0.4635210479006337,1.6188159924436452,-0.4571440177477062,0.6777862204146242,-0.6777862204146242,-0.7594141025684279,-0.4394588774981491,2.0503963031570267,-0.45073946463777664,-0.35317776428217007,-0.4872228839185013,0.9836337901225568
0.07667521870754221,0.44592284950682176,0.6715480858892972,0.4872389483982698,0.6878913582711325,"Yes",-1.080753533219374,1.0807535332193738,1.0176557462730738,-1.017655746273074,-0.6636876283399649,-0.6001530417063533,-0.4666998712158976,-0.28665106169144244,2.1777004638711976,-0.58475601520244,-0.4635210479006337,-0.6171176987768593,2.185306951892214,0.6777862204146242,-0.6777862204146242,-0.7594141025684279,-0.4394588774981491,2.0503963031570267,-0.45073946463777664,-0.35317776428217007,-0.4872228839185013,0.9836337901225568
1.1198118647014466,0.1241891918539922,-1.173364237982398,0.4872389483982698,-1.1617524987959327,"No",0.9243550627349376,-0.9243550627349376,-0.9816679202752047,0.9816679202752049,-0.6636876283399649,1.6645754175629042,-0.4666998712158976,-0.28665106169144244,-0.4587407756823103,1.7084048287286975,-0.4635210479006337,-0.6171176987768593,-0.4571440177477062,-1.473916066615929,1.473916066615929,-0.7594141025684279,-0.4394588774981491,-0.4872228839185013,2.2163579592543923,-0.35317776428217007,-0.4872228839185013,0.9836337901225568
-0.7886157925893017,0.44592284950682176,1.2865188605131956,0.4872389483982698,1.4805958684427318,"No",-1.080753533219374,1.0807535332193738,1.0176557462730738,-1.017655746273074,1.5052261897644954,-0.6001530417063533,-0.4666998712158976,-0.28665106169144244,-0.4587407756823103,-0.58475601520244,-0.4635210479006337,-0.6171176987768593,2.185306951892214,0.6777862204146242,-0.6777862204146242,-0.7594141025684279,-0.4394588774981491,-0.4872228839185013,-0.45073946463777664,2.8286038959175603,-0.4872228839185013,0.9836337901225568
1.1095263653235934,0.44592284950682176,0.05657731126539871,0.4872389483982698,0.775969637179088,"No",0.9243550627349376,-0.9243550627349376,1.0176557462730738,-1.017655746273074,-0.6636876283399649,-0.6001530417063533,2.1405619791522454,-0.28665106169144244,-0.4587407756823103,-0.58475601520244,-0.4635210479006337,1.6188159924436452,-0.4571440177477062,0.6777862204146242,-0.6777862204146242,-0.7594141025684279,-0.4394588774981491,-0.4872228839185013,-0.45073946463777664,2.8286038959175603,-0.4872228839185013,0.9836337901225568
-1.2370635654636981,0.44592284950682176,1.2865188605131956,0.4872389483982698,1.5686741473506873,"Yes",-1.080753533219374,1.0807535332193738,1.0176557462730738,-1.017655746273074,1.5052261897644954,-0.6001530417063533,-0.4666998712158976,-0.28665106169144244,-0.4587407756823103,-0.58475601520244,-0.4635210479006337,-0.6171176987768593,2.185306951892214,0.6777862204146242,-0.6777862204146242,-0.7594141025684279,-0.4394588774981491,-0.4872228839185013,2.2163579592543923,-0.35317776428217007,-0.4872228839185013,0.9836337901225568
0.6296610670768458,-0.5192781234516669,-1.173364237982398,0.4872389483982698,-1.2498307777038882,"No",0.9243550627349376,-0.9243550627349376,-0.9816679202752047,0.9816679202752049,-0.6636876283399649,1.6645754175629042,-0.4666998712158976,-0.28665106169144244,-0.4587407756823103,1.7084048287286975,-0.4635210479006337,-0.6171176987768593,-0.4571440177477062,-1.473916066615929,1.473916066615929,-0.7594141025684279,-0.4394588774981491,-0.4872228839185013,2.2163579592543923,-0.35317776428217007,-0.4872228839185013,0.9836337901225568
0.3167948769105134,0.1241891918539922,0.6715480858892972,-1.2910053888216928,-0.10481315190046682,"Yes",0.9243550627349376,-0.9243550627349376,1.0176557462730738,-1.017655746273074,-0.6636876283399649,-0.6001530417063533,-0.4666998712158976,-0.28665106169144244,2.1777004638711976,-0.58475601520244,-0.4635210479006337,1.6188159924436452,-0.4571440177477062,0.6777862204146242,-0.6777862204146242,-0.7594141025684279,2.273250242860796,-0.4872228839185013,-0.45073946463777664,-0.35317776428217007,-0.4872228839185013,0.9836337901225568
-0.5524233250578745,0.1241891918539922,0.6715480858892972,-1.2910053888216928,-0.1928914308084223,"Yes",0.9243550627349376,-0.9243550627349376,1.0176557462730738,-1.017655746273074,-0.6636876283399649,-0.6001530417063533,-0.4666998712158976,-0.28665106169144244,2.1777004638711976,-0.58475601520244,-0.4635210479006337,1.6188159924436452,-0.4571440177477062,0.6777862204146242,-0.6777862204146242,-0.7594141025684279,2.273250242860796,-0.4872228839185013,-0.45073946463777664,-0.35317776428217007,-0.4872228839185013,0.9836337901225568
0.8505187900812919,-0.5192781234516669,-1.173364237982398,-0.4018832202117115,-1.2498307777038882,"No",0.9243550627349376,-0.9243550627349376,-0.9816679202752047,0.9816679202752049,-0.6636876283399649,1.6645754175629042,-0.4666998712158976,-0.28665106169144244,-0.4587407756823103,1.7084048287286975,-0.4635210479006337,-0.6171176987768593,-0.4571440177477062,0.6777862204146242,-0.6777862204146242,-0.7594141025684279,-0.4394588774981491,2.0503963031570267,-0.45073946463777664,-0.35317776428217007,-0.4872228839185013,0.9836337901225568
1.4098629471569046,-0.5192781234516669,-1.173364237982398,0.4872389483982698,-1.2498307777038882,"No",-1.080753533219374,1.0807535332193738,1.0176557462730738,-1.017655746273074,-0.6636876283399649,-0.6001530417063533,2.1405619791522454,-0.28665106169144244,-0.4587407756823103,1.7084048287286975,-0.4635210479006337,-0.6171176987768593,-0.4571440177477062,0.6777862204146242,-0.6777862204146242,-0.7594141025684279,-0.4394588774981491,2.0503963031570267,-0.45073946463777664,-0.35317776428217007,-0.4872228839185013,0.9836337901225568
1.7348847274970636,1.73285748011814,-0.5583934633584997,-0.4018832202117115,-0.10481315190046682,"No",-1.080753533219374,1.0807535332193738,-0.9816679202752047,0.9816679202752049,1.5052261897644954,-0.6001530417063533,-0.4666998712158976,-0.28665106169144244,-0.4587407756823103,-0.58475601520244,-0.4635210479006337,-0.6171176987768593,2.185306951892214,0.6777862204146242,-0.6777862204146242,-0.7594141025684279,-0.4394588774981491,2.0503963031570267,-0.45073946463777664,-0.35317776428217007,-0.4872228839185013,0.9836337901225568
1.2372535666885696,0.1241891918539922,-1.173364237982398,0.4872389483982698,-0.9855959409800217,"Yes",0.9243550627349376,-0.9243550627349376,-0.9816679202752047,0.9816679202752049,-0.6636876283399649,1.6645754175629042,-0.4666998712158976,-0.28665106169144244,-0.4587407756823103,1.7084048287286975,-0.4635210479006337,-0.6171176987768593,-0.4571440177477062,0.6777862204146242,-0.6777862204146242,-0.7594141025684279,-0.4394588774981491,2.0503963031570267,-0.45073946463777664,-0.35317776428217007,-0.4872228839185013,0.9836337901225568
-1.0650152122341547,-0.8410117811044965,-1.173364237982398,0.4872389483982698,-1.0736742198879772,"No",0.9243550627349376,-0.9243550627349376,-0.9816679202752047,0.9816679202752049,-0.6636876283399649,-0.6001530417063533,2.1405619791522454,-0.28665106169144244,-0.4587407756823103,1.7084048287286975,-0.4635210479006337,-0.6171176987768593,-0.4571440177477062,0.6777862204146242,-0.6777862204146242,-0.7594141025684279,-0.4394588774981491,2.0503963031570267,-0.45073946463777664,-0.35317776428217007,-0.4872228839185013,0.9836337901225568
0.5750544158344255,0.44592284950682176,1.2865188605131956,-1.2910053888216928,0.5117348004552216,"Yes",-1.080753533219374,1.0807535332193738,1.0176557462730738,-1.017655746273074,-0.6636876283399649,-0.6001530417063533,2.1405619791522454,-0.28665106169144244,-0.4587407756823103,-0.58475601520244,-0.4635210479006337,1.6188159924436452,-0.4571440177477062,0.6777862204146242,-0.6777862204146242,-0.7594141025684279,-0.4394588774981491,2.0503963031570267,-0.45073946463777664,-0.35317776428217007,-0.4872228839185013,0.9836337901225568
1.6984179569755842,1.73285748011814,0.05657731126539871,1.376361117008251,-0.6332828253481997,"Yes",-1.080753533219374,1.0807535332193738,-0.9816679202752047,0.9816679202752049,1.5052261897644954,-0.6001530417063533,-0.4666998712158976,-0.28665106169144244,-0.4587407756823103,-0.58475601520244,-0.4635210479006337,-0.6171176987768593,2.185306951892214,-1.473916066615929,1.473916066615929,1.3154878170174407,-0.4394588774981491,-0.4872228839185013,-0.45073946463777664,-0.35317776428217007,-0.4872228839185013,0.9836337901225568
0.8353710546339083,0.44592284950682176,0.6715480858892972,-0.4018832202117115,0.6878913582711325,"Yes",0.9243550627349376,-0.9243550627349376,-0.9816679202752047,0.9816679202752049,-0.6636876283399649,-0.6001530417063533,2.1405619791522454,-0.28665106169144244,-0.4587407756823103,-0.58475601520244,-0.4635210479006337,1.6188159924436452,-0.4571440177477062,-1.473916066615929,1.473916066615929,-0.7594141025684279,-0.4394588774981491,-0.4872228839185013,2.2163579592543923,-0.35317776428217007,-0.4872228839185013,0.9836337901225568
-0.8349940443294395,0.44592284950682176,1.2865188605131956,-1.2910053888216928,-0.7213611042561552,"Yes",0.9243550627349376,-0.9243550627349376,-0.9816679202752047,0.9816679202752049,-0.6636876283399649,-0.6001530417063533,-0.4666998712158976,-0.28665106169144244,2.1777004638711976,-0.58475601520244,-0.4635210479006337,1.6188159924436452,-0.4571440177477062,0.6777862204146242,-0.6777862204146242,-0.7594141025684279,2.273250242860796,-0.4872228839185013,-0.45073946463777664,-0.35317776428217007,-0.4872228839185013,0.9836337901225568
-1.1323384808891934,0.7676565071596513,0.6715480858892972,0.4872389483982698,-0.2809697097163778,"Yes",-1.080753533219374,1.0807535332193738,1.0176557462730738,-1.017655746273074,1.5052261897644954,-0.6001530417063533,-0.4666998712158976,-0.28665106169144244,-0.4587407756823103,1.7084048287286975,-0.4635210479006337,-0.6171176987768593,-0.4571440177477062,0.6777862204146242,-0.6777862204146242,-0.7594141025684279,2.273250242860796,-0.4872228839185013,-0.45073946463777664,-0.35317776428217007,-0.4872228839185013,0.9836337901225568
0.08509062728942204,-0.5192781234516669,-1.173364237982398,0.4872389483982698,-1.60214389333571,"No",-1.080753533219374,1.0807535332193738,1.0176557462730738,-1.017655746273074,-0.6636876283399649,-0.6001530417063533,-0.4666998712158976,3.48507343424859,-0.4587407756823103,-0.58475601520244,2.1552419345888225,-0.6171176987768593,-0.4571440177477062,0.6777862204146242,-0.6777862204146242,-0.7594141025684279,-0.4394588774981491,2.0503963031570267,-0.45073946463777664,-0.35317776428217007,-0.4872228839185013,0.9836337901225568
-0.739993431893996,3.6632594260351174,-0.5583934633584997,2.2654832856182323,1.9209872629825093,"No",-1.080753533219374,1.0807535332193738,-0.9816679202752047,0.9816679202752049,-0.6636876283399649,-0.6001530417063533,-0.4666998712158976,-0.28665106169144244,2.1777004638711976,-0.58475601520244,-0.4635210479006337,-0.6171176987768593,2.185306951892214,-1.473916066615929,1.473916066615929,1.3154878170174407,-0.4394588774981491,-0.4872228839185013,-0.45073946463777664,-0.35317776428217007,-0.4872228839185013,0.9836337901225568
-0.2907976227012104,0.1241891918539922,0.05657731126539871,0.4872389483982698,0.5998130793631771,"No",0.9243550627349376,-0.9243550627349376,-0.9816679202752047,0.9816679202752049,-0.6636876283399649,-0.6001530417063533,2.1405619791522454,-0.28665106169144244,-0.4587407756823103,-0.58475601520244,-0.4635210479006337,1.6188159924436452,-0.4571440177477062,-1.473916066615929,1.473916066615929,-0.7594141025684279,-0.4394588774981491,2.0503963031570267,-0.45073946463777664,-0.35317776428217007,-0.4872228839185013,0.9836337901225568
-0.15016679484401857,0.44592284950682176,1.2865188605131956,0.4872389483982698,-0.10481315190046682,"Yes",0.9243550627349376,-0.9243550627349376,1.0176557462730738,-1.017655746273074,1.5052261897644954,-0.6001530417063533,-0.4666998712158976,-0.28665106169144244,-0.4587407756823103,-0.58475601520244,-0.4635210479006337,1.6188159924436452,-0.4571440177477062,0.6777862204146242,-0.6777862204146242,1.3154878170174407,-0.4394588774981491,-0.4872228839185013,-0.45073946463777664,-0.35317776428217007,-0.4872228839185013,0.9836337901225568
-0.2606891608860403,0.1241891918539922,-1.173364237982398,-1.2910053888216928,-0.45712626753228874,"No",0.9243550627349376,-0.9243550627349376,1.0176557462730738,-1.017655746273074,-0.6636876283399649,-0.6001530417063533,-0.4666998712158976,-0.28665106169144244,2.1777004638711976,-0.58475601520244,-0.4635210479006337,1.6188159924436452,-0.4571440177477062,0.6777862204146242,-0.6777862204146242,1.3154878170174407,-0.4394588774981491,-0.4872228839185013,-0.45073946463777664,-0.35317776428217007,-0.4872228839185013,0.9836337901225568
1.4164082649428111,0.44592284950682176,-1.173364237982398,-0.4018832202117115,-0.6332828253481997,"Yes",-1.080753533219374,1.0807535332193738,1.0176557462730738,-1.017655746273074,1.5052261897644954,-0.6001530417063533,-0.4666998712158976,-0.28665106169144244,-0.4587407756823103,-0.58475601520244,-0.4635210479006337,1.6188159924436452,-0.4571440177477062,-1.473916066615929,1.473916066615929,1.3154878170174407,-0.4394588774981491,-0.4872228839185013,-0.45073946463777664,-0.35317776428217007,-0.4872228839185013,0.9836337901225568
-0.014398203056357294,0.44592284950682176,0.05657731126539871,0.4872389483982698,0.8640479160870435,"Yes",-1.080753533219374,1.0807535332193738,1.0176557462730738,-1.017655746273074,-0.6636876283399649,-0.6001530417063533,-0.4666998712158976,3.48507343424859,-0.4587407756823103,1.7084048287286975,-0.4635210479006337,-0.6171176987768593,-0.4571440177477062,-1.473916066615929,1.473916066615929,-0.7594141025684279,2.273250242860796,-0.4872228839185013,-0.45073946463777664,-0.35317776428217007,-0.4872228839185013,0.9836337901225568
-1.3172904606109523,0.1241891918539922,0.6715480858892972,-1.2910053888216928,-0.36904798862433325,"Yes",-1.080753533219374,1.0807535332193738,1.0176557462730738,-1.017655746273074,1.5052261897644954,-0.6001530417063533,-0.4666998712158976,-0.28665106169144244,-0.4587407756823103,1.7084048287286975,-0.4635210479006337,-0.6171176987768593,-0.4571440177477062,0.6777862204146242,-0.6777862204146242,-0.7594141025684279,2.273250242860796,-0.4872228839185013,-0.45073946463777664,-0.35317776428217007,-0.4872228839185013,0.9836337901225568
-0.20103326449449221,-0.5192781234516669,-1.173364237982398,0.4872389483982698,-1.425987335519799,"No",0.9243550627349376,-0.9243550627349376,1.0176557462730738,-1.017655746273074,-0.6636876283399649,1.6645754175629042,-0.4666998712158976,-0.28665106169144244,-0.4587407756823103,1.7084048287286975,-0.4635210479006337,-0.6171176987768593,-0.4571440177477062,0.6777862204146242,-0.6777862204146242,-0.7594141025684279,-0.4394588774981491,2.0503963031570267,-0.45073946463777664,-0.35317776428217007,-0.4872228839185013,0.9836337901225568
-0.5971184950816363,0.1241891918539922,-0.5583934633584997,-1.2910053888216928,-0.9855959409800217,"No",0.9243550627349376,-0.9243550627349376,-0.9816679202752047,0.9816679202752049,-0.6636876283399649,-0.6001530417063533,-0.4666998712158976,-0.28665106169144244,2.1777004638711976,1.7084048287286975,-0.4635210479006337,-0.6171176987768593,-0.4571440177477062,0.6777862204146242,-0.6777862204146242,1.3154878170174407,-0.4394588774981491,-0.4872228839185013,-0.45073946463777664,-0.35317776428217007,-0.4872228839185013,0.9836337901225568
-0.15390697643596515,0.7676565071596513,0.6715480858892972,0.4872389483982698,-0.2809697097163778,"Yes",-1.080753533219374,1.0807535332193738,1.0176557462730738,-1.017655746273074,1.5052261897644954,-0.6001530417063533,-0.4666998712158976,-0.28665106169144244,-0.4587407756823103,1.7084048287286975,-0.4635210479006337,-0.6171176987768593,-0.4571440177477062,0.6777862204146242,-0.6777862204146242,-0.7594141025684279,2.273250242860796,-0.4872228839185013,-0.45073946463777664,-0.35317776428217007,-0.4872228839185013,0.9836337901225568
0.7323290517757797,0.7676565071596513,0.6715480858892972,-1.2910053888216928,-0.6332828253481997,"Yes",-1.080753533219374,1.0807535332193738,1.0176557462730738,-1.017655746273074,-0.6636876283399649,-0.6001530417063533,-0.4666998712158976,-0.28665106169144244,2.1777004638711976,-0.58475601520244,-0.4635210479006337,1.6188159924436452,-0.4571440177477062,0.6777862204146242,-0.6777862204146242,1.3154878170174407,-0.4394588774981491,-0.4872228839185013,-0.45073946463777664,-0.35317776428217007,-0.4872228839185013,0.9836337901225568
-1.633148796050842,0.44592284950682176,1.2865188605131956,0.4872389483982698,0.775969637179088,"No",0.9243550627349376,-0.9243550627349376,-0.9816679202752047,0.9816679202752049,-0.6636876283399649,1.6645754175629042,-0.4666998712158976,-0.28665106169144244,-0.4587407756823103,-0.58475601520244,-0.4635210479006337,1.6188159924436452,-0.4571440177477062,0.6777862204146242,-0.6777862204146242,-0.7594141025684279,-0.4394588774981491,-0.4872228839185013,-0.45073946463777664,2.8286038959175603,-0.4872228839185013,0.9836337901225568
-1.4792403235422398,2.0545911377709696,0.05657731126539871,1.376361117008251,1.7448307051665983,"No",0.9243550627349376,-0.9243550627349376,-0.9816679202752047,0.9816679202752049,-0.6636876283399649,-0.6001530417063533,-0.4666998712158976,-0.28665106169144244,2.1777004638711976,-0.58475601520244,-0.4635210479006337,-0.6171176987768593,2.185306951892214,0.6777862204146242,-0.6777862204146242,-0.7594141025684279,-0.4394588774981491,2.0503963031570267,-0.45073946463777664,-0.35317776428217007,-0.4872228839185013,0.9836337901225568
-0.8248955540311836,0.1241891918539922,-0.5583934633584997,-0.4018832202117115,0.07134340591544414,"Yes",0.9243550627349376,-0.9243550627349376,1.0176557462730738,-1.017655746273074,-0.6636876283399649,1.6645754175629042,-0.4666998712158976,-0.28665106169144244,-0.4587407756823103,1.7084048287286975,-0.4635210479006337,-0.6171176987768593,-0.4571440177477062,0.6777862204146242,-0.6777862204146242,-0.7594141025684279,2.273250242860796,-0.4872228839185013,-0.45073946463777664,-0.35317776428217007,-0.4872228839185013,0.9836337901225568
-0.28855351374604243,0.7676565071596513,0.05657731126539871,0.4872389483982698,0.6878913582711325,"No",-1.080753533219374,1.0807535332193738,-0.9816679202752047,0.9816679202752049,-0.6636876283399649,-0.6001530417063533,-0.4666998712158976,3.48507343424859,-0.4587407756823103,1.7084048287286975,-0.4635210479006337,-0.6171176987768593,-0.4571440177477062,-1.473916066615929,1.473916066615929,-0.7594141025684279,-0.4394588774981491,-0.4872228839185013,2.2163579592543923,-0.35317776428217007,-0.4872228839185013,0.9836337901225568
0.5193257101144213,-0.5192781234516669,1.901489635137094,0.4872389483982698,1.3925175895347763,"No",0.9243550627349376,-0.9243550627349376,1.0176557462730738,-1.017655746273074,-0.6636876283399649,-0.6001530417063533,2.1405619791522454,-0.28665106169144244,-0.4587407756823103,-0.58475601520244,-0.4635210479006337,1.6188159924436452,-0.4571440177477062,0.6777862204146242,-0.6777862204146242,-0.7594141025684279,-0.4394588774981491,-0.4872228839185013,-0.45073946463777664,2.8286038959175603,-0.4872228839185013,0.9836337901225568
1.005549317067478,-1.162745438757326,0.6715480858892972,0.4872389483982698,0.5117348004552216,"No",-1.080753533219374,1.0807535332193738,1.0176557462730738,-1.017655746273074,-0.6636876283399649,-0.6001530417063533,-0.4666998712158976,3.48507343424859,-0.4587407756823103,-0.58475601520244,2.1552419345888225,-0.6171176987768593,-0.4571440177477062,0.6777862204146242,-0.6777862204146242,-0.7594141025684279,-0.4394588774981491,-0.4872228839185013,2.2163579592543923,-0.35317776428217007,-0.4872228839185013,0.9836337901225568
-1.2297702113594022,0.44592284950682176,1.2865188605131956,-0.4018832202117115,1.0402044739029543,"No",0.9243550627349376,-0.9243550627349376,1.0176557462730738,-1.017655746273074,-0.6636876283399649,1.6645754175629042,-0.4666998712158976,-0.28665106169144244,-0.4587407756823103,-0.58475601520244,-0.4635210479006337,1.6188159924436452,-0.4571440177477062,-1.473916066615929,1.473916066615929,-0.7594141025684279,-0.4394588774981491,-0.4872228839185013,2.2163579592543923,-0.35317776428217007,-0.4872228839185013,0.9836337901225568
-0.46452905764712954,-0.5192781234516669,-1.173364237982398,0.4872389483982698,-1.3379090566118435,"No",-1.080753533219374,1.0807535332193738,1.0176557462730738,-1.017655746273074,-0.6636876283399649,-0.6001530417063533,-0.4666998712158976,3.48507343424859,-0.4587407756823103,-0.58475601520244,2.1552419345888225,-0.6171176987768593,-0.4571440177477062,0.6777862204146242,-0.6777862204146242,-0.7594141025684279,-0.4394588774981491,2.0503963031570267,-0.45073946463777664,-0.35317776428217007,-0.4872228839185013,0.9836337901225568
-1.2697901543932306,2.376324795423799,-1.173364237982398,0.4872389483982698,-0.5452045464402442,"Yes",-1.080753533219374,1.0807535332193738,-0.9816679202752047,0.9816679202752049,-0.6636876283399649,-0.6001530417063533,-0.4666998712158976,-0.28665106169144244,2.1777004638711976,-0.58475601520244,-0.4635210479006337,-0.6171176987768593,2.185306951892214,-1.473916066615929,1.473916066615929,1.3154878170174407,-0.4394588774981491,-0.4872228839185013,-0.45073946463777664,-0.35317776428217007,-0.4872228839185013,0.9836337901225568
0.10061238089600039,-0.5192781234516669,1.901489635137094,0.4872389483982698,1.3925175895347763,"No",0.9243550627349376,-0.9243550627349376,1.0176557462730738,-1.017655746273074,-0.6636876283399649,-0.6001530417063533,2.1405619791522454,-0.28665106169144244,-0.4587407756823103,-0.58475601520244,-0.4635210479006337,1.6188159924436452,-0.4571440177477062,-1.473916066615929,1.473916066615929,-0.7594141025684279,2.273250242860796,-0.4872228839185013,-0.45073946463777664,-0.35317776428217007,-0.4872228839185013,0.9836337901225568
-1.4513759706822378,2.376324795423799,0.05657731126539871,2.2654832856182323,2.0090655418904646,"No",-1.080753533219374,1.0807535332193738,1.0176557462730738,-1.017655746273074,1.5052261897644954,-0.6001530417063533,-0.4666998712158976,-0.28665106169144244,-0.4587407756823103,-0.58475601520244,-0.4635210479006337,-0.6171176987768593,2.185306951892214,-1.473916066615929,1.473916066615929,1.3154878170174407,-0.4394588774981491,-0.4872228839185013,-0.45073946463777664,-0.35317776428217007,-0.4872228839185013,0.9836337901225568
-0.6012326948327775,0.1241891918539922,-1.173364237982398,-0.4018832202117115,-1.0736742198879772,"Yes",0.9243550627349376,-0.9243550627349376,-0.9816679202752047,0.9816679202752049,-0.6636876283399649,1.6645754175629042,-0.4666998712158976,-0.28665106169144244,-0.4587407756823103,1.7084048287286975,-0.4635210479006337,-0.6171176987768593,-0.4571440177477062,0.6777862204146242,-0.6777862204146242,-0.7594141025684279,-0.4394588774981491,2.0503963031570267,-0.45073946463777664,-0.35317776428217007,-0.4872228839185013,0.9836337901225568
0.30800545016943887,-0.19754446579883733,0.05657731126539871,-0.4018832202117115,-0.45712626753228874,"Yes",-1.080753533219374,1.0807535332193738,-0.9816679202752047,0.9816679202752049,1.5052261897644954,-0.6001530417063533,-0.4666998712158976,-0.28665106169144244,-0.4587407756823103,1.7084048287286975,-0.4635210479006337,-0.6171176987768593,-0.4571440177477062,-1.473916066615929,1.473916066615929,1.3154878170174407,-0.4394588774981491,-0.4872228839185013,-0.45073946463777664,-0.35317776428217007,-0.4872228839185013,0.9836337901225568
0.9041903959257256,0.1241891918539922,-0.5583934633584997,-1.2910053888216928,-0.8094393831641107,"Yes",-1.080753533219374,1.0807535332193738,-0.9816679202752047,0.9816679202752049,-0.6636876283399649,-0.6001530417063533,-0.4666998712158976,-0.28665106169144244,2.1777004638711976,-0.58475601520244,-0.4635210479006337,1.6188159924436452,-0.4571440177477062,0.6777862204146242,-0.6777862204146242,-0.7594141025684279,2.273250242860796,-0.4872228839185013,-0.45073946463777664,-0.35317776428217007,-0.4872228839185013,0.9836337901225568
-0.45760972170202835,0.1241891918539922,-1.173364237982398,0.4872389483982698,-1.0736742198879772,"No",0.9243550627349376,-0.9243550627349376,1.0176557462730738,-1.017655746273074,-0.6636876283399649,1.6645754175629042,-0.4666998712158976,-0.28665106169144244,-0.4587407756823103,-0.58475601520244,-0.4635210479006337,1.6188159924436452,-0.4571440177477062,0.6777862204146242,-0.6777862204146242,-0.7594141025684279,-0.4394588774981491,2.0503963031570267,-0.45073946463777664,-0.35317776428217007,-0.4872228839185013,0.9836337901225568
-0.3027662037954395,-0.8410117811044965,-1.173364237982398,-0.4018832202117115,-1.1617524987959327,"No",-1.080753533219374,1.0807535332193738,1.0176557462730738,-1.017655746273074,-0.6636876283399649,1.6645754175629042,-0.4666998712158976,-0.28665106169144244,-0.4587407756823103,1.7084048287286975,-0.4635210479006337,-0.6171176987768593,-0.4571440177477062,-1.473916066615929,1.473916066615929,-0.7594141025684279,-0.4394588774981491,-0.4872228839185013,2.2163579592543923,-0.35317776428217007,-0.4872228839185013,0.9836337901225568
1.6991659932939736,-0.5192781234516669,-1.173364237982398,-0.4018832202117115,-1.5140656144277544,"No",-1.080753533219374,1.0807535332193738,-0.9816679202752047,0.9816679202752049,-0.6636876283399649,1.6645754175629042,-0.4666998712158976,-0.28665106169144244,-0.4587407756823103,1.7084048287286975,-0.4635210479006337,-0.6171176987768593,-0.4571440177477062,0.6777862204146242,-0.6777862204146242,-0.7594141025684279,-0.4394588774981491,2.0503963031570267,-0.45073946463777664,-0.35317776428217007,-0.4872228839185013,0.9836337901225568
-1.5374001472970094,0.1241891918539922,-0.5583934633584997,-0.4018832202117115,0.2474999637313551,"Yes",0.9243550627349376,-0.9243550627349376,1.0176557462730738,-1.017655746273074,1.5052261897644954,-0.6001530417063533,-0.4666998712158976,-0.28665106169144244,-0.4587407756823103,-0.58475601520244,-0.4635210479006337,1.6188159924436452,-0.4571440177477062,0.6777862204146242,-0.6777862204146242,1.3154878170174407,-0.4394588774981491,-0.4872228839185013,-0.45073946463777664,-0.35317776428217007,-0.4872228839185013,0.9836337901225568
-0.15315894011757583,-0.5192781234516669,-1.173364237982398,-0.4018832202117115,-0.1928914308084223,"No",0.9243550627349376,-0.9243550627349376,-0.9816679202752047,0.9816679202752049,1.5052261897644954,-0.6001530417063533,-0.4666998712158976,-0.28665106169144244,-0.4587407756823103,-0.58475601520244,-0.4635210479006337,1.6188159924436452,-0.4571440177477062,-1.473916066615929,1.473916066615929,1.3154878170174407,-0.4394588774981491,-0.4872228839185013,-0.45073946463777664,-0.35317776428217007,-0.4872228839185013,0.9836337901225568
-0.14006830454576277,-0.8410117811044965,0.05657731126539871,0.4872389483982698,0.4236565215472661,"No",0.9243550627349376,-0.9243550627349376,-0.9816679202752047,0.9816679202752049,-0.6636876283399649,-0.6001530417063533,2.1405619791522454,-0.28665106169144244,-0.4587407756823103,1.7084048287286975,-0.4635210479006337,-0.6171176987768593,-0.4571440177477062,0.6777862204146242,-0.6777862204146242,-0.7594141025684279,-0.4394588774981491,-0.4872228839185013,2.2163579592543923,-0.35317776428217007,-0.4872228839185013,0.9836337901225568
-0.771784975425542,-0.8410117811044965,-1.173364237982398,-0.4018832202117115,-1.0736742198879772,"No",-1.080753533219374,1.0807535332193738,-0.9816679202752047,0.9816679202752049,-0.6636876283399649,1.6645754175629042,-0.4666998712158976,-0.28665106169144244,-0.4587407756823103,1.7084048287286975,-0.4635210479006337,-0.6171176987768593,-0.4571440177477062,0.6777862204146242,-0.6777862204146242,-0.7594141025684279,-0.4394588774981491,2.0503963031570267,-0.45073946463777664,-0.35317776428217007,-0.4872228839185013,0.9836337901225568
-1.1691792695698673,-1.162745438757326,0.05657731126539871,0.4872389483982698,0.775969637179088,"Yes",0.9243550627349376,-0.9243550627349376,1.0176557462730738,-1.017655746273074,-0.6636876283399649,-0.6001530417063533,2.1405619791522454,-0.28665106169144244,-0.4587407756823103,-0.58475601520244,-0.4635210479006337,-0.6171176987768593,-0.4571440177477062,-1.473916066615929,1.473916066615929,-0.7594141025684279,-0.4394588774981491,-0.4872228839185013,2.2163579592543923,-0.35317776428217007,-0.4872228839185013,0.9836337901225568
0.4420909602407242,-0.19754446579883733,-1.173364237982398,-1.2910053888216928,-1.0736742198879772,"Yes",0.9243550627349376,-0.9243550627349376,-0.9816679202752047,0.9816679202752049,-0.6636876283399649,-0.6001530417063533,-0.4666998712158976,-0.28665106169144244,2.1777004638711976,1.7084048287286975,-0.4635210479006337,-0.6171176987768593,-0.4571440177477062,0.6777862204146242,-0.6777862204146242,-0.7594141025684279,-0.4394588774981491,-0.4872228839185013,2.2163579592543923,-0.35317776428217007,-0.4872228839185013,0.9836337901225568
-0.2212302450910038,0.7676565071596513,-1.173364237982398,-0.4018832202117115,-0.5452045464402442,"Yes",-1.080753533219374,1.0807535332193738,-0.9816679202752047,0.9816679202752049,1.5052261897644954,-0.6001530417063533,-0.4666998712158976,-0.28665106169144244,-0.4587407756823103,-0.58475601520244,-0.4635210479006337,-0.6171176987768593,2.185306951892214,-1.473916066615929,1.473916066615929,1.3154878170174407,-0.4394588774981491,-0.4872228839185013,-0.45073946463777664,-0.35317776428217007,-0.4872228839185013,0.9836337901225568
0.9490725750290846,-0.5192781234516669,-1.173364237982398,0.4872389483982698,-1.1617524987959327,"No",-1.080753533219374,1.0807535332193738,-0.9816679202752047,0.9816679202752049,-0.6636876283399649,-0.6001530417063533,2.1405619791522454,-0.28665106169144244,-0.4587407756823103,1.7084048287286975,-0.4635210479006337,-0.6171176987768593,-0.4571440177477062,0.6777862204146242,-0.6777862204146242,-0.7594141025684279,-0.4394588774981491,2.0503963031570267,-0.45073946463777664,-0.35317776428217007,-0.4872228839185013,0.9836337901225568
0.3889803816350826,0.7676565071596513,-1.173364237982398,-0.4018832202117115,-0.5452045464402442,"Yes",-1.080753533219374,1.0807535332193738,1.0176557462730738,-1.017655746273074,1.5052261897644954,-0.6001530417063533,-0.4666998712158976,-0.28665106169144244,-0.4587407756823103,-0.58475601520244,-0.4635210479006337,-0.6171176987768593,2.185306951892214,-1.473916066615929,1.473916066615929,1.3154878170174407,-0.4394588774981491,-0.4872228839185013,-0.45073946463777664,-0.35317776428217007,-0.4872228839185013,0.9836337901225568
1.512156913696644,0.1241891918539922,0.05657731126539871,0.4872389483982698,0.952126194994999,"No",0.9243550627349376,-0.9243550627349376,-0.9816679202752047,0.9816679202752049,-0.6636876283399649,-0.6001530417063533,2.1405619791522454,-0.28665106169144244,-0.4587407756823103,-0.58475601520244,-0.4635210479006337,1.6188159924436452,-0.4571440177477062,0.6777862204146242,-0.6777862204146242,-0.7594141025684279,-0.4394588774981491,-0.4872228839185013,-0.45073946463777664,2.8286038959175603,-0.4872228839185013,0.9836337901225568
1.2580115745238731,0.44592284950682176,0.6715480858892972,-0.4018832202117115,0.4236565215472661,"No",0.9243550627349376,-0.9243550627349376,-0.9816679202752047,0.9816679202752049,-0.6636876283399649,1.6645754175629042,-0.4666998712158976,-0.28665106169144244,-0.4587407756823103,-0.58475601520244,-0.4635210479006337,1.6188159924436452,-0.4571440177477062,0.6777862204146242,-0.6777862204146242,-0.7594141025684279,-0.4394588774981491,2.0503963031570267,-0.45073946463777664,-0.35317776428217007,-0.4872228839185013,0.9836337901225568
0.9329897941837143,-0.8410117811044965,1.901489635137094,1.376361117008251,1.3925175895347763,"Yes",-1.080753533219374,1.0807535332193738,-0.9816679202752047,0.9816679202752049,-0.6636876283399649,-0.6001530417063533,-0.4666998712158976,3.48507343424859,-0.4587407756823103,1.7084048287286975,-0.4635210479006337,-0.6171176987768593,-0.4571440177477062,0.6777862204146242,-0.6777862204146242,-0.7594141025684279,-0.4394588774981491,-0.4872228839185013,-0.45073946463777664,2.8286038959175603,-0.4872228839185013,0.9836337901225568
1.1405698725367501,1.73285748011814,0.6715480858892972,2.2654832856182323,-0.1928914308084223,"No",-1.080753533219374,1.0807535332193738,1.0176557462730738,-1.017655746273074,1.5052261897644954,-0.6001530417063533,-0.4666998712158976,-0.28665106169144244,-0.4587407756823103,-0.58475601520244,-0.4635210479006337,-0.6171176987768593,2.185306951892214,-1.473916066615929,1.473916066615929,-0.7594141025684279,-0.4394588774981491,-0.4872228839185013,2.2163579592543923,-0.35317776428217007,-0.4872228839185013,0.9836337901225568
-1.1265411994216763,0.1241891918539922,-0.5583934633584997,-0.4018832202117115,0.1594216848233996,"No",0.9243550627349376,-0.9243550627349376,-0.9816679202752047,0.9816679202752049,-0.6636876283399649,1.6645754175629042,-0.4666998712158976,-0.28665106169144244,-0.4587407756823103,1.7084048287286975,-0.4635210479006337,-0.6171176987768593,-0.4571440177477062,0.6777862204146242,-0.6777862204146242,1.3154878170174407,-0.4394588774981491,-0.4872228839185013,-0.45073946463777664,-0.35317776428217007,-0.4872228839185013,0.9836337901225568
-1.6357669231652046,0.1241891918539922,0.05657731126539871,0.4872389483982698,0.952126194994999,"No",0.9243550627349376,-0.9243550627349376,-0.9816679202752047,0.9816679202752049,-0.6636876283399649,-0.6001530417063533,2.1405619791522454,-0.28665106169144244,-0.4587407756823103,-0.58475601520244,-0.4635210479006337,1.6188159924436452,-0.4571440177477062,0.6777862204146242,-0.6777862204146242,-0.7594141025684279,-0.4394588774981491,-0.4872228839185013,-0.45073946463777664,2.8286038959175603,-0.4872228839185013,0.9836337901225568
0.40244503536609033,0.44592284950682176,0.6715480858892972,0.4872389483982698,0.775969637179088,"Yes",-1.080753533219374,1.0807535332193738,1.0176557462730738,-1.017655746273074,-0.6636876283399649,-0.6001530417063533,-0.4666998712158976,-0.28665106169144244,2.1777004638711976,-0.58475601520244,-0.4635210479006337,-0.6171176987768593,2.185306951892214,0.6777862204146242,-0.6777862204146242,-0.7594141025684279,-0.4394588774981491,2.0503963031570267,-0.45073946463777664,-0.35317776428217007,-0.4872228839185013,0.9836337901225568
0.6042278322516089,-0.19754446579883733,0.6715480858892972,0.4872389483982698,-0.36904798862433325,"No",0.9243550627349376,-0.9243550627349376,-0.9816679202752047,0.9816679202752049,1.5052261897644954,-0.6001530417063533,-0.4666998712158976,-0.28665106169144244,-0.4587407756823103,1.7084048287286975,-0.4635210479006337,-0.6171176987768593,-0.4571440177477062,0.6777862204146242,-0.6777862204146242,-0.7594141025684279,2.273250242860796,-0.4872228839185013,-0.45073946463777664,-0.35317776428217007,-0.4872228839185013,0.9836337901225568
-0.9505656555205891,-0.8410117811044965,-0.5583934633584997,-0.4018832202117115,0.775969637179088,"Yes",0.9243550627349376,-0.9243550627349376,1.0176557462730738,-1.017655746273074,1.5052261897644954,-0.6001530417063533,-0.4666998712158976,-0.28665106169144244,-0.4587407756823103,1.7084048287286975,-0.4635210479006337,-0.6171176987768593,-0.4571440177477062,0.6777862204146242,-0.6777862204146242,-0.7594141025684279,-0.4394588774981491,2.0503963031570267,-0.45073946463777664,-0.35317776428217007,-0.4872228839185013,0.9836337901225568
1.3675988951679081,0.44592284950682176,0.05657731126539871,-1.2910053888216928,-0.5452045464402442,"Yes",-1.080753533219374,1.0807535332193738,1.0176557462730738,-1.017655746273074,1.5052261897644954,-0.6001530417063533,-0.4666998712158976,-0.28665106169144244,-0.4587407756823103,1.7084048287286975,-0.4635210479006337,-0.6171176987768593,-0.4571440177477062,0.6777862204146242,-0.6777862204146242,-0.7594141025684279,2.273250242860796,-0.4872228839185013,-0.45073946463777664,-0.35317776428217007,-0.4872228839185013,0.9836337901225568
-0.3074414307853727,-0.8410117811044965,-1.173364237982398,0.4872389483982698,-1.60214389333571,"No",-1.080753533219374,1.0807535332193738,-0.9816679202752047,0.9816679202752049,-0.6636876283399649,-0.6001530417063533,-0.4666998712158976,3.48507343424859,-0.4587407756823103,-0.58475601520244,2.1552419345888225,-0.6171176987768593,-0.4571440177477062,-1.473916066615929,1.473916066615929,1.3154878170174407,-0.4394588774981491,-0.4872228839185013,-0.45073946463777664,-0.35317776428217007,-0.4872228839185013,0.9836337901225568
-0.7643046122416489,0.44592284950682176,1.901489635137094,0.4872389483982698,1.4805958684427318,"No",0.9243550627349376,-0.9243550627349376,-0.9816679202752047,0.9816679202752049,1.5052261897644954,-0.6001530417063533,-0.4666998712158976,-0.28665106169144244,-0.4587407756823103,-0.58475601520244,-0.4635210479006337,-0.6171176987768593,2.185306951892214,0.6777862204146242,-0.6777862204146242,-0.7594141025684279,2.273250242860796,-0.4872228839185013,-0.45073946463777664,-0.35317776428217007,-0.4872228839185013,0.9836337901225568
1.5544209656856405,-0.19754446579883733,0.05657731126539871,0.4872389483982698,2.3613786575222866,"No",0.9243550627349376,-0.9243550627349376,-0.9816679202752047,0.9816679202752049,-0.6636876283399649,-0.6001530417063533,-0.4666998712158976,-0.28665106169144244,2.1777004638711976,-0.58475601520244,-0.4635210479006337,-0.6171176987768593,2.185306951892214,0.6777862204146242,-0.6777862204146242,-0.7594141025684279,-0.4394588774981491,2.0503963031570267,-0.45073946463777664,-0.35317776428217007,-0.4872228839185013,0.9836337901225568
0.8321919002807536,1.0893901648124809,1.2865188605131956,0.4872389483982698,0.07134340591544414,"No",0.9243550627349376,-0.9243550627349376,-0.9816679202752047,0.9816679202752049,-0.6636876283399649,-0.6001530417063533,2.1405619791522454,-0.28665106169144244,-0.4587407756823103,-0.58475601520244,-0.4635210479006337,1.6188159924436452,-0.4571440177477062,0.6777862204146242,-0.6777862204146242,-0.7594141025684279,-0.4394588774981491,-0.4872228839185013,2.2163579592543923,-0.35317776428217007,-0.4872228839185013,0.9836337901225568
1.5147750408110066,0.7676565071596513,0.05657731126539871,-1.2910053888216928,-0.6332828253481997,"Yes",0.9243550627349376,-0.9243550627349376,-0.9816679202752047,0.9816679202752049,-0.6636876283399649,-0.6001530417063533,-0.4666998712158976,-0.28665106169144244,2.1777004638711976,-0.58475601520244,-0.4635210479006337,1.6188159924436452,-0.4571440177477062,0.6777862204146242,-0.6777862204146242,1.3154878170174407,-0.4394588774981491,-0.4872228839185013,-0.45073946463777664,-0.35317776428217007,-0.4872228839185013,0.9836337901225568
-1.6252944147077542,0.7676565071596513,1.2865188605131956,0.4872389483982698,2.4494569364302423,"Yes",0.9243550627349376,-0.9243550627349376,1.0176557462730738,-1.017655746273074,-0.6636876283399649,-0.6001530417063533,-0.4666998712158976,-0.28665106169144244,2.1777004638711976,-0.58475601520244,-0.4635210479006337,-0.6171176987768593,2.185306951892214,0.6777862204146242,-0.6777862204146242,1.3154878170174407,-0.4394588774981491,-0.4872228839185013,-0.45073946463777664,-0.35317776428217007,-0.4872228839185013,0.9836337901225568
-0.9526227553961597,-0.8410117811044965,-1.173364237982398,-1.2910053888216928,-1.0736742198879772,"No",0.9243550627349376,-0.9243550627349376,-0.9816679202752047,0.9816679202752049,-0.6636876283399649,-0.6001530417063533,-0.4666998712158976,-0.28665106169144244,2.1777004638711976,1.7084048287286975,-0.4635210479006337,-0.6171176987768593,-0.4571440177477062,0.6777862204146242,-0.6777862204146242,1.3154878170174407,-0.4394588774981491,-0.4872228839185013,-0.45073946463777664,-0.35317776428217007,-0.4872228839185013,0.9836337901225568
-0.7134381425911752,0.1241891918539922,-0.5583934633584997,-0.4018832202117115,0.3355782426393106,"Yes",0.9243550627349376,-0.9243550627349376,1.0176557462730738,-1.017655746273074,1.5052261897644954,-0.6001530417063533,-0.4666998712158976,-0.28665106169144244,-0.4587407756823103,-0.58475601520244,-0.4635210479006337,1.6188159924436452,-0.4571440177477062,0.6777862204146242,-0.6777862204146242,-0.7594141025684279,2.273250242860796,-0.4872228839185013,-0.45073946463777664,-0.35317776428217007,-0.4872228839185013,0.9836337901225568
-0.04394563763273537,0.7676565071596513,1.2865188605131956,0.4872389483982698,2.0971438207984203,"No",0.9243550627349376,-0.9243550627349376,-0.9816679202752047,0.9816679202752049,-0.6636876283399649,-0.6001530417063533,-0.4666998712158976,-0.28665106169144244,2.1777004638711976,-0.58475601520244,-0.4635210479006337,-0.6171176987768593,2.185306951892214,0.6777862204146242,-0.6777862204146242,-0.7594141025684279,-0.4394588774981491,2.0503963031570267,-0.45073946463777664,-0.35317776428217007,-0.4872228839185013,0.9836337901225568
0.717181316328396,-1.162745438757326,0.05657731126539871,0.4872389483982698,0.4236565215472661,"No",0.9243550627349376,-0.9243550627349376,1.0176557462730738,-1.017655746273074,-0.6636876283399649,-0.6001530417063533,-0.4666998712158976,3.48507343424859,-0.4587407756823103,-0.58475601520244,2.1552419345888225,-0.6171176987768593,-0.4571440177477062,0.6777862204146242,-0.6777862204146242,1.3154878170174407,-0.4394588774981491,-0.4872228839185013,-0.45073946463777664,-0.35317776428217007,-0.4872228839185013,0.9836337901225568
-1.5258055843619749,0.44592284950682176,0.6715480858892972,-1.2910053888216928,-0.8975176620720662,"No",0.9243550627349376,-0.9243550627349376,-0.9816679202752047,0.9816679202752049,-0.6636876283399649,-0.6001530417063533,-0.4666998712158976,-0.28665106169144244,2.1777004638711976,-0.58475601520244,-0.4635210479006337,1.6188159924436452,-0.4571440177477062,0.6777862204146242,-0.6777862204146242,-0.7594141025684279,2.273250242860796,-0.4872228839185013,-0.45073946463777664,-0.35317776428217007,-0.4872228839185013,0.9836337901225568
-1.5604022640874808,-0.19754446579883733,-1.173364237982398,-1.2910053888216928,-1.0736742198879772,"No",0.9243550627349376,-0.9243550627349376,-0.9816679202752047,0.9816679202752049,-0.6636876283399649,-0.6001530417063533,-0.4666998712158976,-0.28665106169144244,2.1777004638711976,1.7084048287286975,-0.4635210479006337,-0.6171176987768593,-0.4571440177477062,0.6777862204146242,-0.6777862204146242,1.3154878170174407,-0.4394588774981491,-0.4872228839185013,-0.45073946463777664,-0.35317776428217007,-0.4872228839185013,0.9836337901225568
1.2400587028825294,0.1241891918539922,1.2865188605131956,0.4872389483982698,-0.1928914308084223,"No",-1.080753533219374,1.0807535332193738,1.0176557462730738,-1.017655746273074,1.5052261897644954,-0.6001530417063533,-0.4666998712158976,-0.28665106169144244,-0.4587407756823103,1.7084048287286975,-0.4635210479006337,-0.6171176987768593,-0.4571440177477062,-1.473916066615929,1.473916066615929,1.3154878170174407,-0.4394588774981491,-0.4872228839185013,-0.45073946463777664,-0.35317776428217007,-0.4872228839185013,0.9836337901225568
1.3292620338504557,0.44592284950682176,-0.5583934633584997,-1.2910053888216928,-0.8094393831641107,"Yes",0.9243550627349376,-0.9243550627349376,1.0176557462730738,-1.017655746273074,-0.6636876283399649,-0.6001530417063533,-0.4666998712158976,-0.28665106169144244,2.1777004638711976,1.7084048287286975,-0.4635210479006337,-0.6171176987768593,-0.4571440177477062,0.6777862204146242,-0.6777862204146242,1.3154878170174407,-0.4394588774981491,-0.4872228839185013,-0.45073946463777664,-0.35317776428217007,-0.4872228839185013,0.9836337901225568
-0.13801120467019215,-0.5192781234516669,0.05657731126539871,-0.4018832202117115,0.3355782426393106,"No",0.9243550627349376,-0.9243550627349376,1.0176557462730738,-1.017655746273074,-0.6636876283399649,1.6645754175629042,-0.4666998712158976,-0.28665106169144244,-0.4587407756823103,-0.58475601520244,2.1552419345888225,-0.6171176987768593,-0.4571440177477062,0.6777862204146242,-0.6777862204146242,1.3154878170174407,-0.4394588774981491,-0.4872228839185013,-0.45073946463777664,-0.35317776428217007,-0.4872228839185013,0.9836337901225568
-1.225094984369469,1.4111238224653104,-0.5583934633584997,1.376361117008251,2.5375352153381976,"Yes",-1.080753533219374,1.0807535332193738,-0.9816679202752047,0.9816679202752049,-0.6636876283399649,-0.6001530417063533,-0.4666998712158976,-0.28665106169144244,2.1777004638711976,-0.58475601520244,-0.4635210479006337,-0.6171176987768593,2.185306951892214,0.6777862204146242,-0.6777862204146242,-0.7594141025684279,2.273250242860796,-0.4872228839185013,-0.45073946463777664,-0.35317776428217007,-0.4872228839185013,0.9836337901225568
-0.5546674340130424,0.44592284950682176,1.2865188605131956,0.4872389483982698,-0.10481315190046682,"Yes",-1.080753533219374,1.0807535332193738,1.0176557462730738,-1.017655746273074,1.5052261897644954,-0.6001530417063533,-0.4666998712158976,-0.28665106169144244,-0.4587407756823103,1.7084048287286975,-0.4635210479006337,-0.6171176987768593,-0.4571440177477062,0.6777862204146242,-0.6777862204146242,-0.7594141025684279,2.273250242860796,-0.4872228839185013,-0.45073946463777664,-0.35317776428217007,-0.4872228839185013,0.9836337901225568
-1.0092865065141505,0.1241891918539922,-0.5583934633584997,-1.2910053888216928,-0.8094393831641107,"No",0.9243550627349376,-0.9243550627349376,-0.9816679202752047,0.9816679202752049,-0.6636876283399649,-0.6001530417063533,-0.4666998712158976,-0.28665106169144244,2.1777004638711976,-0.58475601520244,-0.4635210479006337,1.6188159924436452,-0.4571440177477062,0.6777862204146242,-0.6777862204146242,1.3154878170174407,-0.4394588774981491,-0.4872228839185013,-0.45073946463777664,-0.35317776428217007,-0.4872228839185013,0.9836337901225568
-1.139444825913892,0.44592284950682176,0.6715480858892972,-1.2910053888216928,-0.8094393831641107,"Yes",0.9243550627349376,-0.9243550627349376,-0.9816679202752047,0.9816679202752049,-0.6636876283399649,-0.6001530417063533,-0.4666998712158976,-0.28665106169144244,2.1777004638711976,-0.58475601520244,-0.4635210479006337,1.6188159924436452,-0.4571440177477062,0.6777862204146242,-0.6777862204146242,1.3154878170174407,-0.4394588774981491,-0.4872228839185013,-0.45073946463777664,-0.35317776428217007,-0.4872228839185013,0.9836337901225568
0.08135044569747545,-0.19754446579883733,1.2865188605131956,0.4872389483982698,1.7448307051665983,"Yes",0.9243550627349376,-0.9243550627349376,1.0176557462730738,-1.017655746273074,1.5052261897644954,-0.6001530417063533,-0.4666998712158976,-0.28665106169144244,-0.4587407756823103,-0.58475601520244,-0.4635210479006337,-0.6171176987768593,2.185306951892214,0.6777862204146242,-0.6777862204146242,-0.7594141025684279,-0.4394588774981491,-0.4872228839185013,2.2163579592543923,-0.35317776428217007,-0.4872228839185013,0.9836337901225568
0.302395177781519,-0.19754446579883733,-0.5583934633584997,-1.2910053888216928,-0.8975176620720662,"Yes",0.9243550627349376,-0.9243550627349376,1.0176557462730738,-1.017655746273074,1.5052261897644954,-0.6001530417063533,-0.4666998712158976,-0.28665106169144244,-0.4587407756823103,1.7084048287286975,-0.4635210479006337,-0.6171176987768593,-0.4571440177477062,0.6777862204146242,-0.6777862204146242,1.3154878170174407,-0.4394588774981491,-0.4872228839185013,-0.45073946463777664,-0.35317776428217007,-0.4872228839185013,0.9836337901225568
-1.4842895686913677,-0.8410117811044965,-1.173364237982398,0.4872389483982698,-1.425987335519799,"No",0.9243550627349376,-0.9243550627349376,-0.9816679202752047,0.9816679202752049,-0.6636876283399649,-0.6001530417063533,-0.4666998712158976,3.48507343424859,-0.4587407756823103,-0.58475601520244,2.1552419345888225,-0.6171176987768593,-0.4571440177477062,-1.473916066615929,1.473916066615929,1.3154878170174407,-0.4394588774981491,-0.4872228839185013,-0.45073946463777664,-0.35317776428217007,-0.4872228839185013,0.9836337901225568
-0.3553157551622891,0.44592284950682176,1.901489635137094,1.376361117008251,1.3925175895347763,"Yes",-1.080753533219374,1.0807535332193738,-0.9816679202752047,0.9816679202752049,1.5052261897644954,-0.6001530417063533,-0.4666998712158976,-0.28665106169144244,-0.4587407756823103,-0.58475601520244,-0.4635210479006337,-0.6171176987768593,2.185306951892214,0.6777862204146242,-0.6777862204146242,-0.7594141025684279,-0.4394588774981491,-0.4872228839185013,-0.45073946463777664,2.8286038959175603,-0.4872228839185013,0.9836337901225568
1.5383381848402702,0.44592284950682176,1.901489635137094,1.376361117008251,0.1594216848233996,"No",0.9243550627349376,-0.9243550627349376,1.0176557462730738,-1.017655746273074,-0.6636876283399649,-0.6001530417063533,-0.4666998712158976,-0.28665106169144244,2.1777004638711976,-0.58475601520244,-0.4635210479006337,1.6188159924436452,-0.4571440177477062,0.6777862204146242,-0.6777862204146242,-0.7594141025684279,-0.4394588774981491,-0.4872228839185013,-0.45073946463777664,2.8286038959175603,-0.4872228839185013,0.9836337901225568
-0.7188614058994978,-0.5192781234516669,1.2865188605131956,0.4872389483982698,-0.016734872992511342,"Yes",0.9243550627349376,-0.9243550627349376,-0.9816679202752047,0.9816679202752049,-0.6636876283399649,-0.6001530417063533,2.1405619791522454,-0.28665106169144244,-0.4587407756823103,1.7084048287286975,-0.4635210479006337,-0.6171176987768593,-0.4571440177477062,0.6777862204146242,-0.6777862204146242,1.3154878170174407,-0.4394588774981491,-0.4872228839185013,-0.45073946463777664,-0.35317776428217007,-0.4872228839185013,0.9836337901225568
-0.2541438431001338,0.1241891918539922,1.2865188605131956,0.4872389483982698,-0.1928914308084223,"Yes",-1.080753533219374,1.0807535332193738,1.0176557462730738,-1.017655746273074,1.5052261897644954,-0.6001530417063533,-0.4666998712158976,-0.28665106169144244,-0.4587407756823103,1.7084048287286975,-0.4635210479006337,-0.6171176987768593,-0.4571440177477062,0.6777862204146242,-0.6777862204146242,-0.7594141025684279,2.273250242860796,-0.4872228839185013,-0.45073946463777664,-0.35317776428217007,-0.4872228839185013,0.9836337901225568
1.6628862318520916,0.7676565071596513,0.6715480858892972,-1.2910053888216928,-0.36904798862433325,"No",-1.080753533219374,1.0807535332193738,-0.9816679202752047,0.9816679202752049,1.5052261897644954,-0.6001530417063533,-0.4666998712158976,-0.28665106169144244,-0.4587407756823103,1.7084048287286975,-0.4635210479006337,-0.6171176987768593,-0.4571440177477062,0.6777862204146242,-0.6777862204146242,-0.7594141025684279,2.273250242860796,-0.4872228839185013,-0.45073946463777664,-0.35317776428217007,-0.4872228839185013,0.9836337901225568
-1.0349067504189848,1.0893901648124809,1.2865188605131956,-0.4018832202117115,2.5375352153381976,"No",-1.080753533219374,1.0807535332193738,-0.9816679202752047,0.9816679202752049,-0.6636876283399649,-0.6001530417063533,-0.4666998712158976,-0.28665106169144244,2.1777004638711976,-0.58475601520244,-0.4635210479006337,-0.6171176987768593,2.185306951892214,0.6777862204146242,-0.6777862204146242,-0.7594141025684279,-0.4394588774981491,2.0503963031570267,-0.45073946463777664,-0.35317776428217007,-0.4872228839185013,0.9836337901225568
1.1854520516401093,0.1241891918539922,0.05657731126539871,-1.2910053888216928,-0.7213611042561552,"Yes",-1.080753533219374,1.0807535332193738,1.0176557462730738,-1.017655746273074,1.5052261897644954,-0.6001530417063533,-0.4666998712158976,-0.28665106169144244,-0.4587407756823103,1.7084048287286975,-0.4635210479006337,-0.6171176987768593,-0.4571440177477062,-1.473916066615929,1.473916066615929,1.3154878170174407,-0.4394588774981491,-0.4872228839185013,-0.45073946463777664,-0.35317776428217007,-0.4872228839185013,0.9836337901225568
0.3897284179534719,1.0893901648124809,1.2865188605131956,-0.4018832202117115,-0.5452045464402442,"Yes",-1.080753533219374,1.0807535332193738,-0.9816679202752047,0.9816679202752049,1.5052261897644954,-0.6001530417063533,-0.4666998712158976,-0.28665106169144244,-0.4587407756823103,-0.58475601520244,-0.4635210479006337,-0.6171176987768593,2.185306951892214,0.6777862204146242,-0.6777862204146242,-0.7594141025684279,-0.4394588774981491,-0.4872228839185013,2.2163579592543923,-0.35317776428217007,-0.4872228839185013,0.9836337901225568
1.015086780126942,0.1241891918539922,-0.5583934633584997,-1.2910053888216928,-0.8975176620720662,"Yes",0.9243550627349376,-0.9243550627349376,-0.9816679202752047,0.9816679202752049,-0.6636876283399649,-0.6001530417063533,-0.4666998712158976,-0.28665106169144244,2.1777004638711976,-0.58475601520244,-0.4635210479006337,1.6188159924436452,-0.4571440177477062,0.6777862204146242,-0.6777862204146242,-0.7594141025684279,2.273250242860796,-0.4872228839185013,-0.45073946463777664,-0.35317776428217007,-0.4872228839185013,0.9836337901225568
-0.04095349235917809,-0.19754446579883733,1.2865188605131956,0.4872389483982698,1.6567524262586428,"No",0.9243550627349376,-0.9243550627349376,-0.9816679202752047,0.9816679202752049,1.5052261897644954,-0.6001530417063533,-0.4666998712158976,-0.28665106169144244,-0.4587407756823103,-0.58475601520244,-0.4635210479006337,-0.6171176987768593,2.185306951892214,0.6777862204146242,-0.6777862204146242,-0.7594141025684279,-0.4394588774981491,-0.4872228839185013,-0.45073946463777664,2.8286038959175603,-0.4872228839185013,0.9836337901225568
0.6038538140924142,-0.19754446579883733,0.6715480858892972,0.4872389483982698,-0.2809697097163778,"Yes",-1.080753533219374,1.0807535332193738,-0.9816679202752047,0.9816679202752049,1.5052261897644954,-0.6001530417063533,-0.4666998712158976,-0.28665106169144244,-0.4587407756823103,1.7084048287286975,-0.4635210479006337,-0.6171176987768593,-0.4571440177477062,0.6777862204146242,-0.6777862204146242,-0.7594141025684279,2.273250242860796,-0.4872228839185013,-0.45073946463777664,-0.35317776428217007,-0.4872228839185013,0.9836337901225568
0.3233401946964199,0.1241891918539922,-1.173364237982398,-1.2910053888216928,-0.45712626753228874,"Yes",0.9243550627349376,-0.9243550627349376,-0.9816679202752047,0.9816679202752049,-0.6636876283399649,-0.6001530417063533,-0.4666998712158976,-0.28665106169144244,2.1777004638711976,1.7084048287286975,-0.4635210479006337,-0.6171176987768593,-0.4571440177477062,0.6777862204146242,-0.6777862204146242,-0.7594141025684279,-0.4394588774981491,-0.4872228839185013,2.2163579592543923,-0.35317776428217007,-0.4872228839185013,0.9836337901225568
-1.1280372720584548,-0.5192781234516669,1.2865188605131956,0.4872389483982698,0.1594216848233996,"No",0.9243550627349376,-0.9243550627349376,-0.9816679202752047,0.9816679202752049,-0.6636876283399649,-0.6001530417063533,2.1405619791522454,-0.28665106169144244,-0.4587407756823103,1.7084048287286975,-0.4635210479006337,-0.6171176987768593,-0.4571440177477062,0.6777862204146242,-0.6777862204146242,-0.7594141025684279,2.273250242860796,-0.4872228839185013,-0.45073946463777664,-0.35317776428217007,-0.4872228839185013,0.9836337901225568
-1.2396816925780607,0.7676565071596513,1.901489635137094,0.4872389483982698,1.7448307051665983,"No",0.9243550627349376,-0.9243550627349376,1.0176557462730738,-1.017655746273074,1.5052261897644954,-0.6001530417063533,-0.4666998712158976,-0.28665106169144244,-0.4587407756823103,-0.58475601520244,-0.4635210479006337,-0.6171176987768593,2.185306951892214,0.6777862204146242,-0.6777862204146242,-0.7594141025684279,-0.4394588774981491,2.0503963031570267,-0.45073946463777664,-0.35317776428217007,-0.4872228839185013,0.9836337901225568
1.350955087083746,-0.5192781234516669,0.6715480858892972,-0.4018832202117115,-1.0736742198879772,"No",0.9243550627349376,-0.9243550627349376,1.0176557462730738,-1.017655746273074,-0.6636876283399649,1.6645754175629042,-0.4666998712158976,-0.28665106169144244,-0.4587407756823103,-0.58475601520244,2.1552419345888225,-0.6171176987768593,-0.4571440177477062,0.6777862204146242,-0.6777862204146242,-0.7594141025684279,-0.4394588774981491,-0.4872228839185013,2.2163579592543923,-0.35317776428217007,-0.4872228839185013,0.9836337901225568
1.6252974068530284,0.1241891918539922,0.05657731126539871,-1.2910053888216928,-0.7213611042561552,"Yes",-1.080753533219374,1.0807535332193738,-0.9816679202752047,0.9816679202752049,1.5052261897644954,-0.6001530417063533,-0.4666998712158976,-0.28665106169144244,-0.4587407756823103,1.7084048287286975,-0.4635210479006337,-0.6171176987768593,-0.4571440177477062,0.6777862204146242,-0.6777862204146242,-0.7594141025684279,2.273250242860796,-0.4872228839185013,-0.45073946463777664,-0.35317776428217007,-0.4872228839185013,0.9836337901225568
0.3267063581291718,0.7676565071596513,1.901489635137094,-1.2910053888216928,0.2474999637313551,"No",-1.080753533219374,1.0807535332193738,-0.9816679202752047,0.9816679202752049,-0.6636876283399649,-0.6001530417063533,-0.4666998712158976,-0.28665106169144244,2.1777004638711976,1.7084048287286975,-0.4635210479006337,-0.6171176987768593,-0.4571440177477062,-1.473916066615929,1.473916066615929,1.3154878170174407,-0.4394588774981491,-0.4872228839185013,-0.45073946463777664,-0.35317776428217007,-0.4872228839185013,0.9836337901225568
0.3339997122334677,0.1241891918539922,0.6715480858892972,0.4872389483982698,1.7448307051665983,"No",0.9243550627349376,-0.9243550627349376,-0.9816679202752047,0.9816679202752049,-0.6636876283399649,-0.6001530417063533,-0.4666998712158976,-0.28665106169144244,2.1777004638711976,-0.58475601520244,-0.4635210479006337,-0.6171176987768593,2.185306951892214,0.6777862204146242,-0.6777862204146242,-0.7594141025684279,-0.4394588774981491,-0.4872228839185013,-0.45073946463777664,2.8286038959175603,-0.4872228839185013,0.9836337901225568
1.3664768406903243,0.44592284950682176,0.6715480858892972,-1.2910053888216928,-0.8094393831641107,"Yes",-1.080753533219374,1.0807535332193738,-0.9816679202752047,0.9816679202752049,-0.6636876283399649,-0.6001530417063533,-0.4666998712158976,-0.28665106169144244,2.1777004638711976,-0.58475601520244,-0.4635210479006337,1.6188159924436452,-0.4571440177477062,-1.473916066615929,1.473916066615929,1.3154878170174407,-0.4394588774981491,-0.4872228839185013,-0.45073946463777664,-0.35317776428217007,-0.4872228839185013,0.9836337901225568
0.5148374922040854,1.73285748011814,0.6715480858892972,2.2654832856182323,-0.36904798862433325,"Yes",-1.080753533219374,1.0807535332193738,-0.9816679202752047,0.9816679202752049,1.5052261897644954,-0.6001530417063533,-0.4666998712158976,-0.28665106169144244,-0.4587407756823103,-0.58475601520244,-0.4635210479006337,-0.6171176987768593,2.185306951892214,0.6777862204146242,-0.6777862204146242,-0.7594141025684279,2.273250242860796,-0.4872228839185013,-0.45073946463777664,-0.35317776428217007,-0.4872228839185013,0.9836337901225568
0.38823234531669326,0.44592284950682176,-1.173364237982398,0.4872389483982698,-0.8975176620720662,"Yes",0.9243550627349376,-0.9243550627349376,1.0176557462730738,-1.017655746273074,-0.6636876283399649,1.6645754175629042,-0.4666998712158976,-0.28665106169144244,-0.4587407756823103,1.7084048287286975,-0.4635210479006337,-0.6171176987768593,-0.4571440177477062,0.6777862204146242,-0.6777862204146242,-0.7594141025684279,-0.4394588774981491,2.0503963031570267,-0.45073946463777664,-0.35317776428217007,-0.4872228839185013,0.9836337901225568
0.2777099792746715,-0.5192781234516669,1.2865188605131956,0.4872389483982698,1.4805958684427318,"No",0.9243550627349376,-0.9243550627349376,1.0176557462730738,-1.017655746273074,-0.6636876283399649,-0.6001530417063533,2.1405619791522454,-0.28665106169144244,-0.4587407756823103,-0.58475601520244,-0.4635210479006337,1.6188159924436452,-0.4571440177477062,0.6777862204146242,-0.6777862204146242,-0.7594141025684279,-0.4394588774981491,-0.4872228839185013,-0.45073946463777664,2.8286038959175603,-0.4872228839185013,0.9836337901225568
0.14736465079533279,-0.8410117811044965,0.05657731126539871,0.4872389483982698,0.5998130793631771,"No",0.9243550627349376,-0.9243550627349376,-0.9816679202752047,0.9816679202752049,-0.6636876283399649,-0.6001530417063533,2.1405619791522454,-0.28665106169144244,-0.4587407756823103,1.7084048287286975,-0.4635210479006337,-0.6171176987768593,-0.4571440177477062,0.6777862204146242,-0.6777862204146242,-0.7594141025684279,-0.4394588774981491,-0.4872228839185013,2.2163579592543923,-0.35317776428217007,-0.4872228839185013,0.9836337901225568
-1.4611004428212988,0.44592284950682176,0.6715480858892972,-0.4018832202117115,0.4236565215472661,"Yes",-1.080753533219374,1.0807535332193738,1.0176557462730738,-1.017655746273074,-0.6636876283399649,1.6645754175629042,-0.4666998712158976,-0.28665106169144244,-0.4587407756823103,-0.58475601520244,-0.4635210479006337,1.6188159924436452,-0.4571440177477062,0.6777862204146242,-0.6777862204146242,-0.7594141025684279,-0.4394588774981491,2.0503963031570267,-0.45073946463777664,-0.35317776428217007,-0.4872228839185013,0.9836337901225568
-0.574303387370762,-0.5192781234516669,0.6715480858892972,0.4872389483982698,0.8640479160870435,"Yes",0.9243550627349376,-0.9243550627349376,1.0176557462730738,-1.017655746273074,-0.6636876283399649,1.6645754175629042,-0.4666998712158976,-0.28665106169144244,-0.4587407756823103,-0.58475601520244,-0.4635210479006337,1.6188159924436452,-0.4571440177477062,-1.473916066615929,1.473916066615929,-0.7594141025684279,-0.4394588774981491,-0.4872228839185013,2.2163579592543923,-0.35317776428217007,-0.4872228839185013,0.9836337901225568
1.2645568923097796,0.44592284950682176,0.6715480858892972,0.4872389483982698,0.775969637179088,"Yes",-1.080753533219374,1.0807535332193738,-0.9816679202752047,0.9816679202752049,-0.6636876283399649,-0.6001530417063533,-0.4666998712158976,-0.28665106169144244,2.1777004638711976,-0.58475601520244,-0.4635210479006337,-0.6171176987768593,2.185306951892214,-1.473916066615929,1.473916066615929,-0.7594141025684279,-0.4394588774981491,-0.4872228839185013,2.2163579592543923,-0.35317776428217007,-0.4872228839185013,0.9836337901225568
-1.65989109443326,1.0893901648124809,0.05657731126539871,-0.4018832202117115,0.3355782426393106,"Yes",-1.080753533219374,1.0807535332193738,-0.9816679202752047,0.9816679202752049,-0.6636876283399649,1.6645754175629042,-0.4666998712158976,-0.28665106169144244,-0.4587407756823103,-0.58475601520244,-0.4635210479006337,1.6188159924436452,-0.4571440177477062,0.6777862204146242,-0.6777862204146242,-0.7594141025684279,2.273250242860796,-0.4872228839185013,-0.45073946463777664,-0.35317776428217007,-0.4872228839185013,0.9836337901225568
-0.7674837665948034,-0.19754446579883733,-1.173364237982398,-1.2910053888216928,-0.9855959409800217,"Yes",-1.080753533219374,1.0807535332193738,1.0176557462730738,-1.017655746273074,-0.6636876283399649,-0.6001530417063533,-0.4666998712158976,-0.28665106169144244,2.1777004638711976,1.7084048287286975,-0.4635210479006337,-0.6171176987768593,-0.4571440177477062,0.6777862204146242,-0.6777862204146242,-0.7594141025684279,-0.4394588774981491,-0.4872228839185013,2.2163579592543923,-0.35317776428217007,-0.4872228839185013,0.9836337901225568
1.2209837767636018,-0.5192781234516669,0.05657731126539871,0.4872389483982698,1.1282827528109098,"No",-1.080753533219374,1.0807535332193738,1.0176557462730738,-1.017655746273074,-0.6636876283399649,-0.6001530417063533,2.1405619791522454,-0.28665106169144244,-0.4587407756823103,-0.58475601520244,-0.4635210479006337,1.6188159924436452,-0.4571440177477062,0.6777862204146242,-0.6777862204146242,-0.7594141025684279,-0.4394588774981491,-0.4872228839185013,-0.45073946463777664,2.8286038959175603,-0.4872228839185013,0.9836337901225568
-1.5228134390884176,0.44592284950682176,-1.173364237982398,-1.2910053888216928,-0.45712626753228874,"No",0.9243550627349376,-0.9243550627349376,1.0176557462730738,-1.017655746273074,-0.6636876283399649,-0.6001530417063533,-0.4666998712158976,-0.28665106169144244,2.1777004638711976,-0.58475601520244,-0.4635210479006337,1.6188159924436452,-0.4571440177477062,0.6777862204146242,-0.6777862204146242,-0.7594141025684279,2.273250242860796,-0.4872228839185013,-0.45073946463777664,-0.35317776428217007,-0.4872228839185013,0.9836337901225568
0.651354120310136,0.1241891918539922,0.05657731126539871,0.4872389483982698,0.3355782426393106,"No",0.9243550627349376,-0.9243550627349376,-0.9816679202752047,0.9816679202752049,-0.6636876283399649,-0.6001530417063533,2.1405619791522454,-0.28665106169144244,-0.4587407756823103,-0.58475601520244,-0.4635210479006337,1.6188159924436452,-0.4571440177477062,0.6777862204146242,-0.6777862204146242,-0.7594141025684279,-0.4394588774981491,2.0503963031570267,-0.45073946463777664,-0.35317776428217007,-0.4872228839185013,0.9836337901225568
0.6532242111061093,0.1241891918539922,0.05657731126539871,0.4872389483982698,0.5117348004552216,"No",0.9243550627349376,-0.9243550627349376,-0.9816679202752047,0.9816679202752049,-0.6636876283399649,-0.6001530417063533,2.1405619791522454,-0.28665106169144244,-0.4587407756823103,-0.58475601520244,-0.4635210479006337,1.6188159924436452,-0.4571440177477062,0.6777862204146242,-0.6777862204146242,-0.7594141025684279,-0.4394588774981491,2.0503963031570267,-0.45073946463777664,-0.35317776428217007,-0.4872228839185013,0.9836337901225568
-0.07910334459703332,0.44592284950682176,1.901489635137094,1.376361117008251,0.2474999637313551,"No",0.9243550627349376,-0.9243550627349376,-0.9816679202752047,0.9816679202752049,-0.6636876283399649,-0.6001530417063533,-0.4666998712158976,-0.28665106169144244,2.1777004638711976,-0.58475601520244,-0.4635210479006337,1.6188159924436452,-0.4571440177477062,-1.473916066615929,1.473916066615929,-0.7594141025684279,-0.4394588774981491,-0.4872228839185013,-0.45073946463777664,2.8286038959175603,-0.4872228839185013,0.9836337901225568
-0.9447683740530719,-0.5192781234516669,-0.5583934633584997,-0.4018832202117115,0.4236565215472661,"Yes",0.9243550627349376,-0.9243550627349376,1.0176557462730738,-1.017655746273074,-0.6636876283399649,1.6645754175629042,-0.4666998712158976,-0.28665106169144244,-0.4587407756823103,-0.58475601520244,2.1552419345888225,-0.6171176987768593,-0.4571440177477062,0.6777862204146242,-0.6777862204146242,-0.7594141025684279,-0.4394588774981491,-0.4872228839185013,2.2163579592543923,-0.35317776428217007,-0.4872228839185013,0.9836337901225568
-1.4835415323729784,-0.5192781234516669,-1.173364237982398,0.4872389483982698,-1.5140656144277544,"Yes",-1.080753533219374,1.0807535332193738,1.0176557462730738,-1.017655746273074,-0.6636876283399649,-0.6001530417063533,2.1405619791522454,-0.28665106169144244,-0.4587407756823103,1.7084048287286975,-0.4635210479006337,-0.6171176987768593,-0.4571440177477062,-1.473916066615929,1.473916066615929,1.3154878170174407,-0.4394588774981491,-0.4872228839185013,-0.45073946463777664,-0.35317776428217007,-0.4872228839185013,0.9836337901225568
-1.5007463676959327,0.1241891918539922,-1.173364237982398,0.4872389483982698,-1.3379090566118435,"No",-1.080753533219374,1.0807535332193738,-0.9816679202752047,0.9816679202752049,-0.6636876283399649,1.6645754175629042,-0.4666998712158976,-0.28665106169144244,-0.4587407756823103,1.7084048287286975,-0.4635210479006337,-0.6171176987768593,-0.4571440177477062,0.6777862204146242,-0.6777862204146242,-0.7594141025684279,-0.4394588774981491,2.0503963031570267,-0.45073946463777664,-0.35317776428217007,-0.4872228839185013,0.9836337901225568
-1.0429481408416699,0.1241891918539922,0.05657731126539871,-1.2910053888216928,1.3044393106268208,"No",0.9243550627349376,-0.9243550627349376,-0.9816679202752047,0.9816679202752049,1.5052261897644954,-0.6001530417063533,-0.4666998712158976,-0.28665106169144244,-0.4587407756823103,-0.58475601520244,-0.4635210479006337,-0.6171176987768593,2.185306951892214,0.6777862204146242,-0.6777862204146242,-0.7594141025684279,2.273250242860796,-0.4872228839185013,-0.45073946463777664,-0.35317776428217007,-0.4872228839185013,0.9836337901225568
-0.35830790043584637,0.1241891918539922,-0.5583934633584997,-0.4018832202117115,0.07134340591544414,"Yes",0.9243550627349376,-0.9243550627349376,1.0176557462730738,-1.017655746273074,-0.6636876283399649,1.6645754175629042,-0.4666998712158976,-0.28665106169144244,-0.4587407756823103,1.7084048287286975,-0.4635210479006337,-0.6171176987768593,-0.4571440177477062,0.6777862204146242,-0.6777862204146242,1.3154878170174407,-0.4394588774981491,-0.4872228839185013,-0.45073946463777664,-0.35317776428217007,-0.4872228839185013,0.9836337901225568
-0.02056950268306917,0.1241891918539922,1.2865188605131956,0.4872389483982698,1.3925175895347763,"No",0.9243550627349376,-0.9243550627349376,1.0176557462730738,-1.017655746273074,1.5052261897644954,-0.6001530417063533,-0.4666998712158976,-0.28665106169144244,-0.4587407756823103,-0.58475601520244,-0.4635210479006337,-0.6171176987768593,2.185306951892214,0.6777862204146242,-0.6777862204146242,-0.7594141025684279,2.273250242860796,-0.4872228839185013,-0.45073946463777664,-0.35317776428217007,-0.4872228839185013,0.9836337901225568
-1.5527348918239903,0.44592284950682176,1.2865188605131956,-1.2910053888216928,-0.7213611042561552,"Yes",0.9243550627349376,-0.9243550627349376,-0.9816679202752047,0.9816679202752049,-0.6636876283399649,-0.6001530417063533,-0.4666998712158976,-0.28665106169144244,2.1777004638711976,-0.58475601520244,-0.4635210479006337,1.6188159924436452,-0.4571440177477062,0.6777862204146242,-0.6777862204146242,1.3154878170174407,-0.4394588774981491,-0.4872228839185013,-0.45073946463777664,-0.35317776428217007,-0.4872228839185013,0.9836337901225568
1.4538100808622771,-0.5192781234516669,-1.173364237982398,0.4872389483982698,-1.5140656144277544,"No",0.9243550627349376,-0.9243550627349376,1.0176557462730738,-1.017655746273074,-0.6636876283399649,-0.6001530417063533,2.1405619791522454,-0.28665106169144244,-0.4587407756823103,1.7084048287286975,-0.4635210479006337,-0.6171176987768593,-0.4571440177477062,0.6777862204146242,-0.6777862204146242,-0.7594141025684279,-0.4394588774981491,2.0503963031570267,-0.45073946463777664,-0.35317776428217007,-0.4872228839185013,0.9836337901225568
0.6524761747877199,0.7676565071596513,0.05657731126539871,0.4872389483982698,0.5117348004552216,"No",-1.080753533219374,1.0807535332193738,-0.9816679202752047,0.9816679202752049,-0.6636876283399649,-0.6001530417063533,-0.4666998712158976,3.48507343424859,-0.4587407756823103,1.7084048287286975,-0.4635210479006337,-0.6171176987768593,-0.4571440177477062,-1.473916066615929,1.473916066615929,-0.7594141025684279,-0.4394588774981491,-0.4872228839185013,2.2163579592543923,-0.35317776428217007,-0.4872228839185013,0.9836337901225568
-0.8740789419652814,0.1241891918539922,-0.5583934633584997,-1.2910053888216928,-0.8094393831641107,"No",-1.080753533219374,1.0807535332193738,1.0176557462730738,-1.017655746273074,-0.6636876283399649,-0.6001530417063533,-0.4666998712158976,-0.28665106169144244,2.1777004638711976,1.7084048287286975,-0.4635210479006337,-0.6171176987768593,-0.4571440177477062,0.6777862204146242,-0.6777862204146242,-0.7594141025684279,-0.4394588774981491,-0.4872228839185013,2.2163579592543923,-0.35317776428217007,-0.4872228839185013,0.9836337901225568
0.3031432140999083,0.1241891918539922,-0.5583934633584997,-1.2910053888216928,-0.8975176620720662,"Yes",0.9243550627349376,-0.9243550627349376,1.0176557462730738,-1.017655746273074,-0.6636876283399649,-0.6001530417063533,-0.4666998712158976,-0.28665106169144244,2.1777004638711976,1.7084048287286975,-0.4635210479006337,-0.6171176987768593,-0.4571440177477062,0.6777862204146242,-0.6777862204146242,-0.7594141025684279,2.273250242860796,-0.4872228839185013,-0.45073946463777664,-0.35317776428217007,-0.4872228839185013,0.9836337901225568
0.6633227014043651,-0.5192781234516669,0.6715480858892972,0.4872389483982698,0.8640479160870435,"No",0.9243550627349376,-0.9243550627349376,1.0176557462730738,-1.017655746273074,-0.6636876283399649,1.6645754175629042,-0.4666998712158976,-0.28665106169144244,-0.4587407756823103,-0.58475601520244,-0.4635210479006337,1.6188159924436452,-0.4571440177477062,0.6777862204146242,-0.6777862204146242,-0.7594141025684279,-0.4394588774981491,2.0503963031570267,-0.45073946463777664,-0.35317776428217007,-0.4872228839185013,0.9836337901225568
0.8146130467986047,0.1241891918539922,1.2865188605131956,0.4872389483982698,-0.1928914308084223,"No",0.9243550627349376,-0.9243550627349376,1.0176557462730738,-1.017655746273074,1.5052261897644954,-0.6001530417063533,-0.4666998712158976,-0.28665106169144244,-0.4587407756823103,1.7084048287286975,-0.4635210479006337,-0.6171176987768593,-0.4571440177477062,0.6777862204146242,-0.6777862204146242,1.3154878170174407,-0.4394588774981491,-0.4872228839185013,-0.45073946463777664,-0.35317776428217007,-0.4872228839185013,0.9836337901225568
1.184142988082928,-0.19754446579883733,-0.5583934633584997,-1.2910053888216928,-0.8975176620720662,"Yes",0.9243550627349376,-0.9243550627349376,1.0176557462730738,-1.017655746273074,1.5052261897644954,-0.6001530417063533,-0.4666998712158976,-0.28665106169144244,-0.4587407756823103,1.7084048287286975,-0.4635210479006337,-0.6171176987768593,-0.4571440177477062,0.6777862204146242,-0.6777862204146242,-0.7594141025684279,2.273250242860796,-0.4872228839185013,-0.45073946463777664,-0.35317776428217007,-0.4872228839185013,0.9836337901225568
1.0197620071168751,-0.19754446579883733,0.05657731126539871,-0.4018832202117115,-0.5452045464402442,"Yes",-1.080753533219374,1.0807535332193738,-0.9816679202752047,0.9816679202752049,1.5052261897644954,-0.6001530417063533,-0.4666998712158976,-0.28665106169144244,-0.4587407756823103,1.7084048287286975,-0.4635210479006337,-0.6171176987768593,-0.4571440177477062,-1.473916066615929,1.473916066615929,1.3154878170174407,-0.4394588774981491,-0.4872228839185013,-0.45073946463777664,-0.35317776428217007,-0.4872228839185013,0.9836337901225568
-1.2385596381004766,1.0893901648124809,1.901489635137094,0.4872389483982698,1.6567524262586428,"Yes",0.9243550627349376,-0.9243550627349376,1.0176557462730738,-1.017655746273074,1.5052261897644954,-0.6001530417063533,-0.4666998712158976,-0.28665106169144244,-0.4587407756823103,-0.58475601520244,-0.4635210479006337,-0.6171176987768593,2.185306951892214,0.6777862204146242,-0.6777862204146242,-0.7594141025684279,-0.4394588774981491,-0.4872228839185013,2.2163579592543923,-0.35317776428217007,-0.4872228839185013,0.9836337901225568
-1.620058160479029,1.0893901648124809,1.2865188605131956,1.376361117008251,0.07134340591544414,"Yes",-1.080753533219374,1.0807535332193738,1.0176557462730738,-1.017655746273074,-0.6636876283399649,-0.6001530417063533,2.1405619791522454,-0.28665106169144244,-0.4587407756823103,-0.58475601520244,-0.4635210479006337,1.6188159924436452,-0.4571440177477062,-1.473916066615929,1.473916066615929,-0.7594141025684279,-0.4394588774981491,-0.4872228839185013,2.2163579592543923,-0.35317776428217007,-0.4872228839185013,0.9836337901225568
0.32296617653722526,0.1241891918539922,-1.173364237982398,-1.2910053888216928,-0.36904798862433325,"No",-1.080753533219374,1.0807535332193738,1.0176557462730738,-1.017655746273074,-0.6636876283399649,-0.6001530417063533,-0.4666998712158976,-0.28665106169144244,2.1777004638711976,1.7084048287286975,-0.4635210479006337,-0.6171176987768593,-0.4571440177477062,-1.473916066615929,1.473916066615929,1.3154878170174407,-0.4394588774981491,-0.4872228839185013,-0.45073946463777664,-0.35317776428217007,-0.4872228839185013,0.9836337901225568
1.5129049500150333,0.44592284950682176,0.05657731126539871,0.4872389483982698,0.775969637179088,"No",0.9243550627349376,-0.9243550627349376,-0.9816679202752047,0.9816679202752049,-0.6636876283399649,-0.6001530417063533,-0.4666998712158976,3.48507343424859,-0.4587407756823103,1.7084048287286975,-0.4635210479006337,-0.6171176987768593,-0.4571440177477062,0.6777862204146242,-0.6777862204146242,-0.7594141025684279,-0.4394588774981491,-0.4872228839185013,-0.45073946463777664,2.8286038959175603,-0.4872228839185013,0.9836337901225568
-1.529358756874324,0.44592284950682176,-0.5583934633584997,-1.2910053888216928,-0.8975176620720662,"No",-1.080753533219374,1.0807535332193738,1.0176557462730738,-1.017655746273074,-0.6636876283399649,-0.6001530417063533,-0.4666998712158976,-0.28665106169144244,2.1777004638711976,-0.58475601520244,-0.4635210479006337,1.6188159924436452,-0.4571440177477062,0.6777862204146242,-0.6777862204146242,-0.7594141025684279,2.273250242860796,-0.4872228839185013,-0.45073946463777664,-0.35317776428217007,-0.4872228839185013,0.9836337901225568
0.435732651534415,0.44592284950682176,-1.173364237982398,-0.4018832202117115,-0.5452045464402442,"No",0.9243550627349376,-0.9243550627349376,-0.9816679202752047,0.9816679202752049,1.5052261897644954,-0.6001530417063533,-0.4666998712158976,-0.28665106169144244,-0.4587407756823103,-0.58475601520244,-0.4635210479006337,1.6188159924436452,-0.4571440177477062,-1.473916066615929,1.473916066615929,1.3154878170174407,-0.4394588774981491,-0.4872228839185013,-0.45073946463777664,-0.35317776428217007,-0.4872228839185013,0.9836337901225568
-0.8690296968161534,0.44592284950682176,1.2865188605131956,-0.4018832202117115,1.3044393106268208,"No",0.9243550627349376,-0.9243550627349376,1.0176557462730738,-1.017655746273074,1.5052261897644954,-0.6001530417063533,-0.4666998712158976,-0.28665106169144244,-0.4587407756823103,-0.58475601520244,-0.4635210479006337,-0.6171176987768593,2.185306951892214,-1.473916066615929,1.473916066615929,-0.7594141025684279,-0.4394588774981491,-0.4872228839185013,2.2163579592543923,-0.35317776428217007,-0.4872228839185013,0.9836337901225568
-0.4323634959563889,-0.5192781234516669,0.6715480858892972,-0.4018832202117115,-1.2498307777038882,"Yes",-1.080753533219374,1.0807535332193738,1.0176557462730738,-1.017655746273074,-0.6636876283399649,1.6645754175629042,-0.4666998712158976,-0.28665106169144244,-0.4587407756823103,-0.58475601520244,2.1552419345888225,-0.6171176987768593,-0.4571440177477062,0.6777862204146242,-0.6777862204146242,-0.7594141025684279,-0.4394588774981491,-0.4872228839185013,2.2163579592543923,-0.35317776428217007,-0.4872228839185013,0.9836337901225568
-0.9918946621115989,0.1241891918539922,-0.5583934633584997,-0.4018832202117115,0.3355782426393106,"Yes",0.9243550627349376,-0.9243550627349376,-0.9816679202752047,0.9816679202752049,1.5052261897644954,-0.6001530417063533,-0.4666998712158976,-0.28665106169144244,-0.4587407756823103,-0.58475601520244,-0.4635210479006337,1.6188159924436452,-0.4571440177477062,0.6777862204146242,-0.6777862204146242,1.3154878170174407,-0.4394588774981491,-0.4872228839185013,-0.45073946463777664,-0.35317776428217007,-0.4872228839185013,0.9836337901225568
-0.4534955219508871,-0.5192781234516669,1.2865188605131956,0.4872389483982698,-0.10481315190046682,"No",0.9243550627349376,-0.9243550627349376,1.0176557462730738,-1.017655746273074,-0.6636876283399649,-0.6001530417063533,2.1405619791522454,-0.28665106169144244,-0.4587407756823103,1.7084048287286975,-0.4635210479006337,-0.6171176987768593,-0.4571440177477062,0.6777862204146242,-0.6777862204146242,-0.7594141025684279,2.273250242860796,-0.4872228839185013,-0.45073946463777664,-0.35317776428217007,-0.4872228839185013,0.9836337901225568
-1.1370137078791267,0.44592284950682176,1.2865188605131956,-1.2910053888216928,-0.8094393831641107,"Yes",0.9243550627349376,-0.9243550627349376,1.0176557462730738,-1.017655746273074,-0.6636876283399649,-0.6001530417063533,-0.4666998712158976,-0.28665106169144244,2.1777004638711976,-0.58475601520244,-0.4635210479006337,1.6188159924436452,-0.4571440177477062,0.6777862204146242,-0.6777862204146242,-0.7594141025684279,2.273250242860796,-0.4872228839185013,-0.45073946463777664,-0.35317776428217007,-0.4872228839185013,0.9836337901225568
-1.2890520895917557,0.1241891918539922,-1.173364237982398,0.4872389483982698,-1.2498307777038882,"No",0.9243550627349376,-0.9243550627349376,1.0176557462730738,-1.017655746273074,-0.6636876283399649,1.6645754175629042,-0.4666998712158976,-0.28665106169144244,-0.4587407756823103,-0.58475601520244,-0.4635210479006337,1.6188159924436452,-0.4571440177477062,0.6777862204146242,-0.6777862204146242,-0.7594141025684279,-0.4394588774981491,2.0503963031570267,-0.45073946463777664,-0.35317776428217007,-0.4872228839185013,0.9836337901225568
0.3691574191977657,1.0893901648124809,1.901489635137094,-1.2910053888216928,0.2474999637313551,"Yes",0.9243550627349376,-0.9243550627349376,-0.9816679202752047,0.9816679202752049,-0.6636876283399649,-0.6001530417063533,-0.4666998712158976,-0.28665106169144244,2.1777004638711976,-0.58475601520244,-0.4635210479006337,1.6188159924436452,-0.4571440177477062,0.6777862204146242,-0.6777862204146242,1.3154878170174407,-0.4394588774981491,-0.4872228839185013,-0.45073946463777664,-0.35317776428217007,-0.4872228839185013,0.9836337901225568
0.04301358438002288,0.1241891918539922,-0.5583934633584997,-0.4018832202117115,0.07134340591544414,"Yes",0.9243550627349376,-0.9243550627349376,-0.9816679202752047,0.9816679202752049,-0.6636876283399649,1.6645754175629042,-0.4666998712158976,-0.28665106169144244,-0.4587407756823103,1.7084048287286975,-0.4635210479006337,-0.6171176987768593,-0.4571440177477062,0.6777862204146242,-0.6777862204146242,-0.7594141025684279,2.273250242860796,-0.4872228839185013,-0.45073946463777664,-0.35317776428217007,-0.4872228839185013,0.9836337901225568
0.6592085016532239,1.4111238224653104,0.6715480858892972,2.2654832856182323,0.07134340591544414,"No",-1.080753533219374,1.0807535332193738,-0.9816679202752047,0.9816679202752049,-0.6636876283399649,1.6645754175629042,-0.4666998712158976,-0.28665106169144244,-0.4587407756823103,-0.58475601520244,-0.4635210479006337,1.6188159924436452,-0.4571440177477062,-1.473916066615929,1.473916066615929,-0.7594141025684279,-0.4394588774981491,-0.4872228839185013,2.2163579592543923,-0.35317776428217007,-0.4872228839185013,0.9836337901225568
-0.6199336027925104,2.0545911377709696,0.05657731126539871,1.376361117008251,1.5686741473506873,"No",0.9243550627349376,-0.9243550627349376,1.0176557462730738,-1.017655746273074,1.5052261897644954,-0.6001530417063533,-0.4666998712158976,-0.28665106169144244,-0.4587407756823103,-0.58475601520244,-0.4635210479006337,-0.6171176987768593,2.185306951892214,0.6777862204146242,-0.6777862204146242,-0.7594141025684279,-0.4394588774981491,2.0503963031570267,-0.45073946463777664,-0.35317776428217007,-0.4872228839185013,0.9836337901225568
-0.5896381318977431,0.1241891918539922,0.05657731126539871,0.4872389483982698,0.952126194994999,"No",0.9243550627349376,-0.9243550627349376,-0.9816679202752047,0.9816679202752049,-0.6636876283399649,1.6645754175629042,-0.4666998712158976,-0.28665106169144244,-0.4587407756823103,-0.58475601520244,-0.4635210479006337,1.6188159924436452,-0.4571440177477062,0.6777862204146242,-0.6777862204146242,-0.7594141025684279,-0.4394588774981491,-0.4872228839185013,-0.45073946463777664,2.8286038959175603,-0.4872228839185013,0.9836337901225568
-0.7403674500531907,1.0893901648124809,1.901489635137094,0.4872389483982698,1.9209872629825093,"Yes",0.9243550627349376,-0.9243550627349376,1.0176557462730738,-1.017655746273074,1.5052261897644954,-0.6001530417063533,-0.4666998712158976,-0.28665106169144244,-0.4587407756823103,-0.58475601520244,-0.4635210479006337,-0.6171176987768593,2.185306951892214,0.6777862204146242,-0.6777862204146242,-0.7594141025684279,-0.4394588774981491,-0.4872228839185013,2.2163579592543923,-0.35317776428217007,-0.4872228839185013,0.9836337901225568
1.3965853025054944,0.44592284950682176,1.2865188605131956,-0.4018832202117115,1.0402044739029543,"No",-1.080753533219374,1.0807535332193738,-0.9816679202752047,0.9816679202752049,-0.6636876283399649,1.6645754175629042,-0.4666998712158976,-0.28665106169144244,-0.4587407756823103,-0.58475601520244,-0.4635210479006337,1.6188159924436452,-0.4571440177477062,0.6777862204146242,-0.6777862204146242,-0.7594141025684279,-0.4394588774981491,-0.4872228839185013,-0.45073946463777664,2.8286038959175603,-0.4872228839185013,0.9836337901225568
1.4568022261358344,-0.19754446579883733,0.6715480858892972,-0.4018832202117115,-0.36904798862433325,"No",-1.080753533219374,1.0807535332193738,1.0176557462730738,-1.017655746273074,1.5052261897644954,-0.6001530417063533,-0.4666998712158976,-0.28665106169144244,-0.4587407756823103,1.7084048287286975,-0.4635210479006337,-0.6171176987768593,-0.4571440177477062,-1.473916066615929,1.473916066615929,1.3154878170174407,-0.4394588774981491,-0.4872228839185013,-0.45073946463777664,-0.35317776428217007,-0.4872228839185013,0.9836337901225568
0.7203604706815506,-0.19754446579883733,-1.173364237982398,-1.2910053888216928,-0.9855959409800217,"Yes",0.9243550627349376,-0.9243550627349376,1.0176557462730738,-1.017655746273074,-0.6636876283399649,-0.6001530417063533,-0.4666998712158976,-0.28665106169144244,2.1777004638711976,1.7084048287286975,-0.4635210479006337,-0.6171176987768593,-0.4571440177477062,0.6777862204146242,-0.6777862204146242,-0.7594141025684279,-0.4394588774981491,-0.4872228839185013,2.2163579592543923,-0.35317776428217007,-0.4872228839185013,0.9836337901225568
-0.17840516586321534,0.7676565071596513,0.6715480858892972,-0.4018832202117115,1.0402044739029543,"No",0.9243550627349376,-0.9243550627349376,-0.9816679202752047,0.9816679202752049,1.5052261897644954,-0.6001530417063533,-0.4666998712158976,-0.28665106169144244,-0.4587407756823103,-0.58475601520244,-0.4635210479006337,-0.6171176987768593,2.185306951892214,0.6777862204146242,-0.6777862204146242,-0.7594141025684279,-0.4394588774981491,-0.4872228839185013,2.2163579592543923,-0.35317776428217007,-0.4872228839185013,0.9836337901225568
-0.3061323672281914,-0.8410117811044965,-1.173364237982398,0.4872389483982698,-1.5140656144277544,"No",-1.080753533219374,1.0807535332193738,-0.9816679202752047,0.9816679202752049,-0.6636876283399649,-0.6001530417063533,-0.4666998712158976,3.48507343424859,-0.4587407756823103,-0.58475601520244,2.1552419345888225,-0.6171176987768593,-0.4571440177477062,-1.473916066615929,1.473916066615929,-0.7594141025684279,-0.4394588774981491,2.0503963031570267,-0.45073946463777664,-0.35317776428217007,-0.4872228839185013,0.9836337901225568
1.6963608571000135,0.1241891918539922,-1.173364237982398,-1.2910053888216928,-0.45712626753228874,"No",0.9243550627349376,-0.9243550627349376,-0.9816679202752047,0.9816679202752049,-0.6636876283399649,-0.6001530417063533,-0.4666998712158976,-0.28665106169144244,2.1777004638711976,-0.58475601520244,-0.4635210479006337,1.6188159924436452,-0.4571440177477062,-1.473916066615929,1.473916066615929,1.3154878170174407,-0.4394588774981491,-0.4872228839185013,-0.45073946463777664,-0.35317776428217007,-0.4872228839185013,0.9836337901225568
1.2361315122109855,0.1241891918539922,-1.173364237982398,0.4872389483982698,-1.1617524987959327,"No",0.9243550627349376,-0.9243550627349376,1.0176557462730738,-1.017655746273074,-0.6636876283399649,1.6645754175629042,-0.4666998712158976,-0.28665106169144244,-0.4587407756823103,1.7084048287286975,-0.4635210479006337,-0.6171176987768593,-0.4571440177477062,0.6777862204146242,-0.6777862204146242,-0.7594141025684279,-0.4394588774981491,2.0503963031570267,-0.45073946463777664,-0.35317776428217007,-0.4872228839185013,0.9836337901225568
-1.453807088717003,0.1241891918539922,0.05657731126539871,0.4872389483982698,0.5998130793631771,"No",-1.080753533219374,1.0807535332193738,1.0176557462730738,-1.017655746273074,-0.6636876283399649,-0.6001530417063533,-0.4666998712158976,3.48507343424859,-0.4587407756823103,1.7084048287286975,-0.4635210479006337,-0.6171176987768593,-0.4571440177477062,-1.473916066615929,1.473916066615929,-0.7594141025684279,-0.4394588774981491,-0.4872228839185013,2.2163579592543923,-0.35317776428217007,-0.4872228839185013,0.9836337901225568
-0.9498176192021998,-0.8410117811044965,-0.5583934633584997,-0.4018832202117115,0.6878913582711325,"No",0.9243550627349376,-0.9243550627349376,1.0176557462730738,-1.017655746273074,-0.6636876283399649,-0.6001530417063533,2.1405619791522454,-0.28665106169144244,-0.4587407756823103,-0.58475601520244,2.1552419345888225,-0.6171176987768593,-0.4571440177477062,0.6777862204146242,-0.6777862204146242,-0.7594141025684279,-0.4394588774981491,2.0503963031570267,-0.45073946463777664,-0.35317776428217007,-0.4872228839185013,0.9836337901225568
-1.53945724717258,0.1241891918539922,-0.5583934633584997,-0.4018832202117115,0.2474999637313551,"No",0.9243550627349376,-0.9243550627349376,-0.9816679202752047,0.9816679202752049,-0.6636876283399649,1.6645754175629042,-0.4666998712158976,-0.28665106169144244,-0.4587407756823103,1.7084048287286975,-0.4635210479006337,-0.6171176987768593,-0.4571440177477062,-1.473916066615929,1.473916066615929,1.3154878170174407,-0.4394588774981491,-0.4872228839185013,-0.45073946463777664,-0.35317776428217007,-0.4872228839185013,0.9836337901225568
-0.46826923923907615,0.44592284950682176,0.6715480858892972,0.4872389483982698,0.775969637179088,"Yes",0.9243550627349376,-0.9243550627349376,-0.9816679202752047,0.9816679202752049,-0.6636876283399649,-0.6001530417063533,-0.4666998712158976,-0.28665106169144244,2.1777004638711976,-0.58475601520244,-0.4635210479006337,-0.6171176987768593,2.185306951892214,0.6777862204146242,-0.6777862204146242,-0.7594141025684279,-0.4394588774981491,2.0503963031570267,-0.45073946463777664,-0.35317776428217007,-0.4872228839185013,0.9836337901225568
0.12959878823358648,0.44592284950682176,0.6715480858892972,-1.2910053888216928,-0.8094393831641107,"Yes",0.9243550627349376,-0.9243550627349376,-0.9816679202752047,0.9816679202752049,-0.6636876283399649,-0.6001530417063533,-0.4666998712158976,-0.28665106169144244,2.1777004638711976,-0.58475601520244,-0.4635210479006337,1.6188159924436452,-0.4571440177477062,0.6777862204146242,-0.6777862204146242,1.3154878170174407,-0.4394588774981491,-0.4872228839185013,-0.45073946463777664,-0.35317776428217007,-0.4872228839185013,0.9836337901225568
1.503180477875972,0.1241891918539922,0.6715480858892972,0.4872389483982698,1.9209872629825093,"No",0.9243550627349376,-0.9243550627349376,1.0176557462730738,-1.017655746273074,1.5052261897644954,-0.6001530417063533,-0.4666998712158976,-0.28665106169144244,-0.4587407756823103,-0.58475601520244,-0.4635210479006337,-0.6171176987768593,2.185306951892214,0.6777862204146242,-0.6777862204146242,-0.7594141025684279,-0.4394588774981491,-0.4872228839185013,-0.45073946463777664,2.8286038959175603,-0.4872228839185013,0.9836337901225568
-0.04207554683676207,0.7676565071596513,1.2865188605131956,0.4872389483982698,1.8329089840745538,"No",-1.080753533219374,1.0807535332193738,1.0176557462730738,-1.017655746273074,-0.6636876283399649,-0.6001530417063533,-0.4666998712158976,-0.28665106169144244,2.1777004638711976,-0.58475601520244,-0.4635210479006337,-0.6171176987768593,2.185306951892214,0.6777862204146242,-0.6777862204146242,-0.7594141025684279,-0.4394588774981491,2.0503963031570267,-0.45073946463777664,-0.35317776428217007,-0.4872228839185013,0.9836337901225568
-0.4705133481942441,0.7676565071596513,1.901489635137094,1.376361117008251,0.07134340591544414,"No",0.9243550627349376,-0.9243550627349376,-0.9816679202752047,0.9816679202752049,-0.6636876283399649,1.6645754175629042,-0.4666998712158976,-0.28665106169144244,-0.4587407756823103,-0.58475601520244,-0.4635210479006337,1.6188159924436452,-0.4571440177477062,0.6777862204146242,-0.6777862204146242,-0.7594141025684279,-0.4394588774981491,2.0503963031570267,-0.45073946463777664,-0.35317776428217007,-0.4872228839185013,0.9836337901225568
-0.4916453741887424,-0.5192781234516669,-1.173364237982398,-0.4018832202117115,-1.1617524987959327,"No",-1.080753533219374,1.0807535332193738,-0.9816679202752047,0.9816679202752049,-0.6636876283399649,-0.6001530417063533,2.1405619791522454,-0.28665106169144244,-0.4587407756823103,1.7084048287286975,-0.4635210479006337,-0.6171176987768593,-0.4571440177477062,0.6777862204146242,-0.6777862204146242,-0.7594141025684279,-0.4394588774981491,2.0503963031570267,-0.45073946463777664,-0.35317776428217007,-0.4872228839185013,0.9836337901225568
-0.2565749611348991,0.7676565071596513,0.6715480858892972,1.376361117008251,-0.36904798862433325,"Yes",-1.080753533219374,1.0807535332193738,1.0176557462730738,-1.017655746273074,1.5052261897644954,-0.6001530417063533,-0.4666998712158976,-0.28665106169144244,-0.4587407756823103,1.7084048287286975,-0.4635210479006337,-0.6171176987768593,-0.4571440177477062,0.6777862204146242,-0.6777862204146242,-0.7594141025684279,-0.4394588774981491,-0.4872228839185013,-0.45073946463777664,2.8286038959175603,-0.4872228839185013,0.9836337901225568
-0.7450426770431239,1.73285748011814,1.901489635137094,2.2654832856182323,0.1594216848233996,"No",0.9243550627349376,-0.9243550627349376,-0.9816679202752047,0.9816679202752049,-0.6636876283399649,1.6645754175629042,-0.4666998712158976,-0.28665106169144244,-0.4587407756823103,-0.58475601520244,-0.4635210479006337,1.6188159924436452,-0.4571440177477062,0.6777862204146242,-0.6777862204146242,-0.7594141025684279,2.273250242860796,-0.4872228839185013,-0.45073946463777664,-0.35317776428217007,-0.4872228839185013,0.9836337901225568
1.6193131163059138,-0.5192781234516669,0.05657731126539871,-0.4018832202117115,0.2474999637313551,"Yes",-1.080753533219374,1.0807535332193738,-0.9816679202752047,0.9816679202752049,-0.6636876283399649,1.6645754175629042,-0.4666998712158976,-0.28665106169144244,-0.4587407756823103,-0.58475601520244,2.1552419345888225,-0.6171176987768593,-0.4571440177477062,-1.473916066615929,1.473916066615929,-0.7594141025684279,-0.4394588774981491,-0.4872228839185013,2.2163579592543923,-0.35317776428217007,-0.4872228839185013,0.9836337901225568
-1.6264164691853382,2.376324795423799,0.05657731126539871,0.4872389483982698,-0.2809697097163778,"No",0.9243550627349376,-0.9243550627349376,-0.9816679202752047,0.9816679202752049,-0.6636876283399649,-0.6001530417063533,-0.4666998712158976,-0.28665106169144244,2.1777004638711976,-0.58475601520244,-0.4635210479006337,-0.6171176987768593,2.185306951892214,0.6777862204146242,-0.6777862204146242,1.3154878170174407,-0.4394588774981491,-0.4872228839185013,-0.45073946463777664,-0.35317776428217007,-0.4872228839185013,0.9836337901225568
0.9690825465459989,0.1241891918539922,0.05657731126539871,0.4872389483982698,0.3355782426393106,"Yes",0.9243550627349376,-0.9243550627349376,-0.9816679202752047,0.9816679202752049,-0.6636876283399649,-0.6001530417063533,2.1405619791522454,-0.28665106169144244,-0.4587407756823103,-0.58475601520244,-0.4635210479006337,1.6188159924436452,-0.4571440177477062,-1.473916066615929,1.473916066615929,-0.7594141025684279,-0.4394588774981491,-0.4872228839185013,2.2163579592543923,-0.35317776428217007,-0.4872228839185013,0.9836337901225568
-1.1306553991728174,-0.19754446579883733,1.2865188605131956,0.4872389483982698,-0.1928914308084223,"No",-1.080753533219374,1.0807535332193738,1.0176557462730738,-1.017655746273074,1.5052261897644954,-0.6001530417063533,-0.4666998712158976,-0.28665106169144244,-0.4587407756823103,1.7084048287286975,-0.4635210479006337,-0.6171176987768593,-0.4571440177477062,0.6777862204146242,-0.6777862204146242,1.3154878170174407,-0.4394588774981491,-0.4872228839185013,-0.45073946463777664,-0.35317776428217007,-0.4872228839185013,0.9836337901225568
0.699041435607455,-0.5192781234516669,1.901489635137094,2.2654832856182323,1.3925175895347763,"Yes",-1.080753533219374,1.0807535332193738,-0.9816679202752047,0.9816679202752049,-0.6636876283399649,-0.6001530417063533,2.1405619791522454,-0.28665106169144244,-0.4587407756823103,-0.58475601520244,-0.4635210479006337,1.6188159924436452,-0.4571440177477062,0.6777862204146242,-0.6777862204146242,-0.7594141025684279,-0.4394588774981491,-0.4872228839185013,-0.45073946463777664,2.8286038959175603,-0.4872228839185013,0.9836337901225568
1.684205266926187,0.1241891918539922,0.6715480858892972,0.4872389483982698,1.9209872629825093,"No",-1.080753533219374,1.0807535332193738,1.0176557462730738,-1.017655746273074,-0.6636876283399649,-0.6001530417063533,-0.4666998712158976,-0.28665106169144244,2.1777004638711976,-0.58475601520244,-0.4635210479006337,-0.6171176987768593,2.185306951892214,0.6777862204146242,-0.6777862204146242,-0.7594141025684279,-0.4394588774981491,-0.4872228839185013,-0.45073946463777664,2.8286038959175603,-0.4872228839185013,0.9836337901225568
0.516894592079656,0.44592284950682176,1.901489635137094,0.4872389483982698,1.6567524262586428,"No",0.9243550627349376,-0.9243550627349376,-0.9816679202752047,0.9816679202752049,1.5052261897644954,-0.6001530417063533,-0.4666998712158976,-0.28665106169144244,-0.4587407756823103,-0.58475601520244,-0.4635210479006337,-0.6171176987768593,2.185306951892214,0.6777862204146242,-0.6777862204146242,-0.7594141025684279,-0.4394588774981491,-0.4872228839185013,-0.45073946463777664,2.8286038959175603,-0.4872228839185013,0.9836337901225568
1.7145007378209545,0.1241891918539922,1.2865188605131956,1.376361117008251,-0.1928914308084223,"No",0.9243550627349376,-0.9243550627349376,-0.9816679202752047,0.9816679202752049,1.5052261897644954,-0.6001530417063533,-0.4666998712158976,-0.28665106169144244,-0.4587407756823103,1.7084048287286975,-0.4635210479006337,-0.6171176987768593,-0.4571440177477062,-1.473916066615929,1.473916066615929,-0.7594141025684279,-0.4394588774981491,-0.4872228839185013,-0.45073946463777664,2.8286038959175603,-0.4872228839185013,0.9836337901225568
-1.0536076583787177,-0.8410117811044965,-1.173364237982398,0.4872389483982698,-1.60214389333571,"No",-1.080753533219374,1.0807535332193738,1.0176557462730738,-1.017655746273074,-0.6636876283399649,-0.6001530417063533,2.1405619791522454,-0.28665106169144244,-0.4587407756823103,1.7084048287286975,-0.4635210479006337,-0.6171176987768593,-0.4571440177477062,-1.473916066615929,1.473916066615929,-0.7594141025684279,-0.4394588774981491,2.0503963031570267,-0.45073946463777664,-0.35317776428217007,-0.4872228839185013,0.9836337901225568
-0.15876921250549572,0.1241891918539922,-0.5583934633584997,-1.2910053888216928,-0.7213611042561552,"Yes",-1.080753533219374,1.0807535332193738,1.0176557462730738,-1.017655746273074,-0.6636876283399649,-0.6001530417063533,-0.4666998712158976,-0.28665106169144244,2.1777004638711976,-0.58475601520244,-0.4635210479006337,1.6188159924436452,-0.4571440177477062,0.6777862204146242,-0.6777862204146242,-0.7594141025684279,2.273250242860796,-0.4872228839185013,-0.45073946463777664,-0.35317776428217007,-0.4872228839185013,0.9836337901225568
0.5419538087456982,1.0893901648124809,0.05657731126539871,-1.2910053888216928,0.4236565215472661,"Yes",0.9243550627349376,-0.9243550627349376,-0.9816679202752047,0.9816679202752049,-0.6636876283399649,1.6645754175629042,-0.4666998712158976,-0.28665106169144244,-0.4587407756823103,-0.58475601520244,-0.4635210479006337,1.6188159924436452,-0.4571440177477062,-1.473916066615929,1.473916066615929,-0.7594141025684279,-0.4394588774981491,2.0503963031570267,-0.45073946463777664,-0.35317776428217007,-0.4872228839185013,0.9836337901225568
-1.6221152603545996,3.0197921107294583,-0.5583934633584997,1.376361117008251,-0.016734872992511342,"Yes",-1.080753533219374,1.0807535332193738,-0.9816679202752047,0.9816679202752049,-0.6636876283399649,1.6645754175629042,-0.4666998712158976,-0.28665106169144244,-0.4587407756823103,-0.58475601520244,-0.4635210479006337,1.6188159924436452,-0.4571440177477062,-1.473916066615929,1.473916066615929,1.3154878170174407,-0.4394588774981491,-0.4872228839185013,-0.45073946463777664,-0.35317776428217007,-0.4872228839185013,0.9836337901225568
-1.2155575213100052,0.7676565071596513,1.901489635137094,1.376361117008251,0.1594216848233996,"No",0.9243550627349376,-0.9243550627349376,-0.9816679202752047,0.9816679202752049,-0.6636876283399649,1.6645754175629042,-0.4666998712158976,-0.28665106169144244,-0.4587407756823103,-0.58475601520244,-0.4635210479006337,1.6188159924436452,-0.4571440177477062,0.6777862204146242,-0.6777862204146242,-0.7594141025684279,-0.4394588774981491,-0.4872228839185013,2.2163579592543923,-0.35317776428217007,-0.4872228839185013,0.9836337901225568
0.7040906807565829,0.1241891918539922,0.05657731126539871,0.4872389483982698,0.8640479160870435,"Yes",0.9243550627349376,-0.9243550627349376,-0.9816679202752047,0.9816679202752049,-0.6636876283399649,-0.6001530417063533,2.1405619791522454,-0.28665106169144244,-0.4587407756823103,-0.58475601520244,-0.4635210479006337,1.6188159924436452,-0.4571440177477062,0.6777862204146242,-0.6777862204146242,-0.7594141025684279,2.273250242860796,-0.4872228839185013,-0.45073946463777664,-0.35317776428217007,-0.4872228839185013,0.9836337901225568
1.6281025430469882,0.44592284950682176,1.2865188605131956,-1.2910053888216928,-0.8094393831641107,"Yes",-1.080753533219374,1.0807535332193738,-0.9816679202752047,0.9816679202752049,-0.6636876283399649,-0.6001530417063533,-0.4666998712158976,-0.28665106169144244,2.1777004638711976,-0.58475601520244,-0.4635210479006337,1.6188159924436452,-0.4571440177477062,0.6777862204146242,-0.6777862204146242,-0.7594141025684279,2.273250242860796,-0.4872228839185013,-0.45073946463777664,-0.35317776428217007,-0.4872228839185013,0.9836337901225568
-1.5254315662027802,0.1241891918539922,0.05657731126539871,-1.2910053888216928,-0.5452045464402442,"Yes",0.9243550627349376,-0.9243550627349376,-0.9816679202752047,0.9816679202752049,1.5052261897644954,-0.6001530417063533,-0.4666998712158976,-0.28665106169144244,-0.4587407756823103,1.7084048287286975,-0.4635210479006337,-0.6171176987768593,-0.4571440177477062,0.6777862204146242,-0.6777862204146242,1.3154878170174407,-0.4394588774981491,-0.4872228839185013,-0.45073946463777664,-0.35317776428217007,-0.4872228839185013,0.9836337901225568
-0.05647524596575645,1.4111238224653104,0.6715480858892972,1.376361117008251,-0.5452045464402442,"No",-1.080753533219374,1.0807535332193738,-0.9816679202752047,0.9816679202752049,1.5052261897644954,-0.6001530417063533,-0.4666998712158976,-0.28665106169144244,-0.4587407756823103,-0.58475601520244,-0.4635210479006337,-0.6171176987768593,2.185306951892214,-1.473916066615929,1.473916066615929,-0.7594141025684279,-0.4394588774981491,-0.4872228839185013,2.2163579592543923,-0.35317776428217007,-0.4872228839185013,0.9836337901225568
-1.4670847333684134,0.1241891918539922,0.6715480858892972,0.4872389483982698,0.775969637179088,"Yes",-1.080753533219374,1.0807535332193738,-0.9816679202752047,0.9816679202752049,-0.6636876283399649,-0.6001530417063533,2.1405619791522454,-0.28665106169144244,-0.4587407756823103,-0.58475601520244,-0.4635210479006337,1.6188159924436452,-0.4571440177477062,0.6777862204146242,-0.6777862204146242,-0.7594141025684279,-0.4394588774981491,-0.4872228839185013,-0.45073946463777664,2.8286038959175603,-0.4872228839185013,0.9836337901225568
